<?xml version="1.0" encoding="UTF-8"?>
<COLLADA xmlns="http://www.collada.org/2005/11/COLLADASchema" version="1.4.1">
  <asset>
    <contributor>
      <author />
      <authoring_tool>Rhinoceros 9.0.26132.12305</authoring_tool>
      <comments>Output from Rhinoceros COLLADA Exporter</comments>
      <copyright />
      <source_data />
    </contributor>
    <created>2026-05-20T19:42:58Z</created>
    <modified>2026-05-20T19:42:58Z</modified>
    <unit meter="0.001" name="Millimeters" />
    <up_axis>Z_UP</up_axis>
  </asset>
  <library_cameras>
    <camera id="Camera-Perspective" name="Camera-Perspective">
      <optics>
        <technique_common>
          <perspective>
            <xfov>45.743073</xfov>
            <aspect_ratio>1.757630</aspect_ratio>
            <znear>517.166218</znear>
            <zfar>2598.429327</zfar>
          </perspective>
        </technique_common>
      </optics>
    </camera>
    <camera id="Camera-Top" name="Camera-Top">
      <optics>
        <technique_common>
          <orthographic>
            <xmag>1.0</xmag>
            <aspect_ratio>1.770197</aspect_ratio>
            <znear>7514.465386</znear>
            <zfar>8272.371404</zfar>
          </orthographic>
        </technique_common>
      </optics>
    </camera>
    <camera id="Camera-Front" name="Camera-Front">
      <optics>
        <technique_common>
          <orthographic>
            <xmag>1.0</xmag>
            <aspect_ratio>1.783002</aspect_ratio>
            <znear>9073.947294</znear>
            <zfar>10228.956073</zfar>
          </orthographic>
        </technique_common>
      </optics>
    </camera>
    <camera id="Camera-Right" name="Camera-Right">
      <optics>
        <technique_common>
          <orthographic>
            <xmag>1.0</xmag>
            <aspect_ratio>1.770344</aspect_ratio>
            <znear>3819.323616</znear>
            <zfar>10910.502145</zfar>
          </orthographic>
        </technique_common>
      </optics>
    </camera>
  </library_cameras>
  <library_materials>
    <material id="a0000000-0000-0000-0000-000000000000">
      <instance_effect url="#fx-a0000000-0000-0000-0000-000000000000" />
    </material>
  </library_materials>
  <library_effects>
    <effect id="fx-a0000000-0000-0000-0000-000000000000">
      <profile_COMMON>
        <technique sid="common">
          <phong>
            <emission>
              <color>0.000000 0.000000 0.000000 1.000000</color>
            </emission>
            <ambient>
              <color>0.000000 0.000000 0.000000 1.000000</color>
            </ambient>
            <diffuse>
              <color>0.980392 0.980392 0.980392 1.000000</color>
            </diffuse>
            <specular>
              <color>1.000000 1.000000 1.000000 1.000000</color>
            </specular>
            <reflective>
              <color>1.000000 1.000000 1.000000 1.000000</color>
            </reflective>
            <reflectivity>
              <float>1.000000</float>
            </reflectivity>
            <transparent>
              <color>1.000000 1.000000 1.000000 1.000000</color>
            </transparent>
            <transparency>
              <float>1.000000</float>
            </transparency>
            <index_of_refraction>
              <float>0.000000</float>
            </index_of_refraction>
          </phong>
        </technique>
      </profile_COMMON>
      <extra>
        <technique profile="Rhino">
          <appearance_hash>2282175632</appearance_hash>
        </technique>
      </extra>
    </effect>
  </library_effects>
  <library_geometries>
    <geometry id="mesh-a847f861-944f-42a6-ae69-bf44e1395a78">
      <mesh>
        <source id="lib-position-a847f861-944f-42a6-ae69-bf44e1395a78" name="position">
          <float_array id="lib-position-array-a847f861-944f-42a6-ae69-bf44e1395a78" count="5931" digits="17" magnitude="308">393 -313.6046142578125 -60.899993896484375 412.1689453125 -313.6046142578125 -60.899993896484375 393 -297.3022155761719 -56.326385498046875 425.36199951171875 -297.39593505859375 -56.343719482421875 370 353 -81.33270263671875 370 336.490966796875 -70.93948364257812 370 318.61566162109375 -62.716461181640625 370 299.8178405761719 -56.90386962890625 422.62841796875 300.82781982421875 -57.141143798828125 406.715576171875 320.054443359375 -63.275604248046875 390.60693359375 338.3155212402344 -71.94473266601562 374.56524658203125 355.4273986816406 -83.12872314453125 150.1773681640625 -517.4633178710938 0 208.53704833984375 -486.30853271484375 0 264.0662841796875 -450.3505554199219 0 316.37066650390625 -409.8447570800781 0 365.07879638671875 -365.0788269042969 0 409.8447265625 -316.3706970214844 0 450.35052490234375 -264.0662841796875 0 486.3084716796875 -208.53704833984375 0 517.4632568359375 -150.17738342285156 0 -150.17739868164062 517.4633178710938 0 -205.01617431640625 488.3710021972656 0 -257.3846740722656 455.036376953125 0 -306.95538330078125 417.6679382324219 0 -353.4183349609375 376.4993591308594 0 -396.48291015625 331.7880859375 0 -435.87982177734375 283.813720703125 0 150.1773681640625 517.4633178710938 0 100.21160888671875 521.6488037109375 0 50.1337890625 524.1619873046875 0 0 525 0 -50.1337890625 524.1619873046875 0 -100.21157836914062 521.6488037109375 0 517.4632568359375 150.17738342285156 0 486.3084716796875 208.53704833984375 0 450.35052490234375 264.0662841796875 0 409.8447265625 316.3706970214844 0 365.07879638671875 365.0788269042969 0 316.37066650390625 409.8447570800781 0 264.0662841796875 450.3505554199219 0 208.53704833984375 486.30853271484375 0 -150.17739868164062 -517.4633178710938 0 -100.21157836914062 -521.6488037109375 0 -50.1337890625 -524.1619873046875 0 0 -525 0 50.1337890625 -524.1619873046875 0 100.21160888671875 -521.6488037109375 0 521.6488037109375 -100.21157836914062 0 524.1619873046875 -50.1338005065918 0 525 6.182832024137497E-13 0 524.1619873046875 50.1338005065918 0 521.6488037109375 100.21157836914062 0 -517.4633178710938 150.17738342285156 0 -521.6488037109375 100.21157836914062 0 -524.1619873046875 50.1338005065918 0 -525 7.319700401353657E-13 0 -524.1619873046875 -50.1338005065918 0 -521.6488037109375 -100.21157836914062 0 -517.4633178710938 -150.17738342285156 0 -486.30853271484375 -208.53704833984375 0 -450.3505554199219 -264.0662841796875 0 -409.8447570800781 -316.3706970214844 0 -365.0788269042969 -365.0788269042969 0 -316.37066650390625 -409.8447570800781 0 -264.0662841796875 -450.3505554199219 0 -208.53704833984375 -486.30853271484375 0 -475.65216064453125 226.09158325195312 0 -490.5179748535156 201.30584716796875 0 -504.4613342285156 175.98968505859375 0 -454.0730895996094 253.78619384765625 0 -565.9967651367188 -373 -435 -570.22216796875 -405 -314 -569.3491821289062 -405 -339 -569.3491821289062 -373 -339 -565.9967651367188 -457.98822021484375 -435 -574.7619018554688 -520 -184 -575.4458618164062 -513.4710693359375 -164.4132843017578 -575.6829833984375 -481.2179260253906 -157.62266540527344 -575.93505859375 -449.0632019042969 -150.40403747558594 -576.2002563476562 -416.9946594238281 -142.810791015625 -576.4766235351562 -385 -134.8963165283203 -575.14599609375 -385 -173 -575.14599609375 -426 -173 -573.7492065429688 -426 -213 -573.7492065429688 -373 -213 -570.22216796875 -373 -314 -569.3491821289062 -373 -339 -565.9967651367188 -373 -435 -327 -373 -339 -327 -373 -370.41180419921875 -328.51434326171875 -373 -379 -440 -373 -379 -442.9348449707031 -373 -435 -565.9967651367188 373 -435 -569.3491821289062 405 -339 -570.22216796875 405 -314 -570.22216796875 373 -314 -573.7492065429688 373 -213 -573.7492065429688 426 -213 -575.14599609375 426 -173 -575.14599609375 385 -173 -576.4766235351562 385 -134.8963165283203 -576.2002563476562 416.9946594238281 -142.810791015625 -575.93505859375 449.0632019042969 -150.40403747558594 -575.6829833984375 481.2179260253906 -157.62266540527344 -575.4458618164062 513.4710693359375 -164.4132843017578 -574.7619018554688 520 -184 -565.9967651367188 457.98822021484375 -435 -569.3491821289062 373 -339 -569.3491821289062 373 -339 -565.9967651367188 373 -435 -327 373 -339 -442.9348449707031 373 -435 -440 373 -379 -328.51434326171875 373 -379 -327 373 -370.41180419921875 321.46124267578125 378.53875732421875 -339 327 373 -370.41180419921875 327 373 -339 -327 373 -370.41180419921875 -327 373 -339 -321.46124267578125 378.53875732421875 -339 -321.46124267578125 -378.53875732421875 -339 -327 -373 -370.41180419921875 -327 -373 -339 327 -373 -370.41180419921875 327 -373 -339 321.46124267578125 -378.53875732421875 -339 569.34912109375 -373 -339 327 -373 -339 327 -373 -370.41180419921875 565.996826171875 -373 -435 442.934814453125 -373 -435 440 -373 -379 328.51434326171875 -373 -379 327 373 -339 569.34912109375 373 -339 327 373 -370.41180419921875 328.51434326171875 373 -379 440 373 -379 442.934814453125 373 -435 565.996826171875 373 -435 401.581787109375 -326 -65.7705078125 397.2908935546875 -326 -65.7705078125 393 -332.7915344238281 -69 395.588623046875 -332.7915344238281 -69 393 -326 -65.7705078125 393 -329.416015625 -67.34268188476562 398.5809326171875 -329.4203186035156 -67.3447265625 393 -326 -65.7705078125 393 -332.7915344238281 -69 393 -326 -69 393 -329.416015625 -67.34268188476562 380 -91 -49 380 -14 -49 380 -91 -60.899993896484375 380 -14 -60.899993896484375 260 440 -274 260 440 -24 -260 440 -274 -260 440 -24 178.53875732421875 440 -209 -178.53875732421875 440 -209 190 440 -274 -190 440 -274 -260 -440 -173 260 -440 -173 -260 -440 -274 260 -440 -274 -178.53875732421875 -440 -209 178.53875732421875 -440 -209 -190 -440 -274 190 -440 -274 -178.53875732421875 -462.7618713378906 -209 178.53875732421875 -462.7618713378906 -209 -154.35824584960938 -467.55072021484375 -71.865478515625 154.35821533203125 -467.55072021484375 -71.865478515625 132.0745849609375 -468 -59 -132.07455444335938 -468 -59 -178.53875732421875 464.7618713378906 -209 178.53875732421875 464.7618713378906 -209 -154.35824584960938 469.55072021484375 -71.865478515625 -132.07455444335938 470 -59 132.0745849609375 470 -59 154.35821533203125 469.55072021484375 -71.865478515625 517.4632568359375 -150.17738342285156 0 150.1773681640625 -517.4633178710938 0 401.581787109375 -326 -65.7705078125 401.581787109375 -326 -60.899993896484375 412.1689453125 -313.6046142578125 -60.899993896484375 425.36199951171875 -297.39593505859375 -56.343719482421875 438.30859375 -280.5882263183594 -53.619171142578125 517.4632568359375 -150.17738342285156 -43.17974853515625 486.3084716796875 -208.53704833984375 0 450.35052490234375 -264.0662841796875 0 409.8447265625 -316.3706970214844 0 365.07879638671875 -365.0788269042969 0 316.37066650390625 -409.8447570800781 0 264.0662841796875 -450.3505554199219 0 208.53704833984375 -486.30853271484375 0 150.1773681640625 -517.4633178710938 -34.725830078125 150.1773681640625 -517.4633178710938 -69.45169067382812 235 -470 -34 277.75335693359375 -440.4219055175781 -34 318.4552001953125 -408.078857421875 -34 356.927001953125 -373.1126708984375 -34 393 -335.67669677734375 -34 393 -335.67669677734375 -69 395.588623046875 -332.7915344238281 -69 398.5809326171875 -329.4203186035156 -67.3447265625 199.81903076171875 -491.3707580566406 -98.11228942871094 217.5218505859375 -480.9328918457031 -66.79864501953125 460.46697998046875 -249.4607391357422 -50.548431396484375 481.046630859375 -217.35223388671875 -47.76190185546875 500.0458984375 -184.25900268554688 -45.294158935546875 -150.17739868164062 517.4633178710938 0 -435.87982177734375 283.813720703125 0 -396.48291015625 331.7880859375 0 -353.4183349609375 376.4993591308594 0 -306.95538330078125 417.6679382324219 0 -257.3846740722656 455.036376953125 0 -205.01617431640625 488.3710021972656 0 -150.17739868164062 517.4633178710938 -34.725830078125 -150.17739868164062 517.4633178710938 -69.45169067382812 -235 470 -34 -273.4233093261719 443.6117248535156 -34 -310.21270751953125 414.9894714355469 -34 -345.2384338378906 384.234130859375 -34 -378.37701416015625 351.4541320800781 -34 -378.37701416015625 351.4541320800781 -80.22769165039062 -393.07562255859375 335.59075927734375 -70.45492553710938 -407.78106689453125 318.80523681640625 -62.789154052734375 -422.3206787109375 301.2115478515625 -57.23828125 -436.68194580078125 282.7522888183594 -53.861175537109375 -436.2637634277344 283.30615234375 -34 -438.58062744140625 280.2248229980469 -34 -440.88232421875 277.1321716308594 -34 -199.81903076171875 491.3707580566406 -98.11228942871094 -217.5218505859375 480.9328918457031 -66.79864501953125 -150.17739868164062 517.4633178710938 -69.45169067382812 -150.17739868164062 517.4633178710938 -34.725830078125 -150.17739868164062 517.4633178710938 0 -100.21157836914062 521.6488037109375 0 -50.1337890625 524.1619873046875 0 0 525 0 50.1337890625 524.1619873046875 0 100.21160888671875 521.6488037109375 0 150.1773681640625 517.4633178710938 0 150.1773681640625 517.4633178710938 -34.725830078125 132.0745849609375 519.1741333007812 -59 79.31048583984375 522.9017944335938 -59 26.44781494140625 524.766845703125 -59 -26.44781494140625 524.766845703125 -59 -79.31048583984375 522.9017944335938 -59 -132.07455444335938 519.1741333007812 -59 150.1773681640625 517.4633178710938 -69.45169067382812 150.1773681640625 517.4633178710938 0 517.4632568359375 150.17738342285156 0 150.1773681640625 517.4633178710938 -69.45169067382812 150.1773681640625 517.4633178710938 -34.725830078125 438.30859375 280.5882263183594 -53.619171142578125 422.62841796875 300.82781982421875 -57.141143798828125 406.715576171875 320.054443359375 -63.275604248046875 390.60693359375 338.3155212402344 -71.94473266601562 374.56524658203125 355.4273986816406 -83.12872314453125 374.56524658203125 355.4273986816406 -34 342.21026611328125 387.04180908203125 -34 308.08795166015625 416.739990234375 -34 272.31158447265625 444.4233703613281 -34 235 470 -34 208.53704833984375 486.30853271484375 0 264.0662841796875 450.3505554199219 0 316.37066650390625 409.8447570800781 0 365.07879638671875 365.0788269042969 0 409.8447265625 316.3706970214844 0 450.35052490234375 264.0662841796875 0 486.3084716796875 208.53704833984375 0 517.4632568359375 150.17738342285156 -43.17974853515625 495.5274658203125 192.4618682861328 -45.8682861328125 217.5218505859375 480.9328918457031 -66.79864501953125 199.81903076171875 491.3707580566406 -98.11228942871094 456.884033203125 254.7089385986328 -39.054412841796875 454.7177734375 257.8437194824219 -51.339935302734375 150.1773681640625 -517.4633178710938 -69.45169067382812 150.1773681640625 -517.4633178710938 -34.725830078125 150.1773681640625 -517.4633178710938 0 100.21160888671875 -521.6488037109375 0 50.1337890625 -524.1619873046875 0 0 -525 0 -50.1337890625 -524.1619873046875 0 -100.21157836914062 -521.6488037109375 0 -150.17739868164062 -517.4633178710938 0 -150.17739868164062 -517.4633178710938 -34.725830078125 -150.17739868164062 -517.4633178710938 -69.45169067382812 -132.07455444335938 -519.1741333007812 -59 -79.31048583984375 -522.9017944335938 -59 -26.44781494140625 -524.766845703125 -59 26.44781494140625 -524.766845703125 -59 79.31048583984375 -522.9017944335938 -59 132.0745849609375 -519.1741333007812 -59 517.4632568359375 -150.17738342285156 0 517.4632568359375 150.17738342285156 -43.17974853515625 517.4632568359375 150.17738342285156 0 521.6488037109375 100.21157836914062 0 524.1619873046875 50.1338005065918 0 525 6.182832024137497E-13 0 524.1619873046875 -50.1338005065918 0 521.6488037109375 -100.21157836914062 0 517.4632568359375 -150.17738342285156 -43.17974853515625 520.7689208984375 -112.63304138183594 -41.349700927734375 523.130126953125 -75.08869171142578 -40.042510986328125 524.5467529296875 -37.54434585571289 -39.258209228515625 525.01904296875 1.9906298831529057E-13 -38.99676513671875 524.5467529296875 37.54434585571289 -39.258209228515625 523.130126953125 75.08869171142578 -40.042510986328125 520.7689208984375 112.63304138183594 -41.349700927734375 -517.4633178710938 -150.17738342285156 0 -517.4633178710938 -150.17738342285156 -43.17974853515625 -525 7.319700401353657E-13 0 -517.4633178710938 150.17738342285156 0 -521.6488037109375 -100.21157836914062 0 -524.1619873046875 -50.1338005065918 0 -524.1619873046875 50.1338005065918 0 -521.6488037109375 100.21157836914062 0 -517.4633178710938 150.17738342285156 -21.589874267578125 -517.4633178710938 150.17738342285156 -43.17974853515625 -520.7689208984375 112.63304138183594 -41.349700927734375 -523.130126953125 75.08869171142578 -40.042510986328125 -524.5468139648438 37.54434585571289 -39.258209228515625 -525.01904296875 6.467049118441537E-13 -38.99676513671875 -524.5468139648438 -37.54434585571289 -39.258209228515625 -523.130126953125 -75.08869171142578 -40.042510986328125 -520.7689208984375 -112.63304138183594 -41.349700927734375 -150.17739868164062 -517.4633178710938 0 -517.4633178710938 -150.17738342285156 0 -150.17739868164062 -517.4633178710938 -69.45169067382812 -150.17739868164062 -517.4633178710938 -34.725830078125 -517.4633178710938 -150.17738342285156 -43.17974853515625 -208.53704833984375 -486.30853271484375 0 -264.0662841796875 -450.3505554199219 0 -316.37066650390625 -409.8447570800781 0 -365.0788269042969 -365.0788269042969 0 -409.8447570800781 -316.3706970214844 0 -450.3505554199219 -264.0662841796875 0 -486.30853271484375 -208.53704833984375 0 -500.04583740234375 -184.25900268554688 -45.294158935546875 -481.04656982421875 -217.35223388671875 -47.76190185546875 -460.46697998046875 -249.4607391357422 -50.548431396484375 -438.30859375 -280.5882263183594 -53.619171142578125 -423.50372314453125 -299.730224609375 -56.883575439453125 -408.4871520996094 -317.97454833984375 -62.472747802734375 -393.42919921875 -335.2003173828125 -70.240966796875 -378.37701416015625 -351.4541320800781 -80.22769165039062 -378.37701416015625 -351.4541320800781 -34 -345.2384338378906 -384.234130859375 -34 -310.21270751953125 -414.9894714355469 -34 -273.4233093261719 -443.6117248535156 -34 -235 -470 -34 -199.81903076171875 -491.3707580566406 -98.11228942871094 -217.5218505859375 -480.9328918457031 -66.79864501953125 -517.4633178710938 150.17738342285156 -43.17974853515625 -517.4633178710938 150.17738342285156 -21.589874267578125 -517.4633178710938 150.17738342285156 0 -504.4613342285156 175.98968505859375 0 -490.5179748535156 201.30584716796875 0 -473.392578125 229.68472290039062 -34 -475.5766906738281 226.21229553222656 -34 -475.30718994140625 226.64295959472656 -48.52923583984375 -486.6395568847656 207.97584533691406 -47.0218505859375 -497.4432678222656 189.00961303710938 -45.62371826171875 -507.71795654296875 169.74366760253906 -44.340972900390625 -475.65216064453125 226.09158325195312 0 -471.19036865234375 233.1457061767578 -34 -454.0730895996094 253.78619384765625 0 -437.19854736328125 283.9242858886719 -34.854248046875 -439.0162048339844 280.5185546875 -34.401153564453125 -477.6195373535156 235.52932739257812 -219 -460.48150634765625 257.9644775390625 -219 -445.58905029296875 281.94915771484375 -219 -473.84735107421875 230.01296997070312 -34.427947998046875 -476.5413818359375 226.92672729492188 -34.913909912109375 -441.38232421875 282.92864990234375 -126.92755126953125 -477.06866455078125 231.21978759765625 -126.9573974609375 -574.7619018554688 520 -184 -294.13055419921875 520 -184 -565.9967651367188 457.98822021484375 -435 -442.9348449707031 457.98822021484375 -435 -328.51434326171875 471.8235168457031 -379 -440 471.8235168457031 -379 -574.7619018554688 -520 -184 -294.13055419921875 -520 -184 -565.9967651367188 -457.98822021484375 -435 -442.9348449707031 -457.98822021484375 -435 -440 -471.8235168457031 -379 -328.51434326171875 -471.8235168457031 -379 -328.51434326171875 -471.8235168457031 -379 -328.51434326171875 -373 -379 -440 -471.8235168457031 -379 -440 -373 -379 -328.51434326171875 373 -379 -328.51434326171875 471.8235168457031 -379 -440 373 -379 -440 471.8235168457031 -379 -440 -471.8235168457031 -379 -440 -373 -379 -442.9348449707031 -373 -435 -442.9348449707031 -457.98822021484375 -435 -440 373 -379 -440 471.8235168457031 -379 -442.9348449707031 373 -435 -442.9348449707031 457.98822021484375 -435 -327 -373 -213 -573.7492065429688 -373 -213 -327 -373 -314 -570.22216796875 -373 -314 -573.7492065429688 373 -213 -327 373 -213 -327 373 -314 -570.22216796875 373 -314 393 -359.22930908203125 -173 393 -359.22930908203125 -45.902191162109375 441.46759033203125 -385 -173 441.46759033203125 -385 -81.31056213378906 416.93402099609375 -371.95526123046875 -64.13272094726562 -575.14599609375 -426 -173 -575.14599609375 -385 -173 260 -440 -173 -260 -440 -173 393 -359.22930908203125 -173 441.46759033203125 -385 -173 -280 -420 -173 -280 -426 -173 -441.46759033203125 -385 -173 -370 -347 -173 -370 -342.4762268066406 -173 -305 -342.4762268066406 -173 -305 -328.94854736328125 -173 -178.065185546875 -323.83428955078125 -173 -178.065185546875 -305.326171875 -173 -172.62014770507812 -305.16748046875 -173 172.6201171875 -305.16748046875 -173 178.065185546875 -305.326171875 -173 178.065185546875 -323.83428955078125 -173 305 -328.94854736328125 -173 305 -342.4762268066406 -173 380 -342.4762268066406 -173 380 -345 -173 393 -345 -173 575.14599609375 -385 -173 575.14599609375 -426 -173 280 -426 -173 280 -420 -173 -175.34268188476562 -305.2462158203125 -173 241.546142578125 -326.05548095703125 -173 -241.546142578125 -326.05548095703125 -173 175.34271240234375 -305.2462158203125 -173 393 -10 -126.51763916015625 393 -10 -159 393 -1 -159 393 -1 -126.51763916015625 393 -14 -39.036285400390625 393 -91 -49 393 -14 -49 393 -91 -40.533966064453125 393 -52.505340576171875 -39.51055908203125 393 -270 -52.533905029296875 393 -313.6046142578125 -60.899993896484375 393 -270 -60.899993896484375 393 -280.5882263183594 -53.619171142578125 393 -297.3022155761719 -56.326385498046875 393 -359.22930908203125 -173 393 -335.67669677734375 -69 393 -359.22930908203125 -45.902191162109375 393 -345 -173 393 -335.67669677734375 -34 393 -345 -69 393 -270 -52.533905029296875 340 -270 -229 393 -270 -60.899993896484375 380 -270 -60.899993896484375 380 -270 -229 340 -270 -189.87709045410156 370 -270 -189.87709045410156 370 -270 -52.533905029296875 340 -270 -229 380 -270 -229 380 -340.5206604003906 -229 350 -340.5206604003906 -229 350 -293.5915222167969 -229 340 -294.16748046875 -229 380 -326 -229 340 -91 -250 393 -91 -40.533966064453125 380 -91 -49 380 -91 -60.899993896484375 393 -91 -49 370 -91 -40.533966064453125 370 -91 -197.96473693847656 340 -91 -197.96473693847656 380 -91 -250 380 -91 -246.89999389648438 340 -1 -250 380 -1 -250 340 -91 -250 380 -91 -250 393 -1 -126.51763916015625 340 -1 -250 393 -1 -159 380 -1 -250 380 -1 -159 340 -1 -198.9998779296875 370 -1 -198.9998779296875 370 -1 -153.92796325683594 305 -342.4762268066406 -173 380 -342.4762268066406 -173 380 -340.5206604003906 -229 350 -340.5206604003906 -229 305 -339.2428894042969 -265.5906066894531 309.41070556640625 -339.13055419921875 -268.80792236328125 310 -339.12384033203125 -269 350 -339.12384033203125 -269 -310 -472.4920349121094 -274 -310 -390 -274 -260 -440 -274 -190 -440 -274 -190 -470 -274 -280 -470 -274 -280 -472.4920349121094 -274 310 -472.4920349121094 -274 310 -390 -274 190 -440 -274 260 -440 -274 280 -472.4920349121094 -274 280 -470 -274 190 -470 -274 -154.35824584960938 -479.55072021484375 -71.865478515625 -190 -440 -274 -178.53875732421875 -462.7618713378906 -209 -154.35824584960938 -467.55072021484375 -71.865478515625 -190 -470 -274 -178.53875732421875 -440 -209 -167.07748413085938 -477.03173828125 -144 -167.07748413085938 -470 -144 190 -440 -274 154.35821533203125 -479.55072021484375 -71.865478515625 154.35821533203125 -467.55072021484375 -71.865478515625 178.53875732421875 -462.7618713378906 -209 190 -470 -274 178.53875732421875 -440 -209 167.0775146484375 -470 -144 167.0775146484375 -477.03173828125 -144 132.0745849609375 -519.1741333007812 -59 154.35821533203125 -467.55072021484375 -71.865478515625 132.0745849609375 -468 -59 154.35821533203125 -479.55072021484375 -71.865478515625 279.29888916015625 -500 -144 279.29888916015625 -477.03173828125 -144 280 -500 -144.40480041503906 280 -477.0176086425781 -144.40480041503906 287.9591064453125 -476.85711669921875 -149 287.9591064453125 -508.3333435058594 -149 199.81903076171875 -491.3707580566406 -98.11228942871094 150.1773681640625 -517.4633178710938 -69.45169067382812 -132.07455444335938 -468 -59 -154.35824584960938 -467.55072021484375 -71.865478515625 -154.35824584960938 -479.55072021484375 -71.865478515625 -279.2988586425781 -477.03173828125 -144 -279.2988586425781 -500 -144 -132.07455444335938 -519.1741333007812 -59 -150.17739868164062 -517.4633178710938 -69.45169067382812 -199.81903076171875 -491.3707580566406 -98.11228942871094 -287.9591369628906 -508.3333435058594 -149 -287.9591369628906 -476.85711669921875 -149 -280 -477.0176086425781 -144.40480041503906 -280 -500 -144.40480041503906 -279.2988586425781 -477.03173828125 -144 -154.35824584960938 -479.55072021484375 -71.865478515625 -167.07748413085938 -477.03173828125 -144 -310 -472.4920349121094 -274 -280 -472.4920349121094 -274 -280 -477.0176086425781 -144.40480041503906 -287.9591369628906 -476.85711669921875 -149 279.29888916015625 -477.03173828125 -144 154.35821533203125 -479.55072021484375 -71.865478515625 167.0775146484375 -477.03173828125 -144 280 -472.4920349121094 -274 310 -472.4920349121094 -274 280 -477.0176086425781 -144.40480041503906 287.9591064453125 -476.85711669921875 -149 -280 477.0176086425781 -144.40480041503906 -310 472.4920349121094 -274 -280 472.4920349121094 -274 -287.9591369628906 476.85711669921875 -149 280 477.0176086425781 -144.40480041503906 280 472.4920349121094 -274 310 472.4920349121094 -274 287.9591064453125 476.85711669921875 -149 -340 -294.16748046875 -188.16851806640625 -340 -294.16748046875 -269 -340 -294.16748046875 -228.58425903320312 -350 -293.5915222167969 -269 -350 -293.5915222167969 -188.21095275878906 -350 -293.5915222167969 -228.60546875 -172.62014770507812 -305.16748046875 -169.0281982421875 -178.065185546875 -305.326171875 -173 -175.34243774414062 -305.2461853027344 -171.01393127441406 -172.62014770507812 -305.16748046875 -173 -175.34268188476562 -305.2462158203125 -173 305 -328.94854736328125 -265.5906066894531 305 -328.94854736328125 -173 305 -342.4762268066406 -173 305 -339.2428894042969 -265.5906066894531 305 -328.94854736328125 -219.2952880859375 305 -328.94854736328125 -265.5906066894531 178.065185546875 -323.83428955078125 -173 305 -328.94854736328125 -173 305 -328.94854736328125 -219.2952880859375 241.546142578125 -326.05548095703125 -173 241.41485595703125 -326.0501708984375 -219.2093963623047 -178.065185546875 -323.83428955078125 -173 -305 -328.94854736328125 -265.5906066894531 -305 -328.94854736328125 -173 -241.546142578125 -326.05548095703125 -173 -305 -328.94854736328125 -219.2952880859375 -241.41482543945312 -326.0501708984375 -219.2093963623047 178.065185546875 -305.326171875 -173 175.34271240234375 -305.2462158203125 -173 175.34246826171875 -305.2461853027344 -171.01393127441406 294.13055419921875 520 -184 574.7618408203125 520 -184 440 471.8235168457031 -379 442.934814453125 457.98822021484375 -435 328.51434326171875 471.8235168457031 -379 565.996826171875 457.98822021484375 -435 294.13055419921875 520 -184 574.7618408203125 520 -184 287.9591064453125 508.3333435058594 -149 199.81903076171875 491.3707580566406 -98.11228942871094 235 470 -34 217.5218505859375 480.9328918457031 -66.79864501953125 575.4459228515625 513.4710693359375 -164.4132843017578 530.8421630859375 509.6410827636719 -152.92320251464844 486.8677978515625 505.31817626953125 -139.95448303222656 443.50079345703125 500.5196838378906 -125.55908203125 400.71881103515625 495.2629699707031 -109.78895568847656 358.4998779296875 489.5653381347656 -92.69602966308594 316.82177734375 483.444091796875 -74.332275390625 275.66253662109375 476.9165344238281 -54.749603271484375 -575.4458618164062 513.4710693359375 -164.4132843017578 -574.7619018554688 520 -184 -294.13055419921875 520 -184 -235 470 -34 -275.6625671386719 476.9165344238281 -54.749603271484375 -316.8218078613281 483.444091796875 -74.332275390625 -358.4998474121094 489.5653381347656 -92.69602966308594 -400.71881103515625 495.2629699707031 -109.78895568847656 -443.5007629394531 500.5196838378906 -125.55908203125 -486.86785888671875 505.31817626953125 -139.95448303222656 -530.8421630859375 509.6410827636719 -152.92320251464844 -199.81903076171875 491.3707580566406 -98.11228942871094 -217.5218505859375 480.9328918457031 -66.79864501953125 -287.9591369628906 508.3333435058594 -149 -574.7619018554688 -520 -184 -575.4458618164062 -513.4710693359375 -164.4132843017578 -294.13055419921875 -520 -184 -199.81903076171875 -491.3707580566406 -98.11228942871094 -287.9591369628906 -508.3333435058594 -149 -235 -470 -34 -217.5218505859375 -480.9328918457031 -66.79864501953125 -530.8421630859375 -509.6410827636719 -152.92320251464844 -486.86785888671875 -505.31817626953125 -139.95448303222656 -443.5007629394531 -500.5196838378906 -125.55908203125 -400.71881103515625 -495.2629699707031 -109.78895568847656 -358.4998474121094 -489.5653381347656 -92.69602966308594 -316.8218078613281 -483.444091796875 -74.332275390625 -275.6625671386719 -476.9165344238281 -54.749603271484375 178.53875732421875 -462.7618713378906 -209 178.53875732421875 -440 -209 -178.53875732421875 -462.7618713378906 -209 -178.53875732421875 -440 -209 -471.19036865234375 233.1457061767578 -34 -473.392578125 229.68472290039062 -34 -476.5413818359375 226.92672729492188 -34.913909912109375 -473.84735107421875 230.01296997070312 -34.427947998046875 -475.5766906738281 226.21229553222656 -34 -475.630126953125 302.9841613769531 -219 -507.97802734375 256.7865905761719 -219 -475.4586181640625 302.0114440917969 -239 -507.0053405761719 256.9580993652344 -239 565.996826171875 -373 -435 575.14599609375 -426 -173 575.14599609375 -385 -173 569.34912109375 -373 -339 569.34912109375 -405 -339 570.22216796875 -405 -314 570.22216796875 -373 -314 573.7491455078125 -373 -213 573.7491455078125 -426 -213 576.4765625 -385 -134.8963165283203 576.2001953125 -416.9946594238281 -142.810791015625 575.93505859375 -449.0632019042969 -150.40403747558594 575.6829833984375 -481.2179260253906 -157.62266540527344 575.4459228515625 -513.4710693359375 -164.4132843017578 574.7618408203125 -520 -184 565.996826171875 -457.98822021484375 -435 -154.35824584960938 479.55072021484375 -71.865478515625 -190 440 -274 -154.35824584960938 469.55072021484375 -71.865478515625 -178.53875732421875 464.7618713378906 -209 -178.53875732421875 440 -209 -190 470 -274 -167.07748413085938 470 -144 -167.07748413085938 477.03173828125 -144 -328.51434326171875 -373 -379 -327 -373 -370.41180419921875 -321.46124267578125 -378.53875732421875 -339 -294.13055419921875 -520 -184 -328.51434326171875 -471.8235168457031 -379 -310 -390 -274 -310 -472.4920349121094 -274 -287.9591369628906 -476.85711669921875 -149 -287.9591369628906 -508.3333435058594 -149 -321.46124267578125 -405 -339 -317.0531005859375 -405 -314 -317.0531005859375 -382.9469299316406 -314 -328.51434326171875 373 -379 -321.46124267578125 378.53875732421875 -339 -327 373 -370.41180419921875 -328.51434326171875 471.8235168457031 -379 -294.13055419921875 520 -184 -287.9591369628906 476.85711669921875 -149 -310 472.4920349121094 -274 -287.9591369628906 508.3333435058594 -149 -321.46124267578125 405 -339 -310 390 -274 -317.0531005859375 382.9469299316406 -314 -317.0531005859375 405 -314 442.934814453125 -373 -435 440 -471.8235168457031 -379 440 -373 -379 442.934814453125 -457.98822021484375 -435 442.934814453125 373 -435 440 373 -379 440 471.8235168457031 -379 442.934814453125 457.98822021484375 -435 440 -471.8235168457031 -379 440 -373 -379 328.51434326171875 -471.8235168457031 -379 328.51434326171875 -373 -379 440 373 -379 440 471.8235168457031 -379 328.51434326171875 471.8235168457031 -379 328.51434326171875 373 -379 328.51434326171875 -373 -379 321.46124267578125 -378.53875732421875 -339 327 -373 -370.41180419921875 310 -472.4920349121094 -274 310 -390 -274 287.9591064453125 -508.3333435058594 -149 287.9591064453125 -476.85711669921875 -149 328.51434326171875 -471.8235168457031 -379 321.46124267578125 -405 -339 294.13055419921875 -520 -184 317.0531005859375 -382.9469299316406 -314 317.0531005859375 -405 -314 328.51434326171875 373 -379 327 373 -370.41180419921875 321.46124267578125 378.53875732421875 -339 310 472.4920349121094 -274 287.9591064453125 476.85711669921875 -149 294.13055419921875 520 -184 287.9591064453125 508.3333435058594 -149 328.51434326171875 471.8235168457031 -379 321.46124267578125 405 -339 317.0531005859375 405 -314 317.0531005859375 382.9469299316406 -314 310 390 -274 190 440 -274 154.35821533203125 479.55072021484375 -71.865478515625 178.53875732421875 464.7618713378906 -209 154.35821533203125 469.55072021484375 -71.865478515625 167.0775146484375 477.03173828125 -144 167.0775146484375 470 -144 190 470 -274 178.53875732421875 440 -209 178.53875732421875 440 -209 178.53875732421875 464.7618713378906 -209 -178.53875732421875 440 -209 -178.53875732421875 464.7618713378906 -209 -531.5079345703125 458.712890625 -139.91397094726562 -483.1016540527344 415.1904602050781 -110.03114318847656 -502.0293884277344 490.0716247558594 -139.91397094726562 -455.600830078125 444.4453430175781 -110.03114318847656 -411.5406494140625 401.1465148925781 -74.69070434570312 -426.8031311035156 472.4765625 -110.03114318847656 -384.70831298828125 427.26470947265625 -74.69070434570312 -235 470 -34 -576.4766235351562 385 -134.8963165283203 -576.2002563476562 416.9946594238281 -142.810791015625 -575.93505859375 449.0632019042969 -150.40403747558594 -575.6829833984375 481.2179260253906 -157.62266540527344 -575.4458618164062 513.4710693359375 -164.4132843017578 -273.4233093261719 443.6117248535156 -34 -310.21270751953125 414.9894714355469 -34 -345.2384338378906 384.234130859375 -34 -378.37701416015625 351.4541320800781 -34 -530.8421630859375 509.6410827636719 -152.92320251464844 -486.86785888671875 505.31817626953125 -139.95448303222656 -443.5007629394531 500.5196838378906 -125.55908203125 -400.71881103515625 495.2629699707031 -109.78895568847656 -358.4998474121094 489.5653381347656 -92.69602966308594 -316.8218078613281 483.444091796875 -74.332275390625 -275.6625671386719 476.9165344238281 -54.749603271484375 -409.39678955078125 367.9476623535156 -58.55419921875 -441.46759033203125 385 -81.31056213378906 -474.743408203125 385 -95.90739440917969 -508.3248291015625 385 -109.73426818847656 -542.2298583984375 385 -122.7457275390625 -356.74310302734375 452.1661376953125 -74.69070434570312 294.13055419921875 -520 -184 574.7618408203125 -520 -184 565.996826171875 -457.98822021484375 -435 442.934814453125 -457.98822021484375 -435 440 -471.8235168457031 -379 328.51434326171875 -471.8235168457031 -379 565.996826171875 373 -435 565.996826171875 457.98822021484375 -435 574.7618408203125 520 -184 575.4459228515625 513.4710693359375 -164.4132843017578 569.34912109375 405 -339 569.34912109375 373 -339 575.6829833984375 481.2179260253906 -157.62266540527344 575.93505859375 449.0632019042969 -150.40403747558594 576.2001953125 416.9946594238281 -142.810791015625 576.4765625 385 -134.8963165283203 575.14599609375 385 -173 575.14599609375 426 -173 573.7491455078125 426 -213 573.7491455078125 373 -213 570.22216796875 373 -314 570.22216796875 405 -314 287.9591064453125 -508.3333435058594 -149 199.81903076171875 -491.3707580566406 -98.11228942871094 575.4459228515625 -513.4710693359375 -164.4132843017578 574.7618408203125 -520 -184 294.13055419921875 -520 -184 235 -470 -34 275.66253662109375 -476.9165344238281 -54.749603271484375 316.82177734375 -483.444091796875 -74.332275390625 358.4998779296875 -489.5653381347656 -92.69602966308594 400.71881103515625 -495.2629699707031 -109.78895568847656 443.50079345703125 -500.5196838378906 -125.55908203125 486.8677978515625 -505.31817626953125 -139.95448303222656 530.8421630859375 -509.6410827636719 -152.92320251464844 217.5218505859375 -480.9328918457031 -66.79864501953125 -310 390 -274 -310 472.4920349121094 -274 -190 440 -274 -260 440 -274 -280 472.4920349121094 -274 -190 470 -274 -280 470 -274 310 390 -274 310 472.4920349121094 -274 260 440 -274 190 440 -274 280 472.4920349121094 -274 190 470 -274 280 470 -274 531.5079345703125 -458.712890625 -139.91397094726562 483.1016845703125 -415.1904602050781 -110.03114318847656 502.0294189453125 -490.0716247558594 -139.91397094726562 455.600830078125 -444.4453430175781 -110.03114318847656 411.5406494140625 -401.1465148925781 -74.69070434570312 426.80316162109375 -472.4765625 -110.03114318847656 384.70831298828125 -427.26470947265625 -74.69070434570312 235 -470 -34 277.75335693359375 -440.4219055175781 -34 318.4552001953125 -408.078857421875 -34 356.927001953125 -373.1126708984375 -34 393 -359.22930908203125 -45.902191162109375 416.93402099609375 -371.95526123046875 -64.13272094726562 441.46759033203125 -385 -81.31056213378906 393 -335.67669677734375 -34 576.4765625 -385 -134.8963165283203 576.2001953125 -416.9946594238281 -142.810791015625 575.93505859375 -449.0632019042969 -150.40403747558594 575.6829833984375 -481.2179260253906 -157.62266540527344 575.4459228515625 -513.4710693359375 -164.4132843017578 530.8421630859375 -509.6410827636719 -152.92320251464844 486.8677978515625 -505.31817626953125 -139.95448303222656 443.50079345703125 -500.5196838378906 -125.55908203125 400.71881103515625 -495.2629699707031 -109.78895568847656 358.4998779296875 -489.5653381347656 -92.69602966308594 316.82177734375 -483.444091796875 -74.332275390625 275.66253662109375 -476.9165344238281 -54.749603271484375 474.743408203125 -385 -95.90739440917969 508.3248291015625 -385 -109.73426818847656 542.2298583984375 -385 -122.7457275390625 356.74310302734375 -452.1661376953125 -74.69070434570312 235 470 -34 426.96392822265625 472.32684326171875 -110.03114318847656 384.85809326171875 427.1252136230469 -74.69070434570312 502.12890625 489.9703369140625 -139.91397094726562 455.69366455078125 444.350830078125 -110.03114318847656 411.627197265625 401.0584411621094 -74.69070434570312 531.56640625 458.6478576660156 -139.91397094726562 483.1561279296875 415.1297912597656 -110.03114318847656 374.56524658203125 355.4273986816406 -34 342.21026611328125 387.04180908203125 -34 308.08795166015625 416.739990234375 -34 272.31158447265625 444.4233703613281 -34 275.66253662109375 476.9165344238281 -54.749603271484375 316.82177734375 483.444091796875 -74.332275390625 358.4998779296875 489.5653381347656 -92.69602966308594 400.71881103515625 495.2629699707031 -109.78895568847656 443.50079345703125 500.5196838378906 -125.55908203125 486.8677978515625 505.31817626953125 -139.95448303222656 530.8421630859375 509.6410827636719 -152.92320251464844 575.4459228515625 513.4710693359375 -164.4132843017578 575.6829833984375 481.2179260253906 -157.62266540527344 575.93505859375 449.0632019042969 -150.40403747558594 576.2001953125 416.9946594238281 -142.810791015625 576.4765625 385 -134.8963165283203 430.1832275390625 385 -76.16354370117188 401.961669921875 369.99432373046875 -55.779876708984375 539.3197021484375 385 -121.66670227050781 502.567626953125 385 -107.42884826660156 466.19659423828125 385 -92.24151611328125 356.9608154296875 451.9807434082031 -74.69070434570312 -426.9638977050781 -472.32684326171875 -110.03114318847656 -384.8581237792969 -427.1252136230469 -74.69070434570312 -502.12890625 -489.9703369140625 -139.91397094726562 -455.6936950683594 -444.350830078125 -110.03114318847656 -411.627197265625 -401.0584411621094 -74.69070434570312 -531.56640625 -458.6478576660156 -139.91397094726562 -483.15618896484375 -415.1297912597656 -110.03114318847656 -575.4458618164062 -513.4710693359375 -164.4132843017578 -575.6829833984375 -481.2179260253906 -157.62266540527344 -575.93505859375 -449.0632019042969 -150.40403747558594 -576.2002563476562 -416.9946594238281 -142.810791015625 -576.4766235351562 -385 -134.8963165283203 -378.37701416015625 -351.4541320800781 -34 -345.2384338378906 -384.234130859375 -34 -310.21270751953125 -414.9894714355469 -34 -273.4233093261719 -443.6117248535156 -34 -235 -470 -34 -275.6625671386719 -476.9165344238281 -54.749603271484375 -316.8218078613281 -483.444091796875 -74.332275390625 -358.4998474121094 -489.5653381347656 -92.69602966308594 -400.71881103515625 -495.2629699707031 -109.78895568847656 -443.5007629394531 -500.5196838378906 -125.55908203125 -486.86785888671875 -505.31817626953125 -139.95448303222656 -530.8421630859375 -509.6410827636719 -152.92320251464844 -441.46759033203125 -385 -81.31056213378906 -409.39678955078125 -367.9476623535156 -58.55419921875 -542.2298583984375 -385 -122.7457275390625 -508.3248291015625 -385 -109.73426818847656 -474.743408203125 -385 -95.90739440917969 -356.9608154296875 -451.9807434082031 -74.69070434570312 -436.2637634277344 283.30615234375 -34 -438.58062744140625 280.2248229980469 -34 -440.88232421875 277.1321716308594 -34 -439.0162048339844 280.5185546875 -34.401153564453125 -437.19854736328125 283.9242858886719 -34.854248046875 260 440 -24 340 360 -24 260 440 -274 310 390 -274 317.0531005859375 382.9469299316406 -314 327 373 -314 327 373 -213 280 420 -213 280 420 -173 340 360 -173 -340 360 -24 -260 440 -24 -260 440 -274 -327 373 -213 -327 373 -314 -317.0531005859375 382.9469299316406 -314 -310 390 -274 -340 360 -173 -280 420 -173 -280 420 -213 -260 -440 -173 -327 -373 -314 -260 -440 -274 -327 -373 -213 -310 -390 -274 -317.0531005859375 -382.9469299316406 -314 -280 -420 -213 -280 -420 -173 -305 -342.4762268066406 -173 -305 -328.94854736328125 -173 -305 -328.94854736328125 -265.5906066894531 -305 -328.94854736328125 -219.2952880859375 -305 -339.2428894042969 -265.5906066894531 327 -373 -314 260 -440 -173 260 -440 -274 317.0531005859375 -382.9469299316406 -314 310 -390 -274 327 -373 -213 280 -420 -173 280 -420 -213 430.1832275390625 385 -173 374.56524658203125 355.4273986816406 -83.12872314453125 374.56524658203125 355.4273986816406 -34 370 353 -173 430.1832275390625 385 -76.16354370117188 401.961669921875 369.99432373046875 -55.779876708984375 370 353 -81.33270263671875 -441.46759033203125 385 -173 -378.37701416015625 351.4541320800781 -34 -441.46759033203125 385 -81.31056213378906 -409.39678955078125 367.9476623535156 -58.55419921875 -370 347 -173 -370 347 -77.20443725585938 -378.37701416015625 351.4541320800781 -80.22769165039062 -441.46759033203125 -385 -173 -370 -347 -173 -378.37701416015625 -351.4541320800781 -80.22769165039062 -378.37701416015625 -351.4541320800781 -34 -441.46759033203125 -385 -81.31056213378906 -409.39678955078125 -367.9476623535156 -58.55419921875 -370 -347 -77.20443725585938 -340 360 -24 -340 -305.16748046875 -269 -340 -305.16748046875 -24 -340 -294.16748046875 -188.16851806640625 -340 -294.16748046875 -228.58425903320312 -340 -294.16748046875 -269 -340 360 -173 -340 342.4762268066406 -173 -340 342.08001708984375 -184.34580993652344 -340 215.0083770751953 -193.2172393798828 -340 87.71868133544922 -198.03807067871094 -340 -39.65996551513672 -198.80337524414062 -340 -166.99839782714844 -195.51242065429688 370 280.5882263183594 -53.619171142578125 370 299.8178405761719 -56.90386962890625 370 318.61566162109375 -62.716461181640625 370 336.490966796875 -70.93948364257812 370 353 -81.33270263671875 370 -1 -198.9998779296875 370 -1 -153.92796325683594 370 353 -173 370 342.4762268066406 -173 370 14 -153.92796325683594 370 14 -39.036285400390625 370 80.7517318725586 -40.20782470703125 370 147.47447204589844 -43.030548095703125 370 214.1070098876953 -47.50262451171875 370 342.08001708984375 -184.34580993652344 370 227.87548828125 -192.50381469726562 370 113.4842300415039 -197.3898468017578 -370 268.7123718261719 -189.96400451660156 -370 347 -173 -370 347 -77.20443725585938 -370 342.4762268066406 -173 -370 280.5882263183594 -53.619171142578125 -370 273.4991760253906 -52.887908935546875 -370 342.08001708984375 -184.34580993652344 -370 315.19891357421875 -61.45611572265625 -370 273.4991760253906 -52.887908935546875 -423.40789794921875 273.4991760253906 -52.887908935546875 -396.7039489746094 273.4991760253906 -52.887908935546875 370 -91 -197.96473693847656 370 -270 -189.87709045410156 370 -270 -52.533905029296875 370 -91 -40.533966064453125 370 -180.5452880859375 -194.92333984375 370 -180.59970092773438 -45.04681396484375 370 -270 -189.87709045410156 340 -91 -197.96473693847656 370 -91 -197.96473693847656 370 -180.5452880859375 -194.92333984375 340 -270 -189.87709045410156 340 -180.5452880859375 -194.92333984375 370 -1 -198.9998779296875 340 342.08001708984375 -184.34580993652344 355 342.08001708984375 -184.34580993652344 370 342.08001708984375 -184.34580993652344 370 227.87548828125 -192.50381469726562 370 113.4842300415039 -197.3898468017578 340 -1 -198.9998779296875 340 113.4842300415039 -197.3898468017578 340 227.87548828125 -192.50381469726562 -370 -347 -173 -370 -342.4762268066406 -173 -370 -347 -77.20443725585938 -370 -14 -177.76304626464844 -370 14 -177.76304626464844 -370 14 -39.036285400390625 -370 -342.08001708984375 -184.34580993652344 -370 -223.1842498779297 -192.76873779296875 -370 -104.0903091430664 -197.64541625976562 -370 15.09605884552002 -198.9715118408203 -370 134.26902770996094 -196.745849609375 -370 253.32276916503906 -190.9703826904297 -370 -14 -39.036285400390625 -370 -103.0069580078125 -40.965606689453125 -370 -191.90191650390625 -45.828338623046875 -370 -280.5882263183594 -53.619171142578125 -370 248.41575622558594 -50.4521484375 -370 170.39842224121094 -44.38232421875 -370 92.23795318603516 -40.57598876953125 -370 -315.19891357421875 -61.45611572265625 -441.46759033203125 385 -173 -441.46759033203125 385 -81.31056213378906 -575.14599609375 385 -173 -576.4766235351562 385 -134.8963165283203 -542.2298583984375 385 -122.7457275390625 -508.3248291015625 385 -109.73426818847656 -474.743408203125 385 -95.90739440917969 -441.46759033203125 -385 -81.31056213378906 -441.46759033203125 -385 -173 -576.4766235351562 -385 -134.8963165283203 -575.14599609375 -385 -173 -474.743408203125 -385 -95.90739440917969 -508.3248291015625 -385 -109.73426818847656 -542.2298583984375 -385 -122.7457275390625 430.1832275390625 385 -173 430.1832275390625 385 -76.16354370117188 576.4765625 385 -134.8963165283203 575.14599609375 385 -173 466.19659423828125 385 -92.24151611328125 502.567626953125 385 -107.42884826660156 539.3197021484375 385 -121.66670227050781 441.46759033203125 -385 -81.31056213378906 441.46759033203125 -385 -173 575.14599609375 -385 -173 576.4765625 -385 -134.8963165283203 542.2298583984375 -385 -122.7457275390625 508.3248291015625 -385 -109.73426818847656 474.743408203125 -385 -95.90739440917969 -340 -294.16748046875 -188.16851806640625 -350 -293.5915222167969 -188.21095275878906 -370 342.08001708984375 -184.34580993652344 -355 342.08001708984375 -184.34580993652344 -340 342.08001708984375 -184.34580993652344 -340 215.0083770751953 -193.2172393798828 -340 87.71868133544922 -198.03807067871094 -340 -39.65996551513672 -198.80337524414062 -340 -166.99839782714844 -195.51242065429688 -350 -342.08001708984375 -184.34580993652344 -370 -342.08001708984375 -184.34580993652344 -370 -223.1842498779297 -192.76873779296875 -370 -104.0903091430664 -197.64541625976562 -370 15.09605884552002 -198.9715118408203 -370 134.26902770996094 -196.745849609375 -370 253.32276916503906 -190.9703826904297 -355.84619140625 253.32276916503906 -190.9703826904297 -354.501953125 268.7123718261719 -189.96400451660156 -370 268.7123718261719 -189.96400451660156 -378.37701416015625 351.4541320800781 -80.22769165039062 -393.07562255859375 335.59075927734375 -70.45492553710938 -407.78106689453125 318.80523681640625 -62.789154052734375 -422.3206787109375 301.2115478515625 -57.23828125 -436.68194580078125 282.7522888183594 -53.861175537109375 -370 347 -77.20443725585938 -433.57666015625 280.5882263183594 -53.619171142578125 -401.788330078125 280.5882263183594 -53.619171142578125 -370 280.5882263183594 -53.619171142578125 -370 315.19891357421875 -61.45611572265625 -517.4633178710938 150.17738342285156 -43.17974853515625 -520.7689208984375 112.63304138183594 -41.349700927734375 -523.130126953125 75.08869171142578 -40.042510986328125 -524.5468139648438 37.54434585571289 -39.258209228515625 -525.01904296875 6.467049118441537E-13 -38.99676513671875 -524.5468139648438 -37.54434585571289 -39.258209228515625 -523.130126953125 -75.08869171142578 -40.042510986328125 -520.7689208984375 -112.63304138183594 -41.349700927734375 -517.4633178710938 -150.17738342285156 -43.17974853515625 -500.04583740234375 -184.25900268554688 -45.294158935546875 -481.04656982421875 -217.35223388671875 -47.76190185546875 -460.46697998046875 -249.4607391357422 -50.548431396484375 -438.30859375 -280.5882263183594 -53.619171142578125 -475.30718994140625 226.64295959472656 -48.52923583984375 -486.6395568847656 207.97584533691406 -47.0218505859375 -497.4432678222656 189.00961303710938 -45.62371826171875 -507.71795654296875 169.74366760253906 -44.340972900390625 -370 -14 -39.036285400390625 -428.2027893066406 -14 -39.036285400390625 -486.4055480957031 -14 -39.036285400390625 -370 -191.90191650390625 -45.828338623046875 -370 -103.0069580078125 -40.965606689453125 -404.154296875 -280.5882263183594 -53.619171142578125 -466.8675537109375 220.7124481201172 -48.036224365234375 -370 248.41575622558594 -50.4521484375 -447.57244873046875 248.41575622558594 -50.4521484375 -370 14 -39.036285400390625 -370 92.23795318603516 -40.57598876953125 -370 170.39842224121094 -44.38232421875 -486.4055480957031 14 -39.036285400390625 -428.2027893066406 14 -39.036285400390625 -486.4360046386719 -3.2311742677852644E-27 -39 -370 -280.5882263183594 -53.619171142578125 -423.50372314453125 -299.730224609375 -56.883575439453125 -408.4871520996094 -317.97454833984375 -62.472747802734375 -393.42919921875 -335.2003173828125 -70.240966796875 -378.37701416015625 -351.4541320800781 -80.22769165039062 -370 -347 -77.20443725585938 -370 -315.19891357421875 -61.45611572265625 -425.45709228515625 267 -239 -436.68194580078125 282.7522888183594 -53.861175537109375 -436.2637634277344 283.30615234375 -34 -475.630126953125 302.9841613769531 -219 -437.19854736328125 283.9242858886719 -34.854248046875 -423.40789794921875 273.4991760253906 -52.887908935546875 -441.38232421875 282.92864990234375 -126.92755126953125 -445.58905029296875 281.94915771484375 -219 -433.57666015625 280.5882263183594 -53.619171142578125 -475.4586181640625 302.0114440917969 -239 -475.5766906738281 226.21229553222656 -34 -476.5413818359375 226.92672729492188 -34.913909912109375 -507.0053405761719 256.9580993652344 -239 -507.97802734375 256.7865905761719 -219 -475.30718994140625 226.64295959472656 -48.52923583984375 -477.6195373535156 235.52932739257812 -219 -477.06866455078125 231.21978759765625 -126.9573974609375 -468.50518798828125 230 -239 -466.8675537109375 220.7124481201172 -48.036224365234375 -425.45709228515625 267 -239 -370 273.4991760253906 -52.887908935546875 -396.7039489746094 273.4991760253906 -52.887908935546875 -423.40789794921875 273.4991760253906 -52.887908935546875 -354.501953125 268.7123718261719 -189.96400451660156 -370 268.7123718261719 -189.96400451660156 -420 267 -239 -451 255 -239 -370 253.32276916503906 -190.9703826904297 -355.84619140625 253.32276916503906 -190.9703826904297 -447.57244873046875 248.41575622558594 -50.4521484375 -370 248.41575622558594 -50.4521484375 -420 255 -239 -451 255 -239 -466.8675537109375 220.7124481201172 -48.036224365234375 -468.50518798828125 230 -239 -447.57244873046875 248.41575622558594 -50.4521484375 -507.0053405761719 256.9580993652344 -239 -475.4586181640625 302.0114440917969 -239 -425.45709228515625 267 -239 -468.50518798828125 230 -239 -420 267 -239 -420 255 -239 -451 255 -239 -354.501953125 268.7123718261719 -189.96400451660156 -420 267 -239 -355.84619140625 253.32276916503906 -190.9703826904297 -420 255 -239 -486.4055480957031 -14 -39.036285400390625 -370 -14 -39.036285400390625 -370 -14 -177.76304626464844 -428.2027893066406 -14 -39.036285400390625 -370 14 -177.76304626464844 -370 14 -39.036285400390625 -486.4055480957031 14 -39.036285400390625 -428.2027893066406 14 -39.036285400390625 -370 14 -177.76304626464844 -370 -14 -177.76304626464844 -486.4055480957031 14 -39.036285400390625 -486.4360046386719 -3.2311742677852644E-27 -39 -486.4055480957031 -14 -39.036285400390625 393 -1 -126.51763916015625 393 -10 -126.51763916015625 370 14 -153.92796325683594 370 -1 -153.92796325683594 448.05975341796875 -10 -60.899993896484375 448.05975341796875 -14 -60.899993896484375 454.35491943359375 14 -53.397674560546875 454.35491943359375 -10 -53.397674560546875 465.16510009765625 -10 -40.51458740234375 465.16510009765625 14 -40.51458740234375 466.40557861328125 14 -39.036285400390625 466.40557861328125 -14 -39.036285400390625 466.43603515625 8.881784197001252E-16 -39 466.40557861328125 -14 -39.036285400390625 380 -14 -60.899993896484375 380 -14 -49 393 -14 -49 393 -14 -39.036285400390625 429.7027587890625 -14 -39.036285400390625 448.05975341796875 -14 -60.899993896484375 370 14 -39.036285400390625 466.40557861328125 14 -39.036285400390625 370 14 -153.92796325683594 418.2027587890625 14 -39.036285400390625 454.35491943359375 14 -53.397674560546875 465.16510009765625 14 -40.51458740234375 456.884033203125 14 -39.054412841796875 -350 -293.5915222167969 -269 -350 -342.08001708984375 -184.34580993652344 -350 -293.5915222167969 -188.21095275878906 -350 -293.5915222167969 -228.60546875 -350 -339.12384033203125 -269 350 -340.5206604003906 -229 350 -293.5915222167969 -269 350 -293.5915222167969 -229 350 -339.12384033203125 -269 350 -293.5915222167969 -249 340 -294.16748046875 -229 350 -293.5915222167969 -269 340 -294.16748046875 -249 350 -293.5915222167969 -249 350 -293.5915222167969 -229 340 -294.16748046875 -269 350 -339.12384033203125 -269 350 -293.5915222167969 -269 310 -339.12384033203125 -269 340 -305.16748046875 -269 340 -294.16748046875 -269 310 -305.16748046875 -269 310 -327.8050537109375 -269 310 -316.48626708984375 -269 309.41070556640625 -339.13055419921875 -268.80792236328125 310 -305.16748046875 -269 310 -339.12384033203125 -269 310 -316.48626708984375 -269 310 -327.8050537109375 -269 309.41070556640625 -305.16748046875 -268.80792236328125 309.41070556640625 -327.80950927734375 -268.80792236328125 309.41070556640625 -316.4884948730469 -268.80792236328125 178.065185546875 -323.83428955078125 -173 309.41070556640625 -339.13055419921875 -268.80792236328125 305 -339.2428894042969 -265.5906066894531 178.065185546875 -305.326171875 -173 175.34246826171875 -305.2461853027344 -171.01393127441406 309.41070556640625 -305.16748046875 -268.80792236328125 309.41070556640625 -316.4884948730469 -268.80792236328125 309.41070556640625 -327.80950927734375 -268.80792236328125 172.6201171875 -305.16748046875 -169.0281982421875 305 -328.94854736328125 -265.5906066894531 241.41485595703125 -326.0501708984375 -219.2093963623047 -172.62014770507812 -305.16748046875 -169.0281982421875 -309.41070556640625 -305.16748046875 -268.80792236328125 -178.065185546875 -305.326171875 -173 -178.065185546875 -323.83428955078125 -173 -175.34243774414062 -305.2461853027344 -171.01393127441406 -305 -328.94854736328125 -265.5906066894531 -305 -339.2428894042969 -265.5906066894531 -241.41482543945312 -326.0501708984375 -219.2093963623047 -309.41070556640625 -339.13055419921875 -268.80792236328125 -309.41070556640625 -327.80950927734375 -268.80792236328125 -309.41070556640625 -316.4884948730469 -268.80792236328125 -310 -305.16748046875 -269 -309.41070556640625 -339.13055419921875 -268.80792236328125 -309.41070556640625 -305.16748046875 -268.80792236328125 -309.41070556640625 -316.4884948730469 -268.80792236328125 -309.41070556640625 -327.80950927734375 -268.80792236328125 -310 -339.12384033203125 -269 -310 -327.8050537109375 -269 -310 -316.48626708984375 -269 -310 -339.12384033203125 -269 -350 -339.12384033203125 -269 -350 -293.5915222167969 -269 -340 -294.16748046875 -269 -340 -305.16748046875 -269 -310 -305.16748046875 -269 -310 -316.48626708984375 -269 -310 -327.8050537109375 -269 -370 -342.4762268066406 -173 -305 -342.4762268066406 -173 -350 -342.08001708984375 -184.34580993652344 -370 -342.08001708984375 -184.34580993652344 -305 -339.2428894042969 -265.5906066894531 -310 -339.12384033203125 -269 -350 -339.12384033203125 -269 -309.41070556640625 -339.13055419921875 -268.80792236328125 -370 342.4762268066406 -173 -340 342.4762268066406 -173 -370 342.08001708984375 -184.34580993652344 -340 342.08001708984375 -184.34580993652344 -355 342.08001708984375 -184.34580993652344 -280 426 -173 -575.14599609375 426 -173 -575.14599609375 385 -173 -280 420 -173 -340 360 -173 -370 347 -173 -441.46759033203125 385 -173 -340 342.4762268066406 -173 -370 342.4762268066406 -173 340 342.4762268066406 -173 370 342.4762268066406 -173 340 342.08001708984375 -184.34580993652344 370 342.08001708984375 -184.34580993652344 355 342.08001708984375 -184.34580993652344 280 426 -173 575.14599609375 426 -173 575.14599609375 385 -173 340 360 -173 280 420 -173 430.1832275390625 385 -173 370 353 -173 340 342.4762268066406 -173 370 342.4762268066406 -173 573.7491455078125 -373 -213 327 -373 -213 327 -373 -314 570.22216796875 -373 -314 280 -420 -213 280 -426 -213 280 -420 -173 280 -426 -173 573.7491455078125 -373 -213 573.7491455078125 -426 -213 280 -426 -213 327 -373 -213 280 -420 -213 280 -426 -213 575.14599609375 -426 -173 280 -426 -173 573.7491455078125 -426 -213 -280 -426 -213 -280 -420 -213 -280 -426 -173 -280 -420 -173 -573.7492065429688 -426 -213 -573.7492065429688 -373 -213 -280 -426 -213 -327 -373 -213 -280 -420 -213 -280 -426 -213 -280 -426 -173 -575.14599609375 -426 -173 -573.7492065429688 -426 -213 -280 420 -213 -280 426 -213 -280 420 -173 -280 426 -173 -573.7492065429688 373 -213 -573.7492065429688 426 -213 -280 426 -213 -327 373 -213 -280 420 -213 -280 426 -213 -575.14599609375 426 -173 -280 426 -173 -573.7492065429688 426 -213 327 373 -213 573.7491455078125 373 -213 327 373 -314 570.22216796875 373 -314 280 426 -213 280 420 -213 280 426 -173 280 420 -173 573.7491455078125 426 -213 573.7491455078125 373 -213 280 426 -213 280 420 -213 327 373 -213 280 426 -213 280 426 -173 575.14599609375 426 -173 573.7491455078125 426 -213 -477.6195373535156 235.52932739257812 -219 -460.48150634765625 257.9644775390625 -219 -445.58905029296875 281.94915771484375 -219 -475.630126953125 302.9841613769531 -219 -507.97802734375 256.7865905761719 -219 -132.07455444335938 -468 -59 132.0745849609375 -468 -59 -132.07455444335938 -519.1741333007812 -59 -79.31048583984375 -522.9017944335938 -59 -26.44781494140625 -524.766845703125 -59 26.44781494140625 -524.766845703125 -59 79.31048583984375 -522.9017944335938 -59 132.0745849609375 -519.1741333007812 -59 -132.07455444335938 470 -59 -154.35824584960938 469.55072021484375 -71.865478515625 -280 477.0176086425781 -144.40480041503906 -287.9591369628906 476.85711669921875 -149 -287.9591369628906 508.3333435058594 -149 -199.81903076171875 491.3707580566406 -98.11228942871094 -154.35824584960938 479.55072021484375 -71.865478515625 -280 500 -144.40480041503906 -150.17739868164062 517.4633178710938 -69.45169067382812 -279.2988586425781 477.03173828125 -144 -279.2988586425781 500 -144 -132.07455444335938 519.1741333007812 -59 132.0745849609375 470 -59 -132.07455444335938 470 -59 -132.07455444335938 519.1741333007812 -59 -79.31048583984375 522.9017944335938 -59 -26.44781494140625 524.766845703125 -59 26.44781494140625 524.766845703125 -59 79.31048583984375 522.9017944335938 -59 132.0745849609375 519.1741333007812 -59 132.0745849609375 519.1741333007812 -59 154.35821533203125 469.55072021484375 -71.865478515625 132.0745849609375 470 -59 287.9591064453125 476.85711669921875 -149 280 477.0176086425781 -144.40480041503906 199.81903076171875 491.3707580566406 -98.11228942871094 287.9591064453125 508.3333435058594 -149 154.35821533203125 479.55072021484375 -71.865478515625 280 500 -144.40480041503906 279.29888916015625 500 -144 279.29888916015625 477.03173828125 -144 150.1773681640625 517.4633178710938 -69.45169067382812 -154.35824584960938 479.55072021484375 -71.865478515625 -279.2988586425781 477.03173828125 -144 -167.07748413085938 477.03173828125 -144 154.35821533203125 479.55072021484375 -71.865478515625 279.29888916015625 477.03173828125 -144 167.0775146484375 477.03173828125 -144 340 -305.16748046875 -24 -340 -305.16748046875 -24 172.6201171875 -305.16748046875 -173 -172.62014770507812 -305.16748046875 -169.0281982421875 172.6201171875 -305.16748046875 -169.0281982421875 340 -305.16748046875 -269 310 -305.16748046875 -269 309.41070556640625 -305.16748046875 -268.80792236328125 -309.41070556640625 -305.16748046875 -268.80792236328125 -310 -305.16748046875 -269 -340 -305.16748046875 -269 280 470 -144 280 500 -144 167.0775146484375 477.03173828125 -144 279.29888916015625 500 -144 279.29888916015625 477.03173828125 -144 167.0775146484375 470 -144 280 470 -144 280 500 -144 280 470 -274 280 472.4920349121094 -274 280 477.0176086425781 -144.40480041503906 280 500 -144.40480041503906 279.29888916015625 500 -144 280 500 -144 280 500 -144.40480041503906 167.0775146484375 470 -144 280 470 -144 280 470 -274 190 470 -274 -280 470 -144 -167.07748413085938 470 -144 -280 470 -274 -190 470 -274 -280 500 -144 -279.2988586425781 500 -144 -280 500 -144.40480041503906 -280 470 -144 -280 500 -144 -167.07748413085938 470 -144 -167.07748413085938 477.03173828125 -144 -279.2988586425781 477.03173828125 -144 -279.2988586425781 500 -144 -280 470 -274 -280 470 -144 -280 500 -144 -280 477.0176086425781 -144.40480041503906 -280 472.4920349121094 -274 -280 500 -144.40480041503906 280 -470 -274 280 -500 -144 280 -470 -144 280 -472.4920349121094 -274 280 -477.0176086425781 -144.40480041503906 280 -500 -144.40480041503906 280 -500 -144 280 -470 -144 167.0775146484375 -477.03173828125 -144 279.29888916015625 -500 -144 279.29888916015625 -477.03173828125 -144 167.0775146484375 -470 -144 280 -500 -144.40480041503906 279.29888916015625 -500 -144 280 -500 -144 280 -470 -274 167.0775146484375 -470 -144 280 -470 -144 190 -470 -274 -280 -470 -274 -280 -470 -144 -167.07748413085938 -470 -144 -190 -470 -274 -280 -500 -144.40480041503906 -280 -500 -144 -279.2988586425781 -500 -144 -167.07748413085938 -470 -144 -280 -500 -144 -280 -470 -144 -167.07748413085938 -477.03173828125 -144 -279.2988586425781 -477.03173828125 -144 -279.2988586425781 -500 -144 -280 -500 -144 -280 -470 -144 -280 -470 -274 -280 -472.4920349121094 -274 -280 -500 -144.40480041503906 -280 -477.0176086425781 -144.40480041503906 -565.9967651367188 373 -435 -565.9967651367188 457.98822021484375 -435 -442.9348449707031 373 -435 -442.9348449707031 457.98822021484375 -435 442.934814453125 -457.98822021484375 -435 442.934814453125 -373 -435 565.996826171875 -457.98822021484375 -435 565.996826171875 -373 -435 -565.9967651367188 -457.98822021484375 -435 -565.9967651367188 -373 -435 -442.9348449707031 -457.98822021484375 -435 -442.9348449707031 -373 -435 442.934814453125 373 -435 442.934814453125 457.98822021484375 -435 565.996826171875 373 -435 565.996826171875 457.98822021484375 -435 380 -345 -69 380 -326 -69 380 -326 -229 380 -345 -173 380 -342.4762268066406 -173 380 -340.5206604003906 -229 380 -326 -69 393 -332.7915344238281 -69 395.588623046875 -332.7915344238281 -69 393 -326 -69 393 -335.67669677734375 -69 393 -345 -69 380 -345 -69 380 -345 -173 393 -345 -173 380 -345 -69 393 -345 -69 380 -91 -250 380 -1 -250 380 -91 -246.89999389648438 380 -10 -159 380 -10 -246.89999389648438 380 -1 -159 393 -10 -159 380 -10 -159 380 -1 -159 393 -1 -159 393 -91 -49 393 -14 -49 380 -91 -49 380 -14 -49 653.8455810546875 -10 -73.7840576171875 653.8455810546875 258.5 -73.7840576171875 619.115966796875 -10 -270.74560546875 619.115966796875 258.5 -270.74560546875 422.1544189453125 258.5 -236.01596069335938 653.8455810546875 258.5 -73.7840576171875 602.0816650390625 258.5 -246.41802978515625 629.51806640625 258.5 -90.81838989257812 473.91839599609375 258.5 -63.381988525390625 446.48199462890625 258.5 -218.98159790039062 619.115966796875 258.5 -270.74560546875 456.884033203125 258.5 -39.054412841796875 619.115966796875 -10 -270.74560546875 422.1544189453125 258.5 -236.01596069335938 619.115966796875 258.5 -270.74560546875 483.880859375 -10 -246.89999389648438 422.1544189453125 -10 -236.01596069335938 483.880859375 -10 -246.89999389648438 619.115966796875 -10 -270.74560546875 653.8455810546875 -10 -73.7840576171875 620 -10 -246.89999389648438 620 -10 -67.816162109375 473.91839599609375 327.5 -63.381988525390625 473.91839599609375 258.5 -63.381988525390625 629.51806640625 258.5 -90.81838989257812 629.51806640625 327.5 -90.81838989257812 629.51806640625 258.5 -90.81838989257812 629.51806640625 327.5 -90.81838989257812 602.0816650390625 258.5 -246.41802978515625 602.0816650390625 327.5 -246.41802978515625 629.51806640625 327.5 -90.81838989257812 473.91839599609375 327.5 -63.381988525390625 602.0816650390625 327.5 -246.41802978515625 446.48199462890625 327.5 -218.98159790039062 446.48199462890625 327.5 -218.98159790039062 602.0816650390625 258.5 -246.41802978515625 602.0816650390625 327.5 -246.41802978515625 446.48199462890625 258.5 -218.98159790039062 446.48199462890625 258.5 -218.98159790039062 473.91839599609375 258.5 -63.381988525390625 473.91839599609375 327.5 -63.381988525390625 446.48199462890625 327.5 -218.98159790039062 562.5 -168.5 -246.89999389648438 562.5 -168.5 -338.8999938964844 437.5 -168.5 -246.89999389648438 437.5 -168.5 -338.8999938964844 562.5 -168.5 -246.89999389648438 562.5 -168.5 -338.8999938964844 558.7308349609375 -147.1237335205078 -338.8999938964844 547.8778076171875 -128.32577514648438 -338.8999938964844 531.25 -114.3734130859375 -338.8999938964844 510.85302734375 -106.94951629638672 -338.8999938964844 489.14697265625 -106.94951629638672 -338.8999938964844 468.75 -114.3734130859375 -338.8999938964844 452.1221923828125 -128.32577514648438 -338.8999938964844 441.26922607421875 -147.1237335205078 -338.8999938964844 441.26922607421875 -189.8762664794922 -338.8999938964844 452.1221923828125 -208.67422485351562 -338.8999938964844 468.75 -222.6265869140625 -338.8999938964844 489.14697265625 -230.0504913330078 -338.8999938964844 510.85302734375 -230.0504913330078 -338.8999938964844 531.25 -222.6265869140625 -338.8999938964844 547.8778076171875 -208.67422485351562 -338.8999938964844 558.7308349609375 -189.8762664794922 -338.8999938964844 558.7308349609375 -189.8762664794922 -246.89999389648438 547.8778076171875 -208.67422485351562 -246.89999389648438 531.25 -222.6265869140625 -246.89999389648438 510.85302734375 -230.0504913330078 -246.89999389648438 489.14697265625 -230.0504913330078 -246.89999389648438 468.75 -222.6265869140625 -246.89999389648438 452.1221923828125 -208.67422485351562 -246.89999389648438 441.26922607421875 -189.8762664794922 -246.89999389648438 441.26922607421875 -147.1237335205078 -246.89999389648438 452.1221923828125 -128.32577514648438 -246.89999389648438 468.75 -114.3734130859375 -246.89999389648438 489.14697265625 -106.94951629638672 -246.89999389648438 510.85302734375 -106.94951629638672 -246.89999389648438 531.25 -114.3734130859375 -246.89999389648438 547.8778076171875 -128.32577514648438 -246.89999389648438 558.7308349609375 -147.1237335205078 -246.89999389648438 562.5 -168.5 -338.8999938964844 558.7308349609375 -189.8762664794922 -338.8999938964844 547.8778076171875 -208.67422485351562 -338.8999938964844 531.25 -222.6265869140625 -338.8999938964844 510.85302734375 -230.0504913330078 -338.8999938964844 489.14697265625 -230.0504913330078 -338.8999938964844 468.75 -222.6265869140625 -338.8999938964844 452.1221923828125 -208.67422485351562 -338.8999938964844 441.26922607421875 -189.8762664794922 -338.8999938964844 437.5 -168.5 -338.8999938964844 441.26922607421875 -147.1237335205078 -338.8999938964844 452.1221923828125 -128.32577514648438 -338.8999938964844 468.75 -114.3734130859375 -338.8999938964844 489.14697265625 -106.94951629638672 -338.8999938964844 510.85302734375 -106.94951629638672 -338.8999938964844 531.25 -114.3734130859375 -338.8999938964844 547.8778076171875 -128.32577514648438 -338.8999938964844 558.7308349609375 -147.1237335205078 -338.8999938964844 401.581787109375 -326 -65.7705078125 397.2908935546875 -326 -65.7705078125 393 -326 -65.7705078125 393 -326 -69 401.581787109375 -326 -60.899993896484375 380 -326 -69 620 -326 -60.899993896484375 380 -326 -229 380 -326 -246.89999389648438 620 -326 -246.89999389648438 620 -10 -246.89999389648438 380 -91 -246.89999389648438 562.5 -168.5 -246.89999389648438 558.7308349609375 -147.1237335205078 -246.89999389648438 547.8778076171875 -128.32577514648438 -246.89999389648438 531.25 -114.3734130859375 -246.89999389648438 510.85302734375 -106.94951629638672 -246.89999389648438 489.14697265625 -106.94951629638672 -246.89999389648438 468.75 -114.3734130859375 -246.89999389648438 452.1221923828125 -128.32577514648438 -246.89999389648438 441.26922607421875 -147.1237335205078 -246.89999389648438 437.5 -168.5 -246.89999389648438 441.26922607421875 -189.8762664794922 -246.89999389648438 452.1221923828125 -208.67422485351562 -246.89999389648438 468.75 -222.6265869140625 -246.89999389648438 489.14697265625 -230.0504913330078 -246.89999389648438 510.85302734375 -230.0504913330078 -246.89999389648438 531.25 -222.6265869140625 -246.89999389648438 547.8778076171875 -208.67422485351562 -246.89999389648438 558.7308349609375 -189.8762664794922 -246.89999389648438 620 -326 -246.89999389648438 380 -10 -246.89999389648438 483.880859375 -10 -246.89999389648438 380 -326 -246.89999389648438 620 -10 -246.89999389648438 620 -326 -60.899993896484375 620 -326 -246.89999389648438 620 -10 -67.816162109375 620 -10 -60.899993896484375 620 -10 -67.816162109375 620 -10 -60.899993896484375 580.776611328125 -10 -60.899993896484375 380 -10 -246.89999389648438 393 -10 -159 393 -10 -126.51763916015625 448.05975341796875 -10 -60.899993896484375 380 -10 -159 422.1544189453125 -10 -236.01596069335938 483.880859375 -10 -246.89999389648438 453.0321044921875 -10 -60.899993896484375 393 -313.6046142578125 -60.899993896484375 412.1689453125 -313.6046142578125 -60.899993896484375 380 -14 -60.899993896484375 393 -270 -60.899993896484375 380 -270 -60.899993896484375 448.05975341796875 -10 -60.899993896484375 448.05975341796875 -14 -60.899993896484375 401.581787109375 -326 -60.899993896484375 620 -326 -60.899993896484375 620 -10 -60.899993896484375 453.0321044921875 -10 -60.899993896484375 580.776611328125 -10 -60.899993896484375 380 -91 -60.899993896484375 454.35491943359375 -10 -53.397674560546875 454.35491943359375 14 -53.397674560546875 456.884033203125 258.5 -39.054412841796875 422.1544189453125 258.5 -236.01596069335938 456.884033203125 254.7089385986328 -39.054412841796875 448.20166015625 124.25 -88.2947998046875 448.20166015625 191.375 -88.2947998046875 452.5428466796875 124.25 -63.674591064453125 452.5428466796875 191.375 -63.674591064453125 456.884033203125 14 -39.054412841796875 448.20166015625 57.125 -88.2947998046875 452.5428466796875 57.125 -63.674591064453125 454.7177734375 257.8437194824219 -51.339935302734375 422.1544189453125 -10 -236.01596069335938 453.0321044921875 -10 -60.899993896484375 456.884033203125 17.14043426513672 -39.054412841796875 456.701904296875 76.62374114990234 -40.08746337890625 456.28399658203125 136.5950927734375 -42.457427978515625 455.62451171875 197.01547241210938 -46.19757080078125 465.16510009765625 -10 -40.51458740234375 454.35491943359375 -10 -53.397674560546875 580.776611328125 -10 -60.899993896484375 453.0321044921875 -10 -60.899993896484375 380 -326 -246.89999389648438 380 -270 -229 380 -270 -60.899993896484375 380 -326 -229 380 -91 -60.899993896484375 380 -91 -246.89999389648438 569.34912109375 373 -339 569.34912109375 405 -339 321.46124267578125 405 -339 327 373 -339 321.46124267578125 378.53875732421875 -339 317.0531005859375 405 -314 570.22216796875 373 -314 570.22216796875 405 -314 317.0531005859375 382.9469299316406 -314 327 373 -314 570.22216796875 405 -314 321.46124267578125 405 -339 569.34912109375 405 -339 317.0531005859375 405 -314 569.34912109375 -373 -339 569.34912109375 -405 -339 321.46124267578125 -378.53875732421875 -339 327 -373 -339 321.46124267578125 -405 -339 570.22216796875 -373 -314 570.22216796875 -405 -314 317.0531005859375 -405 -314 317.0531005859375 -382.9469299316406 -314 327 -373 -314 570.22216796875 -405 -314 569.34912109375 -405 -339 317.0531005859375 -405 -314 321.46124267578125 -405 -339 -569.3491821289062 -405 -339 -569.3491821289062 -373 -339 -327 -373 -339 -321.46124267578125 -378.53875732421875 -339 -321.46124267578125 -405 -339 -317.0531005859375 -405 -314 -570.22216796875 -373 -314 -570.22216796875 -405 -314 -327 -373 -314 -317.0531005859375 -382.9469299316406 -314 -570.22216796875 -405 -314 -317.0531005859375 -405 -314 -569.3491821289062 -405 -339 -321.46124267578125 -405 -339 -570.22216796875 405 -314 -317.0531005859375 405 -314 -569.3491821289062 405 -339 -321.46124267578125 405 -339 -321.46124267578125 405 -339 -569.3491821289062 373 -339 -569.3491821289062 405 -339 -327 373 -339 -321.46124267578125 378.53875732421875 -339 -570.22216796875 373 -314 -570.22216796875 405 -314 -317.0531005859375 405 -314 -327 373 -314 -317.0531005859375 382.9469299316406 -314 525.01904296875 1.9906298831529057E-13 -38.99676513671875 393 -280.5882263183594 -53.619171142578125 415.654296875 -280.5882263183594 -53.619171142578125 438.30859375 280.5882263183594 -53.619171142578125 404.154296875 280.5882263183594 -53.619171142578125 517.4632568359375 150.17738342285156 -43.17974853515625 495.5274658203125 192.4618682861328 -45.8682861328125 370 -270 -52.533905029296875 393 -270 -52.533905029296875 393 -91 -40.533966064453125 466.40557861328125 -14 -39.036285400390625 429.7027587890625 -14 -39.036285400390625 393 -14 -39.036285400390625 370 14 -39.036285400390625 418.2027587890625 14 -39.036285400390625 466.40557861328125 14 -39.036285400390625 370 280.5882263183594 -53.619171142578125 370 214.1070098876953 -47.50262451171875 370 147.47447204589844 -43.030548095703125 370 80.7517318725586 -40.20782470703125 438.30859375 -280.5882263183594 -53.619171142578125 460.46697998046875 -249.4607391357422 -50.548431396484375 481.046630859375 -217.35223388671875 -47.76190185546875 500.0458984375 -184.25900268554688 -45.294158935546875 517.4632568359375 -150.17738342285156 -43.17974853515625 454.7177734375 257.8437194824219 -51.339935302734375 520.7689208984375 -112.63304138183594 -41.349700927734375 523.130126953125 -75.08869171142578 -40.042510986328125 524.5467529296875 -37.54434585571289 -39.258209228515625 524.5467529296875 37.54434585571289 -39.258209228515625 523.130126953125 75.08869171142578 -40.042510986328125 520.7689208984375 112.63304138183594 -41.349700927734375 466.43603515625 8.881784197001252E-16 -39 393 -52.505340576171875 -39.51055908203125 370 -91 -40.533966064453125 370 -180.59970092773438 -45.04681396484375 456.884033203125 17.14043426513672 -39.054412841796875 456.701904296875 76.62374114990234 -40.08746337890625 456.28399658203125 136.5950927734375 -42.457427978515625 455.62451171875 197.01547241210938 -46.19757080078125 481.157958984375 152.9306182861328 -43.33453369140625 470.131591796875 113.58667755126953 -41.39031982421875 469.5699462890625 111.20974731445312 -41.291259765625 460.88067626953125 64.02074432373047 -39.759124755859375 456.884033203125 258.5 -39.054412841796875 653.8455810546875 258.5 -73.7840576171875 465.16510009765625 14 -40.51458740234375 465.16510009765625 -10 -40.51458740234375 653.8455810546875 -10 -73.7840576171875 620 -10 -67.816162109375 506.1243896484375 124.25 -47.73681640625 481.5042724609375 124.25 -43.395599365234375 456.884033203125 17.14043426513672 -39.054412841796875 456.884033203125 14 -39.054412841796875 506.1243896484375 57.125 -47.73681640625 481.5042724609375 57.125 -43.395599365234375 456.884033203125 254.7089385986328 -39.054412841796875 495.5274658203125 192.4618682861328 -45.8682861328125 481.157958984375 152.9306182861328 -43.33453369140625 470.131591796875 113.58667755126953 -41.39031982421875 469.5699462890625 111.20974731445312 -41.291259765625 460.88067626953125 64.02074432373047 -39.759124755859375 580.776611328125 -10 -60.899993896484375 340 -270 -229 340 -270 -189.87709045410156 340 -294.16748046875 -229 340 -91 -197.96473693847656 340 -91 -250 340 -1 -250 340 -1 -198.9998779296875 340 360 -173 340 -294.16748046875 -269 340 -294.16748046875 -249 340 -305.16748046875 -269 340 -305.16748046875 -24 340 342.4762268066406 -173 340 -180.5452880859375 -194.92333984375 340 113.4842300415039 -197.3898468017578 340 227.87548828125 -192.50381469726562 340 342.08001708984375 -184.34580993652344 340 360 -24 -340 -305.16748046875 -24 340 -305.16748046875 -24 260 440 -24 -260 440 -24 340 360 -24 -340 360 -24</float_array>
          <technique_common>
            <accessor count="1977" offset="0" source="#lib-position-array-a847f861-944f-42a6-ae69-bf44e1395a78" stride="3">
              <param name="X" type="float" />
              <param name="Y" type="float" />
              <param name="Z" type="float" />
            </accessor>
          </technique_common>
        </source>
        <source id="lib-normal-a847f861-944f-42a6-ae69-bf44e1395a78" name="normal">
          <float_array id="lib-normal-array-a847f861-944f-42a6-ae69-bf44e1395a78" count="5931">0.000000 0.324031 -0.946047 0.000000 0.324031 -0.946047 0.000000 0.215348 -0.976537 0.000000 0.215968 -0.976400 -0.000000 -0.586667 -0.809829 -0.000000 -0.476606 -0.879117 -0.000000 -0.357438 -0.933937 -0.000000 -0.232119 -0.972687 -0.000000 -0.238914 -0.971041 -0.000000 -0.367018 -0.930214 -0.000000 -0.488695 -0.872455 -0.000000 -0.602849 -0.797855 0.000000 0.000000 1.000000 0.000000 0.000000 1.000000 0.000000 0.000000 1.000000 0.000000 0.000000 1.000000 0.000000 0.000000 1.000000 0.000000 0.000000 1.000000 0.000000 0.000000 1.000000 0.000000 0.000000 1.000000 0.000000 0.000000 1.000000 0.000000 0.000000 1.000000 0.000000 0.000000 1.000000 0.000000 0.000000 1.000000 0.000000 0.000000 1.000000 0.000000 0.000000 1.000000 0.000000 0.000000 1.000000 0.000000 0.000000 1.000000 0.000000 0.000000 1.000000 0.000000 0.000000 1.000000 0.000000 0.000000 1.000000 0.000000 0.000000 1.000000 0.000000 0.000000 1.000000 0.000000 0.000000 1.000000 0.000000 0.000000 1.000000 0.000000 0.000000 1.000000 0.000000 0.000000 1.000000 0.000000 0.000000 1.000000 0.000000 0.000000 1.000000 0.000000 0.000000 1.000000 0.000000 0.000000 1.000000 0.000000 0.000000 1.000000 0.000000 0.000000 1.000000 0.000000 0.000000 1.000000 0.000000 0.000000 1.000000 0.000000 0.000000 1.000000 0.000000 0.000000 1.000000 0.000000 0.000000 1.000000 0.000000 0.000000 1.000000 0.000000 0.000000 1.000000 0.000000 0.000000 1.000000 0.000000 0.000000 1.000000 0.000000 0.000000 1.000000 0.000000 0.000000 1.000000 0.000000 0.000000 1.000000 0.000000 0.000000 1.000000 0.000000 0.000000 1.000000 0.000000 0.000000 1.000000 0.000000 0.000000 1.000000 0.000000 0.000000 1.000000 0.000000 0.000000 1.000000 0.000000 0.000000 1.000000 0.000000 0.000000 1.000000 0.000000 0.000000 1.000000 0.000000 0.000000 1.000000 0.000000 0.000000 1.000000 0.000000 0.000000 1.000000 0.000000 0.000000 1.000000 0.000000 0.000000 1.000000 0.000000 0.000000 1.000000 0.000000 0.000000 1.000000 -0.999391 0.000000 -0.034899 -0.999391 0.000000 -0.034899 -0.999391 0.000000 -0.034899 -0.999391 0.000000 -0.034899 -0.999391 0.000000 -0.034899 -0.999391 0.000000 -0.034899 -0.999391 0.000000 -0.034899 -0.999391 0.000000 -0.034899 -0.999391 0.000000 -0.034899 -0.999391 0.000000 -0.034899 -0.999391 0.000000 -0.034899 -0.999391 0.000000 -0.034899 -0.999391 0.000000 -0.034899 -0.999391 0.000000 -0.034899 -0.999391 0.000000 -0.034899 -0.999391 0.000000 -0.034899 0.000000 1.000000 0.000000 0.000000 1.000000 0.000000 0.000000 1.000000 0.000000 0.000000 1.000000 0.000000 0.000000 1.000000 0.000000 0.000000 1.000000 0.000000 0.000000 1.000000 0.000000 -0.999391 0.000000 -0.034899 -0.999391 0.000000 -0.034899 -0.999391 0.000000 -0.034899 -0.999391 0.000000 -0.034899 -0.999391 0.000000 -0.034899 -0.999391 0.000000 -0.034899 -0.999391 0.000000 -0.034899 -0.999391 0.000000 -0.034899 -0.999391 0.000000 -0.034899 -0.999391 0.000000 -0.034899 -0.999391 0.000000 -0.034899 -0.999391 0.000000 -0.034899 -0.999391 0.000000 -0.034899 -0.999391 0.000000 -0.034899 -0.999391 0.000000 -0.034899 -0.999391 0.000000 -0.034899 0.000000 -1.000000 -0.000000 0.000000 -1.000000 0.000000 0.000000 -1.000000 0.000000 0.000000 -1.000000 0.000000 0.000000 -1.000000 0.000000 0.000000 -1.000000 0.000000 0.000000 -1.000000 0.000000 -0.707107 -0.707107 0.000000 -0.707107 -0.707107 0.000000 -0.707107 -0.707107 0.000000 0.707107 -0.707107 0.000000 0.707107 -0.707107 0.000000 0.707107 -0.707107 0.000000 0.707107 0.707107 0.000000 0.707107 0.707107 0.000000 0.707107 0.707107 0.000000 -0.707107 0.707107 0.000000 -0.707107 0.707107 0.000000 -0.707107 0.707107 0.000000 0.000000 1.000000 0.000000 0.000000 1.000000 0.000000 0.000000 1.000000 0.000000 0.000000 1.000000 0.000000 0.000000 1.000000 0.000000 0.000000 1.000000 0.000000 0.000000 1.000000 0.000000 0.000000 -1.000000 0.000000 0.000000 -1.000000 0.000000 0.000000 -1.000000 0.000000 0.000000 -1.000000 0.000000 0.000000 -1.000000 0.000000 0.000000 -1.000000 0.000000 0.000000 -1.000000 0.000000 0.000000 0.406667 -0.913577 0.000000 0.406667 -0.913577 0.000000 0.451943 -0.892047 0.000000 0.451943 -0.892047 0.000000 0.406667 -0.913577 0.000000 0.429440 -0.903095 0.000000 0.429469 -0.903082 1.000000 0.000000 0.000000 1.000000 0.000000 -0.000000 1.000000 0.000000 0.000000 1.000000 0.000000 0.000000 1.000000 0.000000 0.000000 1.000000 0.000000 0.000000 1.000000 0.000000 0.000000 1.000000 0.000000 0.000000 -0.000000 -1.000000 0.000000 -0.000000 -1.000000 0.000000 -0.000000 -1.000000 0.000000 -0.000000 -1.000000 0.000000 -0.000000 -1.000000 -0.000000 -0.000000 -1.000000 -0.000000 -0.000000 -1.000000 -0.000000 -0.000000 -1.000000 -0.000000 0.000000 1.000000 0.000000 0.000000 1.000000 -0.000000 0.000000 1.000000 0.000000 0.000000 1.000000 -0.000000 0.000000 1.000000 0.000000 0.000000 1.000000 0.000000 0.000000 1.000000 0.000000 0.000000 1.000000 0.000000 0.000000 -0.999391 -0.034899 0.000000 -0.999391 -0.034899 0.000000 -0.999391 -0.034899 0.000000 -0.999391 -0.034899 0.000000 -0.999391 -0.034899 0.000000 -0.999391 -0.034899 0.000000 0.999391 -0.034899 0.000000 0.999391 -0.034899 0.000000 0.999391 -0.034899 0.000000 0.999391 -0.034899 0.000000 0.999391 -0.034899 0.000000 0.999391 -0.034899 0.901227 -0.433347 0.000000 0.433347 -0.901227 0.000000 0.753607 -0.657325 0.000000 0.753607 -0.657325 0.000000 0.767094 -0.641535 0.000000 0.783900 -0.620887 0.000000 0.800393 -0.599475 0.000000 0.901227 -0.433347 0.000000 0.861540 -0.507690 0.000000 0.815733 -0.578428 0.000000 0.764133 -0.645058 0.000000 0.707107 -0.707107 0.000000 0.645058 -0.764133 0.000000 0.578428 -0.815733 0.000000 0.507690 -0.861540 0.000000 0.433347 -0.901227 0.000000 0.433347 -0.901227 0.000000 0.541401 -0.840764 0.000000 0.595864 -0.803085 0.000000 0.647714 -0.761884 0.000000 0.696722 -0.717341 0.000000 0.742675 -0.669652 0.000000 0.742675 -0.669652 0.000000 0.745973 -0.665976 0.000000 0.749785 -0.661682 0.000000 0.496585 -0.867988 0.000000 0.519137 -0.854691 0.000000 0.828615 -0.559819 0.000000 0.854827 -0.518914 0.000000 0.879034 -0.476760 0.000000 -0.433347 0.901227 0.000000 -0.843337 0.537100 0.017510 -0.747112 0.664698 0.000000 -0.692253 0.721655 0.000000 -0.633064 0.774099 0.000000 -0.569917 0.821702 0.000000 -0.503205 0.864167 0.000000 -0.433347 0.901227 0.000000 -0.433347 0.901227 0.000000 -0.541401 0.840764 0.000000 -0.590348 0.807149 0.000000 -0.637214 0.770687 0.000000 -0.681832 0.731508 0.000000 -0.724047 0.689750 0.000000 -0.724047 0.689750 0.000000 -0.742773 0.669544 0.000000 -0.761505 0.648160 0.000000 -0.780027 0.625746 0.000000 -0.798321 0.602232 0.000000 -0.797788 0.602938 0.000000 -0.800740 0.599013 0.000000 -0.838750 0.544236 0.017486 -0.496585 0.867988 0.000000 -0.519137 0.854691 0.000000 -0.100118 0.994976 0.000000 -0.100118 0.994976 0.000000 -0.100118 0.994976 0.000000 -0.066808 0.997766 0.000000 -0.033423 0.999441 0.000000 0.000000 1.000000 0.000000 0.033423 0.999441 0.000000 0.066808 0.997766 0.000000 0.100118 0.994976 0.000000 0.100118 0.994976 0.000000 0.088050 0.996116 0.000000 0.052874 0.998601 0.000000 0.017632 0.999845 0.000000 -0.017632 0.999845 0.000000 -0.052874 0.998601 0.000000 -0.088050 0.996116 0.000000 0.100118 0.994976 0.000000 0.433347 0.901227 0.000000 0.901227 0.433347 0.000000 0.433347 0.901227 0.000000 0.433347 0.901227 0.000000 0.800393 0.599475 0.000000 0.780419 0.625256 0.000000 0.760147 0.649751 0.000000 0.739628 0.673015 0.000000 0.719191 0.694812 0.000000 0.719191 0.694812 0.000000 0.677975 0.735085 0.000000 0.634507 0.772917 0.000000 0.588932 0.808183 0.000000 0.541401 0.840764 0.000000 0.507690 0.861540 0.000000 0.578428 0.815733 0.000000 0.645058 0.764133 0.000000 0.707107 0.707107 0.000000 0.764133 0.645058 0.000000 0.815733 0.578428 0.000000 0.861540 0.507690 0.000000 0.901227 0.433347 0.000000 0.873283 0.487213 0.000000 0.519137 0.854691 0.000000 0.496585 0.867988 0.000000 0.824056 0.566508 0.000000 0.821297 0.570502 0.000000 0.100118 -0.994976 0.000000 0.100118 -0.994976 0.000000 0.100118 -0.994976 0.000000 0.066808 -0.997766 0.000000 0.033423 -0.999441 0.000000 -0.000000 -1.000000 -0.000000 -0.033423 -0.999441 -0.000000 -0.066808 -0.997766 -0.000000 -0.100118 -0.994976 -0.000000 -0.100118 -0.994976 -0.000000 -0.100118 -0.994976 -0.000000 -0.088050 -0.996116 -0.000000 -0.052874 -0.998601 -0.000000 -0.017632 -0.999845 -0.000000 0.017632 -0.999845 0.000000 0.052874 -0.998601 0.000000 0.088050 -0.996116 0.000000 0.994976 -0.100118 0.000000 0.994976 0.100118 0.000000 0.994976 0.100118 0.000000 0.997766 0.066808 0.000000 0.999441 0.033423 0.000000 1.000000 -0.000000 0.000000 0.999441 -0.033423 0.000000 0.997766 -0.066808 0.000000 0.994976 -0.100118 0.000000 0.997177 -0.075088 0.000000 0.998746 -0.050059 0.000000 0.999687 -0.025029 0.000000 1.000000 0.000000 0.000000 0.999687 0.025029 0.000000 0.998746 0.050059 0.000000 0.997177 0.075088 0.000000 -0.994976 -0.100118 -0.000000 -0.994976 -0.100118 -0.000000 -1.000000 -0.000000 -0.000000 -0.994976 0.100118 0.000000 -0.997766 -0.066808 -0.000000 -0.999441 -0.033423 -0.000000 -0.999441 0.033423 0.000000 -0.997766 0.066808 0.000000 -0.994976 0.100118 0.000000 -0.994976 0.100118 0.000000 -0.997177 0.075088 0.000000 -0.998746 0.050059 0.000000 -0.999687 0.025029 0.000000 -1.000000 0.000000 0.000000 -0.999687 -0.025029 -0.000000 -0.998746 -0.050059 -0.000000 -0.997177 -0.075088 -0.000000 -0.433347 -0.901227 -0.000000 -0.901227 -0.433347 -0.000000 -0.433347 -0.901227 -0.000000 -0.433347 -0.901227 -0.000000 -0.901227 -0.433347 -0.000000 -0.507690 -0.861540 -0.000000 -0.578428 -0.815733 -0.000000 -0.645058 -0.764133 -0.000000 -0.707107 -0.707107 -0.000000 -0.764133 -0.645058 -0.000000 -0.815733 -0.578428 -0.000000 -0.861540 -0.507690 -0.000000 -0.879034 -0.476760 -0.000000 -0.854827 -0.518914 -0.000000 -0.828615 -0.559819 -0.000000 -0.800393 -0.599475 -0.000000 -0.781535 -0.623861 -0.000000 -0.762404 -0.647101 -0.000000 -0.743224 -0.669043 -0.000000 -0.724047 -0.689750 -0.000000 -0.724047 -0.689750 -0.000000 -0.681832 -0.731508 -0.000000 -0.637214 -0.770687 -0.000000 -0.590348 -0.807149 -0.000000 -0.541401 -0.840764 -0.000000 -0.496585 -0.867988 -0.000000 -0.519137 -0.854691 -0.000000 -0.901227 0.433347 0.000000 -0.901227 0.433347 0.000000 -0.901227 0.433347 0.000000 -0.884664 0.466229 0.000000 -0.866902 0.498479 0.000000 -0.845086 0.534630 0.000000 -0.847868 0.530207 0.000000 -0.847525 0.530755 0.000000 -0.861961 0.506975 0.000000 -0.875723 0.482814 0.000000 -0.888812 0.458272 0.000000 -0.802236 0.596750 0.017510 -0.807271 0.589922 0.017486 -0.822951 0.567039 0.034899 -0.882789 0.468472 0.034899 -0.876658 0.479846 0.034899 -0.763944 0.644338 0.034899 -0.822572 0.567589 0.034899 -0.873518 0.485540 0.034899 -0.760080 0.648892 0.034899 -0.751105 0.659260 0.034899 -0.878243 0.476940 0.034899 -0.757495 0.651908 0.034899 0.000000 0.970811 -0.239847 0.000000 0.970811 -0.239847 0.000000 0.970811 -0.239847 0.000000 0.970811 -0.239847 0.000000 0.970811 -0.239847 0.000000 0.970811 -0.239847 0.000000 -0.970811 -0.239847 0.000000 -0.970811 -0.239847 -0.000000 -0.970811 -0.239847 -0.000000 -0.970811 -0.239847 -0.000000 -0.970811 -0.239847 -0.000000 -0.970811 -0.239847 -0.000000 0.000000 -1.000000 -0.000000 0.000000 -1.000000 -0.000000 0.000000 -1.000000 -0.000000 0.000000 -1.000000 -0.000000 0.000000 -1.000000 -0.000000 0.000000 -1.000000 -0.000000 0.000000 -1.000000 -0.000000 0.000000 -1.000000 0.998630 0.000000 -0.052336 0.998630 0.000000 -0.052336 0.998630 0.000000 -0.052336 0.998630 0.000000 -0.052336 0.998630 0.000000 -0.052336 0.998630 0.000000 -0.052336 0.998630 0.000000 -0.052336 0.998630 0.000000 -0.052336 0.000000 1.000000 -0.000000 0.000000 1.000000 0.000000 0.000000 1.000000 -0.000000 0.000000 1.000000 0.000000 0.000000 -1.000000 0.000000 0.000000 -1.000000 0.000000 0.000000 -1.000000 0.000000 0.000000 -1.000000 0.000000 0.469472 0.882948 0.000000 0.469472 0.882948 0.000000 0.469472 0.882948 0.000000 0.469472 0.882948 0.000000 0.469472 0.882948 0.000000 0.000000 0.000000 -1.000000 0.000000 0.000000 -1.000000 0.000000 0.000000 -1.000000 0.000000 0.000000 -1.000000 0.000000 0.000000 -1.000000 0.000000 0.000000 -1.000000 0.000000 0.000000 -1.000000 0.000000 0.000000 -1.000000 0.000000 0.000000 -1.000000 0.000000 0.000000 -1.000000 0.000000 0.000000 -1.000000 0.000000 0.000000 -1.000000 0.000000 0.000000 -1.000000 0.000000 0.000000 -1.000000 0.000000 0.000000 -1.000000 0.000000 0.000000 -1.000000 0.000000 0.000000 -1.000000 0.000000 0.000000 -1.000000 0.000000 0.000000 -1.000000 0.000000 0.000000 -1.000000 0.000000 0.000000 -1.000000 0.000000 0.000000 -1.000000 0.000000 0.000000 -1.000000 0.000000 0.000000 -1.000000 0.000000 0.000000 -1.000000 0.000000 0.000000 -1.000000 0.000000 0.000000 -1.000000 0.000000 0.000000 -1.000000 0.000000 0.000000 -1.000000 0.000000 0.000000 -1.000000 0.000000 0.000000 -1.000000 0.000000 0.000000 -1.000000 1.000000 0.000000 0.000000 1.000000 0.000000 0.000000 1.000000 0.000000 0.000000 1.000000 0.000000 0.000000 1.000000 0.000000 0.000000 1.000000 0.000000 0.000000 1.000000 0.000000 0.000000 1.000000 0.000000 0.000000 1.000000 0.000000 0.000000 1.000000 0.000000 0.000000 1.000000 0.000000 0.000000 1.000000 0.000000 0.000000 1.000000 0.000000 0.000000 1.000000 0.000000 0.000000 1.000000 0.000000 0.000000 1.000000 0.000000 0.000000 1.000000 0.000000 0.000000 1.000000 0.000000 0.000000 1.000000 0.000000 0.000000 1.000000 0.000000 0.000000 0.000000 1.000000 0.000000 0.000000 1.000000 0.000000 0.000000 1.000000 0.000000 0.000000 1.000000 0.000000 0.000000 1.000000 0.000000 0.000000 1.000000 0.000000 0.000000 1.000000 0.000000 0.000000 1.000000 0.000000 0.000000 0.000000 -1.000000 0.000000 0.000000 -1.000000 0.000000 0.000000 -1.000000 0.000000 0.000000 -1.000000 0.000000 0.000000 -1.000000 0.000000 0.000000 -1.000000 0.000000 0.000000 -1.000000 0.000000 -1.000000 -0.000000 0.000000 -1.000000 -0.000000 -0.000000 -1.000000 -0.000000 -0.000000 -1.000000 -0.000000 -0.000000 -1.000000 -0.000000 -0.000000 -1.000000 -0.000000 -0.000000 -1.000000 -0.000000 -0.000000 -1.000000 -0.000000 -0.000000 -1.000000 -0.000000 -0.000000 -1.000000 -0.000000 0.000000 0.000000 -1.000000 0.000000 0.000000 -1.000000 0.000000 0.000000 -1.000000 0.000000 0.000000 -1.000000 0.000000 1.000000 0.000000 0.000000 1.000000 0.000000 0.000000 1.000000 0.000000 0.000000 1.000000 0.000000 0.000000 1.000000 0.000000 0.000000 1.000000 0.000000 0.000000 1.000000 0.000000 0.000000 1.000000 0.000000 0.000000 -0.999391 -0.034899 0.000000 -0.999391 -0.034899 -0.000000 -0.999391 -0.034899 -0.000000 -0.999391 -0.034899 -0.000000 -0.999391 -0.034899 -0.000000 -0.999391 -0.034899 -0.000000 -0.999391 -0.034899 -0.000000 -0.999391 -0.034899 -0.000000 0.000000 -1.000000 -0.000000 0.000000 -1.000000 -0.000000 0.000000 -1.000000 -0.000000 0.000000 -1.000000 -0.000000 0.000000 -1.000000 -0.000000 0.000000 -1.000000 -0.000000 0.000000 -1.000000 0.000000 0.000000 -1.000000 0.000000 0.000000 -1.000000 0.000000 0.000000 -1.000000 0.000000 0.000000 -1.000000 0.000000 0.000000 -1.000000 0.000000 0.000000 -1.000000 0.000000 0.000000 -1.000000 0.984808 0.000000 -0.173648 0.984808 0.000000 -0.173648 0.984808 0.000000 -0.173648 0.984808 0.000000 -0.173648 0.984808 0.000000 -0.173648 0.984808 0.000000 -0.173648 0.984808 0.000000 -0.173648 0.984808 0.000000 -0.173648 -0.984808 -0.000000 -0.173648 -0.984808 0.000000 -0.173648 -0.984808 0.000000 -0.173648 -0.984808 0.000000 -0.173648 -0.984808 0.000000 -0.173648 -0.984808 0.000000 -0.173648 -0.984808 0.000000 -0.173648 -0.984808 0.000000 -0.173648 -0.500000 0.000000 -0.866025 -0.500000 -0.000000 -0.866025 -0.500000 -0.000000 -0.866025 -0.500000 -0.000000 -0.866025 -0.500000 -0.000000 -0.866025 -0.500000 -0.000000 -0.866025 -0.500000 -0.000000 -0.866025 -0.500000 -0.000000 -0.866025 -0.500000 -0.000000 -0.866025 -0.500000 -0.000000 -0.866025 -0.500000 -0.000000 -0.866025 -0.500000 -0.000000 -0.866025 0.500000 0.000000 -0.866025 0.500000 0.000000 -0.866025 0.500000 0.000000 -0.866025 0.500000 0.000000 -0.866025 0.500000 0.000000 -0.866025 0.500000 0.000000 -0.866025 0.500000 0.000000 -0.866025 0.500000 0.000000 -0.866025 0.500000 0.000000 -0.866025 0.500000 0.000000 -0.866025 0.500000 0.000000 -0.866025 0.500000 0.000000 -0.866025 0.000000 -0.999391 -0.034899 0.000000 -0.999391 -0.034899 0.000000 -0.999391 -0.034899 0.000000 -0.999391 -0.034899 0.000000 -0.999391 -0.034899 0.000000 -0.999391 -0.034899 0.000000 -0.999391 -0.034899 0.000000 -0.999391 -0.034899 0.000000 -0.999391 -0.034899 0.000000 -0.999391 -0.034899 0.000000 -0.999391 -0.034899 0.000000 -0.999391 -0.034899 0.000000 -0.999391 -0.034899 0.000000 -0.999391 -0.034899 0.000000 0.999391 -0.034899 0.000000 0.999391 -0.034899 0.000000 0.999391 -0.034899 0.000000 0.999391 -0.034899 0.000000 0.999391 -0.034899 0.000000 0.999391 -0.034899 0.000000 0.999391 -0.034899 0.000000 0.999391 -0.034899 0.056667 0.998393 0.000000 0.056667 0.998393 0.000000 0.056667 0.998393 0.000000 0.058333 0.998297 0.000000 0.058333 0.998297 0.000000 0.058333 0.998297 0.000000 -0.014342 0.999897 0.000000 -0.029586 0.999562 0.000000 -0.029134 0.999575 0.000000 -0.014342 0.999897 0.000000 -0.029134 0.999575 0.000000 -1.000000 -0.000000 0.000000 -1.000000 0.000000 0.000000 -1.000000 0.000000 0.000000 -1.000000 0.000000 0.000000 -1.000000 0.000000 0.000000 -0.050833 -0.998707 0.000000 -0.029678 -0.999560 0.000000 -0.050833 -0.998707 0.000000 -0.050833 -0.998707 0.000000 -0.040258 -0.999189 0.000000 -0.040236 -0.999190 0.000000 0.029678 -0.999560 0.000000 0.050833 -0.998707 0.000000 0.050833 -0.998707 0.000000 0.040258 -0.999189 0.000000 0.050833 -0.998707 0.000000 0.040236 -0.999190 0.000000 0.029586 0.999562 0.000000 0.029134 0.999575 0.000000 0.029134 0.999575 0.000000 0.000000 0.970811 -0.239847 0.000000 0.970811 -0.239847 0.000000 0.970811 -0.239847 0.000000 0.970811 -0.239847 0.000000 0.970811 -0.239847 0.000000 0.970811 -0.239847 0.000000 0.948683 0.316228 0.000000 0.948683 0.316228 0.000000 0.948683 0.316228 0.000000 0.948683 0.316228 0.000000 0.948683 0.316228 0.000000 0.948683 0.316228 0.000000 0.948683 0.316228 0.000000 0.948683 0.316228 0.000000 0.948683 0.316228 0.000000 0.948683 0.316228 0.000000 0.948683 0.316228 0.000000 0.948683 0.316228 0.000000 0.948683 0.316228 0.000000 0.948683 0.316228 0.000000 0.948683 0.316228 0.000000 0.948683 0.316228 0.000000 0.948683 0.316228 0.000000 0.948683 0.316228 0.000000 0.948683 0.316228 0.000000 0.948683 0.316228 0.000000 0.948683 0.316228 0.000000 0.948683 0.316228 0.000000 0.948683 0.316228 0.000000 0.948683 0.316228 0.000000 0.948683 0.316228 0.000000 0.948683 0.316228 0.000000 0.948683 0.316228 0.000000 0.948683 0.316228 0.000000 -0.948683 0.316228 0.000000 -0.948683 0.316228 0.000000 -0.948683 0.316228 0.000000 -0.948683 0.316228 0.000000 -0.948683 0.316228 0.000000 -0.948683 0.316228 0.000000 -0.948683 0.316228 0.000000 -0.948683 0.316228 0.000000 -0.948683 0.316228 0.000000 -0.948683 0.316228 0.000000 -0.948683 0.316228 0.000000 -0.948683 0.316228 0.000000 -0.948683 0.316228 0.000000 -0.948683 0.316228 0.000000 0.000000 -1.000000 0.000000 0.000000 -1.000000 0.000000 0.000000 -1.000000 0.000000 0.000000 -1.000000 -0.511833 0.327560 0.794186 -0.513537 0.324881 0.794186 -0.513921 0.321462 0.795329 -0.512932 0.324529 0.794721 -0.515228 0.322193 0.794186 -0.818653 0.573227 -0.034899 -0.818653 0.573227 -0.034899 -0.818653 0.573227 -0.034899 -0.818653 0.573227 -0.034899 0.999391 0.000000 -0.034899 0.999391 0.000000 -0.034899 0.999391 0.000000 -0.034899 0.999391 0.000000 -0.034899 0.999391 0.000000 -0.034899 0.999391 0.000000 -0.034899 0.999391 0.000000 -0.034899 0.999391 0.000000 -0.034899 0.999391 0.000000 -0.034899 0.999391 0.000000 -0.034899 0.999391 0.000000 -0.034899 0.999391 0.000000 -0.034899 0.999391 0.000000 -0.034899 0.999391 0.000000 -0.034899 0.999391 0.000000 -0.034899 0.999391 0.000000 -0.034899 0.984808 0.000000 -0.173648 0.984808 0.000000 -0.173648 0.984808 0.000000 -0.173648 0.984808 0.000000 -0.173648 0.984808 0.000000 -0.173648 0.984808 0.000000 -0.173648 0.984808 0.000000 -0.173648 0.984808 0.000000 -0.173648 0.984808 0.000000 -0.173648 0.984808 0.000000 -0.173648 0.984808 0.000000 -0.173648 0.984808 0.000000 -0.173648 0.984808 0.000000 -0.173648 0.984808 0.000000 -0.173648 0.984808 0.000000 -0.173648 0.984808 0.000000 -0.173648 0.984808 0.000000 -0.173648 0.984808 0.000000 -0.173648 0.984808 0.000000 -0.173648 0.984808 0.000000 -0.173648 0.984808 0.000000 -0.173648 0.984808 0.000000 -0.173648 0.984808 0.000000 -0.173648 0.984808 0.000000 -0.173648 0.984808 0.000000 -0.173648 0.984808 0.000000 -0.173648 0.984808 0.000000 -0.173648 0.984808 0.000000 -0.173648 0.984808 0.000000 -0.173648 0.984808 0.000000 -0.173648 0.984808 0.000000 -0.173648 0.984808 0.000000 -0.173648 -0.998630 0.000000 -0.052336 -0.998630 0.000000 -0.052336 -0.998630 0.000000 -0.052336 -0.998630 0.000000 -0.052336 -0.998630 0.000000 -0.052336 -0.998630 0.000000 -0.052336 -0.998630 0.000000 -0.052336 -0.998630 0.000000 -0.052336 0.000000 0.000000 -1.000000 0.000000 0.000000 -1.000000 0.000000 0.000000 -1.000000 0.000000 0.000000 -1.000000 0.000000 0.000000 -1.000000 0.000000 0.000000 -1.000000 0.000000 0.000000 -1.000000 0.000000 0.000000 -1.000000 -0.984808 0.000000 -0.173648 -0.984808 0.000000 -0.173648 -0.984808 0.000000 -0.173648 -0.984808 0.000000 -0.173648 -0.984808 0.000000 -0.173648 -0.984808 0.000000 -0.173648 -0.984808 0.000000 -0.173648 -0.984808 0.000000 -0.173648 -0.984808 0.000000 -0.173648 -0.984808 0.000000 -0.173648 -0.984808 0.000000 -0.173648 -0.984808 0.000000 -0.173648 -0.984808 0.000000 -0.173648 -0.984808 0.000000 -0.173648 -0.984808 0.000000 -0.173648 -0.984808 0.000000 -0.173648 -0.984808 0.000000 -0.173648 -0.984808 0.000000 -0.173648 -0.984808 0.000000 -0.173648 -0.984808 0.000000 -0.173648 -0.984808 0.000000 -0.173648 -0.984808 0.000000 -0.173648 -0.984808 0.000000 -0.173648 -0.984808 0.000000 -0.173648 -0.984808 -0.000000 -0.173648 -0.984808 0.000000 -0.173648 -0.984808 0.000000 -0.173648 -0.984808 0.000000 -0.173648 -0.984808 0.000000 -0.173648 -0.984808 0.000000 -0.173648 -0.984808 0.000000 -0.173648 -0.984808 0.000000 -0.173648 0.000000 0.000000 -1.000000 0.000000 0.000000 -1.000000 0.000000 0.000000 -1.000000 0.000000 0.000000 -1.000000 -0.279678 0.251460 0.926579 -0.340186 0.305863 0.889225 -0.268251 0.263616 0.926579 -0.326287 0.320649 0.889225 -0.381362 0.374772 0.845050 -0.311732 0.334816 0.889225 -0.364351 0.391331 0.845050 -0.328996 0.510911 0.794186 -0.312930 0.234756 0.920307 -0.287710 0.227928 0.930200 -0.262616 0.219116 0.939692 -0.237722 0.208394 0.948715 -0.213094 0.195841 0.957203 -0.358740 0.490484 0.794186 -0.387218 0.468327 0.794186 -0.414332 0.444519 0.794186 -0.439985 0.419144 0.794186 -0.239131 0.232097 0.942840 -0.262253 0.269400 0.926632 -0.282293 0.307698 0.908643 -0.299060 0.346922 0.888937 -0.312349 0.386983 0.867573 -0.321932 0.427768 0.844615 -0.327566 0.469137 0.820129 -0.413786 0.385172 0.824878 -0.385505 0.351032 0.853324 -0.370799 0.320739 0.871570 -0.353715 0.291247 0.888854 -0.334383 0.262581 0.905118 -0.346622 0.407117 0.845050 0.000000 -0.970811 -0.239847 0.000000 -0.970811 -0.239847 -0.000000 -0.970811 -0.239847 -0.000000 -0.970811 -0.239847 -0.000000 -0.970811 -0.239847 -0.000000 -0.970811 -0.239847 0.999391 0.000000 -0.034899 0.999391 0.000000 -0.034899 0.999391 0.000000 -0.034899 0.999391 0.000000 -0.034899 0.999391 0.000000 -0.034899 0.999391 0.000000 -0.034899 0.999391 0.000000 -0.034899 0.999391 0.000000 -0.034899 0.999391 0.000000 -0.034899 0.999391 0.000000 -0.034899 0.999391 0.000000 -0.034899 0.999391 0.000000 -0.034899 0.999391 0.000000 -0.034899 0.999391 0.000000 -0.034899 0.999391 0.000000 -0.034899 0.999391 0.000000 -0.034899 0.000000 -0.948683 0.316228 0.000000 -0.948683 0.316228 0.000000 -0.948683 0.316228 0.000000 -0.948683 0.316228 0.000000 -0.948683 0.316228 0.000000 -0.948683 0.316228 0.000000 -0.948683 0.316228 0.000000 -0.948683 0.316228 0.000000 -0.948683 0.316228 0.000000 -0.948683 0.316228 0.000000 -0.948683 0.316228 0.000000 -0.948683 0.316228 0.000000 -0.948683 0.316228 0.000000 -0.948683 0.316228 -0.000000 0.000000 -1.000000 -0.000000 0.000000 -1.000000 -0.000000 0.000000 -1.000000 -0.000000 0.000000 -1.000000 -0.000000 0.000000 -1.000000 -0.000000 0.000000 -1.000000 -0.000000 0.000000 -1.000000 0.000000 0.000000 -1.000000 0.000000 0.000000 -1.000000 0.000000 0.000000 -1.000000 0.000000 0.000000 -1.000000 0.000000 0.000000 -1.000000 0.000000 0.000000 -1.000000 0.000000 0.000000 -1.000000 0.279678 -0.251460 0.926579 0.340186 -0.305863 0.889225 0.268251 -0.263616 0.926579 0.326287 -0.320649 0.889225 0.381362 -0.374772 0.845050 0.311732 -0.334816 0.889225 0.364351 -0.391331 0.845050 0.328996 -0.510911 0.794186 0.362091 -0.488014 0.794186 0.393599 -0.462977 0.794186 0.423380 -0.435910 0.794186 0.427786 -0.403007 0.809064 0.407242 -0.377062 0.831852 0.385505 -0.351032 0.853324 0.451305 -0.406930 0.794186 0.312930 -0.234756 0.920307 0.287710 -0.227928 0.930200 0.262616 -0.219116 0.939692 0.237722 -0.208394 0.948715 0.213094 -0.195841 0.957203 0.239131 -0.232097 0.942840 0.262253 -0.269400 0.926632 0.282293 -0.307698 0.908643 0.299060 -0.346922 0.888937 0.312349 -0.386983 0.867573 0.321932 -0.427768 0.844615 0.327566 -0.469137 0.820129 0.370799 -0.320739 0.871570 0.353715 -0.291247 0.888854 0.334383 -0.262581 0.905118 0.346622 -0.407117 0.845050 0.328996 0.510911 0.794186 0.311814 0.334740 0.889225 0.364446 0.391242 0.845050 0.268290 0.263577 0.926579 0.326334 0.320601 0.889225 0.381417 0.374716 0.845050 0.279700 0.251435 0.926579 0.340213 0.305833 0.889225 0.437034 0.422220 0.794186 0.411988 0.446692 0.794186 0.385574 0.469682 0.794186 0.357879 0.491112 0.794186 0.327566 0.469137 0.820129 0.321932 0.427768 0.844615 0.312349 0.386983 0.867573 0.299060 0.346922 0.888937 0.282293 0.307698 0.908643 0.262253 0.269400 0.926632 0.239131 0.232097 0.942840 0.213094 0.195841 0.957203 0.237722 0.208394 0.948715 0.262616 0.219116 0.939692 0.287710 0.227928 0.930200 0.312930 0.234756 0.920307 0.389953 0.361543 0.846891 0.414321 0.391947 0.821411 0.336120 0.264998 0.903769 0.356796 0.296226 0.885972 0.374797 0.328419 0.866988 0.346760 0.407000 0.845050 -0.311814 -0.334740 0.889225 -0.364446 -0.391242 0.845050 -0.268290 -0.263577 0.926579 -0.326334 -0.320601 0.889225 -0.381417 -0.374716 0.845050 -0.279700 -0.251435 0.926579 -0.340213 -0.305833 0.889225 -0.213094 -0.195841 0.957203 -0.237722 -0.208394 0.948715 -0.262616 -0.219116 0.939692 -0.287710 -0.227928 0.930200 -0.312930 -0.234756 0.920307 -0.439985 -0.419144 0.794186 -0.414332 -0.444519 0.794186 -0.387218 -0.468327 0.794186 -0.358740 -0.490484 0.794186 -0.328996 -0.510911 0.794186 -0.327566 -0.469137 0.820129 -0.321932 -0.427768 0.844615 -0.312349 -0.386983 0.867573 -0.299060 -0.346922 0.888937 -0.282293 -0.307698 0.908643 -0.262253 -0.269400 0.926632 -0.239131 -0.232097 0.942840 -0.385505 -0.351032 0.853324 -0.413786 -0.385172 0.824878 -0.334383 -0.262581 0.905118 -0.353715 -0.291247 0.888854 -0.370799 -0.320739 0.871570 -0.346760 -0.407000 0.845050 -0.484796 0.366390 0.794186 -0.486589 0.364005 0.794186 -0.488371 0.361611 0.794186 -0.486076 0.363596 0.794688 -0.483713 0.365504 0.795254 -0.707107 -0.707107 0.000000 -0.707107 -0.707107 0.000000 -0.707107 -0.707107 0.000000 -0.707107 -0.707107 0.000000 -0.707107 -0.707107 0.000000 -0.707107 -0.707107 0.000000 -0.707107 -0.707107 0.000000 -0.707107 -0.707107 0.000000 -0.707107 -0.707107 0.000000 -0.707107 -0.707107 0.000000 0.707107 -0.707107 0.000000 0.707107 -0.707107 0.000000 0.707107 -0.707107 0.000000 0.707107 -0.707107 0.000000 0.707107 -0.707107 0.000000 0.707107 -0.707107 0.000000 0.707107 -0.707107 0.000000 0.707107 -0.707107 0.000000 0.707107 -0.707107 0.000000 0.707107 -0.707107 0.000000 0.707107 0.707107 -0.000000 0.707107 0.707107 0.000000 0.707107 0.707107 0.000000 0.707107 0.707107 0.000000 0.707107 0.707107 0.000000 0.707107 0.707107 0.000000 0.707107 0.707107 0.000000 0.707107 0.707107 0.000000 1.000000 0.000000 0.000000 1.000000 0.000000 0.000000 1.000000 0.000000 0.000000 1.000000 0.000000 0.000000 1.000000 0.000000 0.000000 -0.707107 0.707107 0.000000 -0.707107 0.707107 0.000000 -0.707107 0.707107 0.000000 -0.707107 0.707107 0.000000 -0.707107 0.707107 0.000000 -0.707107 0.707107 0.000000 -0.707107 0.707107 0.000000 -0.707107 0.707107 0.000000 0.469472 -0.882948 0.000000 0.469472 -0.882948 0.000000 0.469472 -0.882948 0.000000 0.469472 -0.882948 0.000000 0.469472 -0.882948 0.000000 0.469472 -0.882948 0.000000 0.469472 -0.882948 0.000000 -0.469472 -0.882948 0.000000 -0.469472 -0.882948 -0.000000 -0.469472 -0.882948 -0.000000 -0.469472 -0.882948 -0.000000 -0.469472 -0.882948 -0.000000 -0.469472 -0.882948 -0.000000 -0.469472 -0.882948 -0.000000 -0.469472 0.882948 0.000000 -0.469472 0.882948 0.000000 -0.469472 0.882948 0.000000 -0.469472 0.882948 0.000000 -0.469472 0.882948 0.000000 -0.469472 0.882948 0.000000 -0.469472 0.882948 0.000000 1.000000 -0.000000 0.000000 1.000000 -0.000000 0.000000 1.000000 -0.000000 0.000000 1.000000 -0.000000 0.000000 1.000000 -0.000000 0.000000 1.000000 -0.000000 0.000000 1.000000 -0.000000 0.000000 1.000000 -0.000000 0.000000 1.000000 -0.000000 0.000000 1.000000 -0.000000 0.000000 1.000000 -0.000000 0.000000 1.000000 -0.000000 0.000000 1.000000 -0.000000 0.000000 1.000000 0.000000 0.000000 1.000000 0.000000 0.000000 1.000000 0.000000 0.000000 1.000000 0.000000 0.000000 1.000000 0.000000 0.000000 1.000000 0.000000 0.000000 1.000000 0.000000 0.000000 1.000000 0.000000 0.000000 1.000000 0.000000 0.000000 1.000000 0.000000 0.000000 1.000000 0.000000 0.000000 1.000000 0.000000 0.000000 1.000000 0.000000 0.000000 1.000000 0.000000 0.000000 1.000000 0.000000 0.000000 1.000000 0.000000 0.000000 1.000000 0.000000 0.000000 -1.000000 0.000000 0.000000 -1.000000 -0.000000 -0.000000 -1.000000 -0.000000 -0.000000 -1.000000 -0.000000 -0.000000 -1.000000 -0.000000 -0.000000 -1.000000 -0.000000 -0.000000 -1.000000 -0.000000 -0.000000 -1.000000 -0.000000 -0.000000 0.000000 -0.101296 -0.994856 0.000000 -0.101296 -0.994856 0.000000 -0.101296 -0.994856 1.000000 0.000000 0.000000 1.000000 0.000000 0.000000 1.000000 0.000000 0.000000 1.000000 0.000000 0.000000 1.000000 0.000000 0.000000 1.000000 0.000000 0.000000 -0.000000 -0.067500 -0.997719 -0.000000 -0.022750 -0.999741 -0.000000 -0.022750 -0.999741 -0.000000 -0.045136 -0.998981 -0.000000 -0.067500 -0.997719 -0.000000 -0.045136 -0.998981 -0.000000 -0.000250 -1.000000 0.000000 0.085520 -0.996336 0.000000 0.085520 -0.996336 0.000000 0.085520 -0.996336 0.000000 0.056969 -0.998376 0.000000 0.028371 -0.999597 -0.000000 -0.000250 -1.000000 0.000000 0.028371 -0.999597 0.000000 0.056969 -0.998376 -1.000000 -0.000000 -0.000000 -1.000000 -0.000000 -0.000000 -1.000000 -0.000000 -0.000000 -1.000000 -0.000000 -0.000000 -1.000000 -0.000000 -0.000000 -1.000000 -0.000000 -0.000000 -1.000000 -0.000000 -0.000000 -1.000000 -0.000000 -0.000000 -1.000000 -0.000000 -0.000000 -1.000000 -0.000000 -0.000000 -1.000000 -0.000000 -0.000000 -1.000000 -0.000000 -0.000000 -1.000000 -0.000000 -0.000000 -1.000000 -0.000000 -0.000000 -1.000000 -0.000000 -0.000000 -1.000000 -0.000000 -0.000000 -1.000000 -0.000000 -0.000000 -1.000000 -0.000000 -0.000000 -1.000000 -0.000000 -0.000000 -1.000000 -0.000000 -0.000000 -0.000000 -1.000000 -0.000000 -0.000000 -1.000000 -0.000000 -0.000000 -1.000000 -0.000000 -0.000000 -1.000000 -0.000000 -0.000000 -1.000000 -0.000000 -0.000000 -1.000000 -0.000000 -0.000000 -1.000000 -0.000000 0.000000 1.000000 0.000000 0.000000 1.000000 0.000000 0.000000 1.000000 0.000000 0.000000 1.000000 0.000000 0.000000 1.000000 0.000000 0.000000 1.000000 0.000000 0.000000 1.000000 0.000000 0.000000 -1.000000 -0.000000 0.000000 -1.000000 -0.000000 -0.000000 -1.000000 -0.000000 -0.000000 -1.000000 -0.000000 -0.000000 -1.000000 -0.000000 -0.000000 -1.000000 -0.000000 -0.000000 -1.000000 -0.000000 0.000000 1.000000 -0.000000 0.000000 1.000000 -0.000000 0.000000 1.000000 0.000000 0.000000 1.000000 0.000000 0.000000 1.000000 0.000000 0.000000 1.000000 0.000000 0.000000 1.000000 0.000000 -0.000000 -0.073542 -0.997292 -0.000000 -0.073398 -0.997303 0.000000 0.085520 -0.996336 0.000000 0.085520 -0.996336 0.000000 0.085520 -0.996336 0.000000 0.053752 -0.998554 0.000000 0.021930 -0.999759 -0.000000 -0.009915 -0.999951 -0.000000 -0.041750 -0.999128 -0.000000 -0.085520 -0.996336 -0.000000 -0.085520 -0.996336 -0.000000 -0.055796 -0.998442 -0.000000 -0.026023 -0.999661 0.000000 0.003774 -0.999993 0.000000 0.033567 -0.999436 0.000000 0.063331 -0.997993 0.000000 0.063331 -0.997993 0.000000 0.067178 -0.997741 0.000000 0.067178 -0.997741 0.000000 -0.576361 -0.817195 0.000000 -0.470569 -0.882363 0.000000 -0.358634 -0.933478 0.000000 -0.241369 -0.970433 0.000000 -0.118349 -0.992972 0.000000 -0.546667 -0.837350 0.000000 -0.103922 -0.994586 0.000000 -0.103922 -0.994586 0.000000 -0.103922 -0.994586 0.000000 -0.334660 -0.942339 0.000000 -0.055621 -0.998452 0.000000 -0.041716 -0.999130 0.000000 -0.027811 -0.999613 0.000000 -0.013906 -0.999903 0.000000 0.000000 -1.000000 0.000000 0.013906 -0.999903 0.000000 0.027811 -0.999613 0.000000 0.041716 -0.999130 0.000000 0.055621 -0.998452 0.000000 0.068246 -0.997669 0.000000 0.080504 -0.996754 0.000000 0.092395 -0.995722 0.000000 0.103922 -0.994586 0.000000 -0.083942 -0.996471 0.000000 -0.077028 -0.997029 0.000000 -0.070004 -0.997547 0.000000 -0.062868 -0.998022 0.000000 0.005185 -0.999987 0.000000 0.005185 -0.999987 0.000000 0.005185 -0.999987 0.000000 0.071075 -0.997471 0.000000 0.038151 -0.999272 0.000000 0.103922 -0.994586 0.000000 -0.081745 -0.996653 0.000000 -0.092006 -0.995758 0.000000 -0.092006 -0.995758 0.000000 -0.005185 -0.999987 0.000000 -0.034162 -0.999416 0.000000 -0.063111 -0.998007 0.000000 -0.005185 -0.999987 0.000000 -0.005185 -0.999987 0.000000 0.000000 -1.000000 0.000000 0.103922 -0.994586 0.000000 0.231503 -0.972834 0.000000 0.353090 -0.935590 0.000000 0.467947 -0.883757 0.000000 0.576361 -0.817195 0.000000 0.546667 -0.837350 0.000000 0.334660 -0.942339 0.573227 0.818653 -0.034899 0.573227 0.818653 -0.034899 0.573227 0.818653 -0.034899 0.573227 0.818653 -0.034899 0.573227 0.818653 -0.034899 0.573227 0.818653 -0.034899 0.573227 0.818653 -0.034899 0.573227 0.818653 -0.034899 0.573227 0.818653 -0.034899 0.573227 0.818653 -0.034899 -0.573227 -0.818653 -0.034899 -0.573227 -0.818653 -0.034899 -0.573227 -0.818653 -0.034899 -0.573227 -0.818653 -0.034899 -0.573227 -0.818653 -0.034899 -0.573227 -0.818653 -0.034899 -0.573227 -0.818653 -0.034899 -0.573227 -0.818653 -0.034899 -0.573227 -0.818653 -0.034899 0.000000 0.999391 -0.034899 0.000000 0.999391 -0.034899 0.000000 0.999391 -0.034899 0.000000 0.999391 -0.034899 0.000000 0.999391 -0.034899 0.000000 0.999391 -0.034899 0.000000 0.999391 -0.034899 0.000000 -0.999391 -0.034899 -0.000000 -0.999391 -0.034899 -0.000000 -0.999391 -0.034899 -0.000000 -0.999391 -0.034899 -0.000000 -0.999391 -0.034899 -0.000000 -0.999391 -0.034899 0.818653 -0.573227 -0.034899 0.818653 -0.573227 -0.034899 0.818653 -0.573227 -0.034899 0.818653 -0.573227 -0.034899 0.000000 0.000000 -1.000000 0.000000 0.000000 -1.000000 0.000000 0.000000 -1.000000 0.000000 0.000000 -1.000000 0.000000 0.000000 -1.000000 0.000000 0.000000 -1.000000 0.000000 0.000000 -1.000000 0.599315 0.000000 -0.800513 0.599315 0.000000 -0.800513 0.599315 0.000000 -0.800513 0.599315 0.000000 -0.800513 0.000000 -1.000000 -0.000000 0.000000 -1.000000 0.000000 0.000000 -1.000000 0.000000 0.000000 -1.000000 0.000000 0.000000 1.000000 0.000000 0.000000 1.000000 0.000000 0.000000 1.000000 0.000000 0.000000 1.000000 0.000000 -0.766044 0.000000 -0.642788 -0.766044 -0.000000 -0.642788 -0.766044 -0.000000 -0.642788 -0.766044 -0.000000 -0.642788 -0.766044 -0.000000 -0.642788 0.766044 0.000000 -0.642788 0.766044 0.000000 -0.642788 0.766044 0.000000 -0.642788 0.766044 0.000000 -0.642788 0.766044 0.000000 -0.642788 0.766044 0.000000 -0.642788 0.766044 0.000000 -0.642788 0.766044 0.000000 -0.642788 0.766044 0.000000 -0.642788 0.766044 0.000000 -0.642788 0.766044 0.000000 -0.642788 0.766044 0.000000 -0.642788 0.766044 0.000000 -0.642788 -0.000000 -1.000000 0.000000 -0.000000 -1.000000 0.000000 -0.000000 -1.000000 -0.000000 -0.000000 -1.000000 -0.000000 -0.000000 -1.000000 -0.000000 -0.000000 -1.000000 -0.000000 -0.000000 -1.000000 -0.000000 0.000000 1.000000 -0.000000 0.000000 1.000000 0.000000 0.000000 1.000000 -0.000000 0.000000 1.000000 0.000000 0.000000 1.000000 0.000000 0.000000 1.000000 0.000000 0.000000 1.000000 0.000000 -1.000000 0.000000 0.000000 -1.000000 0.000000 0.000000 -1.000000 0.000000 0.000000 -1.000000 0.000000 0.000000 -1.000000 0.000000 0.000000 1.000000 0.000000 0.000000 1.000000 -0.000000 0.000000 1.000000 0.000000 0.000000 1.000000 -0.000000 0.000000 1.000000 -0.000000 0.000000 -0.056667 0.998393 0.000000 -0.058333 0.998297 0.000000 -0.056667 0.998393 0.000000 -0.058333 0.998297 0.000000 -0.058333 0.998297 0.000000 -0.056667 0.998393 0.000000 -0.000000 0.000000 -1.000000 -0.000000 0.000000 -1.000000 -0.000000 0.000000 -1.000000 -0.000000 0.000000 -1.000000 -0.000000 0.000000 -1.000000 -0.000000 0.000000 -1.000000 -0.000000 0.000000 -1.000000 -0.000000 0.000000 -1.000000 -0.589313 -0.000000 -0.807905 -0.000000 -0.000000 -1.000000 -0.000000 -0.000000 -1.000000 -0.000000 -0.000000 -1.000000 -0.000000 -0.000000 -1.000000 -0.589313 -0.000000 -0.807905 -0.589313 -0.000000 -0.807905 -0.589313 -0.000000 -0.807905 -0.589313 0.000000 -0.807905 -0.589313 0.000000 -0.807905 -0.589313 0.000000 -0.807905 -0.589313 0.000000 -0.807905 -0.589313 0.000000 -0.807905 -0.589313 0.000000 -0.807905 -0.589313 0.000000 -0.807905 -0.589313 0.000000 -0.807905 -0.589313 0.000000 -0.807905 -0.589313 0.000000 -0.807905 -0.589313 0.000000 -0.807905 0.589313 0.000000 -0.807905 0.589313 0.000000 -0.807905 0.589313 0.000000 -0.807905 0.589313 0.000000 -0.807905 0.589313 0.000000 -0.807905 0.589313 0.000000 -0.807905 0.589313 0.000000 -0.807905 0.589313 0.000000 -0.807905 0.589313 0.000000 -0.807905 0.589313 0.000000 -0.807905 0.589313 0.000000 -0.807905 -0.000000 -0.000000 -1.000000 0.589313 0.000000 -0.807905 0.589313 0.000000 -0.807905 0.589313 0.000000 -0.807905 0.589313 0.000000 -0.807905 -0.000000 -0.000000 -1.000000 -0.000000 -0.000000 -1.000000 -0.000000 -0.000000 -1.000000 0.000000 0.000000 -1.000000 0.000000 0.000000 -1.000000 0.000000 0.000000 -1.000000 0.000000 0.000000 -1.000000 0.000000 0.000000 -1.000000 0.000000 0.000000 -1.000000 0.000000 0.000000 -1.000000 0.000000 0.000000 -1.000000 0.000000 -0.999391 -0.034899 0.000000 -0.999391 -0.034899 -0.000000 -0.999391 -0.034899 -0.000000 -0.999391 -0.034899 -0.000000 -0.999391 -0.034899 -0.000000 -0.999391 -0.034899 -0.000000 -0.999391 -0.034899 -0.000000 -0.999391 -0.034899 0.000000 0.999391 -0.034899 0.000000 0.999391 -0.034899 0.000000 0.999391 -0.034899 0.000000 0.999391 -0.034899 0.000000 0.999391 -0.034899 -0.000000 0.000000 -1.000000 -0.000000 0.000000 -1.000000 -0.000000 0.000000 -1.000000 -0.000000 0.000000 -1.000000 -0.000000 0.000000 -1.000000 -0.000000 0.000000 -1.000000 -0.000000 0.000000 -1.000000 -0.000000 0.000000 -1.000000 -0.000000 0.000000 -1.000000 0.000000 0.999391 -0.034899 0.000000 0.999391 -0.034899 0.000000 0.999391 -0.034899 0.000000 0.999391 -0.034899 0.000000 0.999391 -0.034899 0.000000 0.000000 -1.000000 0.000000 0.000000 -1.000000 0.000000 0.000000 -1.000000 0.000000 0.000000 -1.000000 0.000000 0.000000 -1.000000 0.000000 0.000000 -1.000000 0.000000 0.000000 -1.000000 0.000000 0.000000 -1.000000 0.000000 0.000000 -1.000000 0.000000 1.000000 0.000000 0.000000 1.000000 0.000000 0.000000 1.000000 0.000000 0.000000 1.000000 0.000000 1.000000 0.000000 0.000000 1.000000 0.000000 0.000000 1.000000 0.000000 0.000000 1.000000 0.000000 0.000000 -0.000000 0.000000 1.000000 -0.000000 0.000000 1.000000 -0.000000 0.000000 1.000000 -0.000000 0.000000 1.000000 -0.000000 0.000000 1.000000 0.000000 1.000000 0.000000 0.000000 1.000000 -0.000000 0.000000 1.000000 0.000000 0.000000 1.000000 0.000000 -1.000000 0.000000 0.000000 -1.000000 0.000000 0.000000 -1.000000 0.000000 0.000000 -1.000000 0.000000 0.000000 0.000000 0.000000 1.000000 0.000000 0.000000 1.000000 0.000000 0.000000 1.000000 0.000000 0.000000 1.000000 0.000000 0.000000 1.000000 0.000000 1.000000 0.000000 0.000000 1.000000 0.000000 0.000000 1.000000 0.000000 0.000000 1.000000 0.000000 -1.000000 0.000000 0.000000 -1.000000 0.000000 0.000000 -1.000000 0.000000 0.000000 -1.000000 0.000000 0.000000 0.000000 0.000000 1.000000 0.000000 0.000000 1.000000 0.000000 0.000000 1.000000 0.000000 0.000000 1.000000 0.000000 0.000000 1.000000 0.000000 -1.000000 0.000000 0.000000 -1.000000 0.000000 0.000000 -1.000000 0.000000 -0.000000 -1.000000 -0.000000 0.000000 -1.000000 -0.000000 0.000000 -1.000000 0.000000 0.000000 -1.000000 -0.000000 0.000000 -1.000000 0.000000 1.000000 0.000000 0.000000 1.000000 0.000000 0.000000 1.000000 0.000000 0.000000 1.000000 0.000000 0.000000 -0.000000 0.000000 1.000000 -0.000000 0.000000 1.000000 -0.000000 0.000000 1.000000 -0.000000 0.000000 1.000000 -0.000000 0.000000 1.000000 0.000000 -1.000000 -0.000000 0.000000 -1.000000 -0.000000 -0.000000 -1.000000 -0.000000 -0.000000 -1.000000 -0.000000 0.000000 0.000000 1.000000 0.000000 0.000000 1.000000 0.000000 0.000000 1.000000 0.000000 0.000000 1.000000 0.000000 0.000000 1.000000 0.000000 0.000000 -1.000000 0.000000 0.000000 -1.000000 0.000000 0.000000 -1.000000 0.000000 0.000000 -1.000000 0.000000 0.000000 -1.000000 0.000000 0.000000 -1.000000 0.000000 0.000000 -1.000000 0.000000 0.000000 -1.000000 0.500000 0.000000 -0.866025 0.500000 0.000000 -0.866025 0.500000 0.000000 -0.866025 0.500000 0.000000 -0.866025 0.500000 0.000000 -0.866025 0.500000 0.000000 -0.866025 0.500000 0.000000 -0.866025 0.500000 0.000000 -0.866025 0.500000 0.000000 -0.866025 0.500000 0.000000 -0.866025 0.500000 0.000000 -0.866025 0.500000 0.000000 -0.866025 0.000000 0.000000 -1.000000 0.000000 0.000000 -1.000000 0.000000 0.000000 -1.000000 0.000000 0.000000 -1.000000 0.000000 0.000000 -1.000000 0.000000 0.000000 -1.000000 0.000000 0.000000 -1.000000 0.000000 0.000000 -1.000000 -0.500000 0.000000 -0.866025 -0.500000 0.000000 -0.866025 -0.500000 0.000000 -0.866025 -0.500000 0.000000 -0.866025 -0.500000 0.000000 -0.866025 -0.500000 0.000000 -0.866025 -0.500000 0.000000 -0.866025 -0.500000 0.000000 -0.866025 -0.500000 0.000000 -0.866025 -0.500000 0.000000 -0.866025 -0.500000 0.000000 -0.866025 -0.500000 0.000000 -0.866025 0.000000 0.999391 -0.034899 0.000000 0.999391 -0.034899 0.000000 0.999391 -0.034899 0.000000 0.999391 -0.034899 0.000000 0.999391 -0.034899 0.000000 0.999391 -0.034899 -0.000000 1.000000 0.000000 -0.000000 1.000000 0.000000 0.014342 0.999897 0.000000 -0.014342 0.999897 0.000000 0.014342 0.999897 0.000000 0.000000 1.000000 0.000000 0.000000 1.000000 0.000000 0.000000 1.000000 0.000000 0.000000 1.000000 0.000000 0.000000 1.000000 0.000000 0.000000 1.000000 0.000000 -0.000000 -0.000000 -1.000000 -0.000000 -0.000000 -1.000000 -0.000000 -0.000000 -1.000000 -0.000000 -0.000000 -1.000000 -0.000000 -0.000000 -1.000000 -0.000000 -0.000000 -1.000000 -1.000000 0.000000 -0.000000 -1.000000 0.000000 -0.000000 -1.000000 0.000000 -0.000000 -1.000000 -0.000000 -0.000000 -1.000000 -0.000000 -0.000000 -1.000000 -0.000000 -0.000000 0.000000 -1.000000 0.000000 0.000000 -1.000000 0.000000 0.000000 -1.000000 0.000000 0.000000 1.000000 0.000000 0.000000 1.000000 0.000000 0.000000 1.000000 0.000000 0.000000 1.000000 0.000000 0.000000 1.000000 0.000000 0.000000 1.000000 0.000000 0.000000 1.000000 0.000000 0.000000 1.000000 0.000000 0.000000 -1.000000 0.000000 0.000000 -1.000000 0.000000 0.000000 -1.000000 0.000000 -0.000000 -0.000000 -1.000000 -0.000000 -0.000000 -1.000000 -0.000000 -0.000000 -1.000000 -0.000000 -0.000000 -1.000000 -0.000000 -0.000000 -1.000000 -0.000000 -0.000000 -1.000000 1.000000 0.000000 0.000000 1.000000 0.000000 0.000000 1.000000 0.000000 0.000000 1.000000 0.000000 0.000000 1.000000 0.000000 0.000000 1.000000 0.000000 0.000000 -1.000000 0.000000 -0.000000 -1.000000 0.000000 -0.000000 -1.000000 0.000000 -0.000000 -1.000000 0.000000 -0.000000 -1.000000 0.000000 -0.000000 -1.000000 0.000000 -0.000000 0.000000 0.000000 -1.000000 0.000000 0.000000 -1.000000 0.000000 0.000000 -1.000000 0.000000 0.000000 -1.000000 0.000000 0.000000 -1.000000 0.000000 0.000000 -1.000000 0.000000 1.000000 0.000000 0.000000 1.000000 0.000000 0.000000 1.000000 0.000000 -0.000000 -1.000000 -0.000000 0.000000 -1.000000 -0.000000 -0.000000 -1.000000 -0.000000 -0.000000 -1.000000 -0.000000 0.000000 -1.000000 0.000000 0.000000 -1.000000 0.000000 -0.000000 -1.000000 -0.000000 -0.000000 -1.000000 -0.000000 0.000000 1.000000 0.000000 0.000000 1.000000 0.000000 0.000000 1.000000 0.000000 0.000000 0.000000 -1.000000 -0.000000 0.000000 -1.000000 0.000000 0.000000 -1.000000 0.000000 0.000000 -1.000000 0.000000 0.000000 -1.000000 0.000000 0.000000 -1.000000 1.000000 0.000000 0.000000 1.000000 0.000000 0.000000 1.000000 0.000000 0.000000 1.000000 0.000000 0.000000 1.000000 0.000000 0.000000 1.000000 0.000000 0.000000 -0.000000 0.000000 -1.000000 -0.000000 -0.000000 -1.000000 -0.000000 0.000000 -1.000000 -0.000000 -0.000000 -1.000000 0.000000 0.000000 -1.000000 -0.000000 -0.000000 -1.000000 0.000000 0.000000 -1.000000 -0.000000 -0.000000 -1.000000 0.000000 0.000000 -1.000000 -0.000000 -0.000000 -1.000000 0.000000 0.000000 -1.000000 -0.000000 -0.000000 -1.000000 0.000000 0.000000 -1.000000 -0.000000 -0.000000 -1.000000 0.000000 0.000000 -1.000000 -0.000000 -0.000000 -1.000000 1.000000 0.000000 0.000000 1.000000 0.000000 0.000000 1.000000 0.000000 0.000000 1.000000 0.000000 0.000000 1.000000 0.000000 0.000000 1.000000 0.000000 0.000000 0.000000 -0.000000 -1.000000 0.000000 0.000000 -1.000000 0.000000 0.000000 -1.000000 0.000000 0.000000 -1.000000 0.000000 0.000000 -1.000000 0.000000 0.000000 -1.000000 0.000000 0.000000 -1.000000 0.000000 1.000000 0.000000 0.000000 1.000000 0.000000 0.000000 1.000000 0.000000 0.000000 1.000000 0.000000 1.000000 0.000000 -0.000000 1.000000 0.000000 -0.000000 1.000000 0.000000 0.000000 1.000000 0.000000 0.000000 1.000000 0.000000 0.000000 1.000000 0.000000 0.000000 -0.000000 0.000000 -1.000000 -0.000000 0.000000 -1.000000 0.000000 0.000000 -1.000000 0.000000 0.000000 -1.000000 0.000000 0.000000 -1.000000 0.000000 0.000000 -1.000000 0.000000 0.000000 -1.000000 0.000000 0.000000 -1.000000 0.984808 0.000000 -0.173648 0.984808 0.000000 -0.173648 0.984808 0.000000 -0.173648 0.984808 0.000000 -0.173648 0.000000 1.000000 0.000000 -0.000000 1.000000 0.000000 -0.000000 1.000000 0.000000 -0.000000 1.000000 0.000000 -0.000000 1.000000 0.000000 -0.000000 1.000000 0.000000 -0.000000 1.000000 0.000000 -0.000000 1.000000 0.000000 -0.173648 0.000000 -0.984808 -0.173648 0.000000 -0.984808 -0.173648 0.000000 -0.984808 -0.173648 0.000000 -0.984808 -0.173648 0.000000 -0.984808 -0.000000 -1.000000 -0.000000 -0.000000 -1.000000 -0.000000 -0.000000 -1.000000 -0.000000 -0.000000 -1.000000 -0.000000 -0.000000 -1.000000 -0.000000 0.173648 0.000000 0.984808 0.173648 -0.000000 0.984808 0.173648 -0.000000 0.984808 0.173648 -0.000000 0.984808 0.984808 0.000000 -0.173648 0.984808 0.000000 -0.173648 0.984808 0.000000 -0.173648 0.984808 0.000000 -0.173648 0.000000 1.000000 0.000000 -0.000000 1.000000 0.000000 -0.000000 1.000000 0.000000 -0.000000 1.000000 0.000000 -0.173648 0.000000 -0.984808 -0.173648 0.000000 -0.984808 -0.173648 0.000000 -0.984808 -0.173648 0.000000 -0.984808 -0.984808 -0.000000 0.173648 -0.984808 -0.000000 0.173648 -0.984808 -0.000000 0.173648 -0.984808 -0.000000 0.173648 1.000000 0.000000 0.000000 1.000000 0.000000 0.000000 -1.000000 -0.000000 -0.000000 -1.000000 -0.000000 -0.000000 1.000000 0.000000 0.000000 1.000000 0.000000 0.000000 0.939693 0.342020 0.000000 0.766044 0.642788 0.000000 0.500000 0.866025 0.000000 0.173648 0.984808 0.000000 -0.173648 0.984808 0.000000 -0.500000 0.866025 0.000000 -0.766044 0.642788 0.000000 -0.939693 0.342020 0.000000 -0.939693 -0.342020 -0.000000 -0.766044 -0.642788 -0.000000 -0.500000 -0.866025 -0.000000 -0.173648 -0.984808 -0.000000 0.173648 -0.984808 0.000000 0.500000 -0.866025 0.000000 0.766044 -0.642788 0.000000 0.939693 -0.342020 0.000000 0.939693 -0.342020 0.000000 0.766044 -0.642788 0.000000 0.500000 -0.866025 0.000000 0.173648 -0.984808 0.000000 -0.173648 -0.984808 -0.000000 -0.500000 -0.866025 -0.000000 -0.766044 -0.642788 -0.000000 -0.939693 -0.342020 -0.000000 -0.939693 0.342020 0.000000 -0.766044 0.642788 0.000000 -0.500000 0.866025 0.000000 -0.173648 0.984808 0.000000 0.173648 0.984808 0.000000 0.500000 0.866025 0.000000 0.766044 0.642788 0.000000 0.939693 0.342020 0.000000 -0.000000 -0.000000 -1.000000 -0.000000 -0.000000 -1.000000 -0.000000 -0.000000 -1.000000 -0.000000 -0.000000 -1.000000 -0.000000 -0.000000 -1.000000 -0.000000 -0.000000 -1.000000 -0.000000 -0.000000 -1.000000 -0.000000 -0.000000 -1.000000 -0.000000 -0.000000 -1.000000 -0.000000 -0.000000 -1.000000 -0.000000 -0.000000 -1.000000 -0.000000 -0.000000 -1.000000 -0.000000 -0.000000 -1.000000 -0.000000 -0.000000 -1.000000 -0.000000 -0.000000 -1.000000 -0.000000 -0.000000 -1.000000 -0.000000 -0.000000 -1.000000 -0.000000 -0.000000 -1.000000 0.000000 -1.000000 -0.000000 0.000000 -1.000000 -0.000000 0.000000 -1.000000 -0.000000 0.000000 -1.000000 -0.000000 0.000000 -1.000000 -0.000000 0.000000 -1.000000 -0.000000 0.000000 -1.000000 -0.000000 0.000000 -1.000000 -0.000000 0.000000 -1.000000 -0.000000 0.000000 -1.000000 -0.000000 -0.000000 0.000000 -1.000000 -0.000000 0.000000 -1.000000 -0.000000 0.000000 -1.000000 -0.000000 0.000000 -1.000000 -0.000000 0.000000 -1.000000 -0.000000 0.000000 -1.000000 -0.000000 0.000000 -1.000000 -0.000000 0.000000 -1.000000 -0.000000 0.000000 -1.000000 -0.000000 0.000000 -1.000000 -0.000000 0.000000 -1.000000 -0.000000 0.000000 -1.000000 -0.000000 0.000000 -1.000000 -0.000000 0.000000 -1.000000 -0.000000 0.000000 -1.000000 -0.000000 0.000000 -1.000000 -0.000000 0.000000 -1.000000 -0.000000 0.000000 -1.000000 -0.000000 0.000000 -1.000000 -0.000000 0.000000 -1.000000 -0.000000 0.000000 -1.000000 -0.000000 0.000000 -1.000000 -0.000000 0.000000 -1.000000 -0.000000 0.000000 -1.000000 1.000000 0.000000 -0.000000 1.000000 0.000000 -0.000000 1.000000 0.000000 -0.000000 1.000000 0.000000 -0.000000 1.000000 0.000000 -0.000000 -0.000000 1.000000 0.000000 -0.000000 1.000000 0.000000 -0.000000 1.000000 0.000000 -0.000000 1.000000 0.000000 -0.000000 1.000000 0.000000 -0.000000 1.000000 0.000000 -0.000000 1.000000 0.000000 -0.000000 1.000000 0.000000 -0.000000 1.000000 0.000000 -0.000000 1.000000 0.000000 -0.000000 1.000000 0.000000 0.000000 -0.000000 1.000000 0.000000 -0.000000 1.000000 0.000000 -0.000000 1.000000 0.000000 -0.000000 1.000000 0.000000 -0.000000 1.000000 0.000000 -0.000000 1.000000 0.000000 -0.000000 1.000000 0.000000 -0.000000 1.000000 0.000000 -0.000000 1.000000 0.000000 -0.000000 1.000000 0.000000 -0.000000 1.000000 0.000000 -0.000000 1.000000 0.000000 -0.000000 1.000000 -0.984808 -0.000000 0.173648 -0.984808 -0.000000 0.173648 -0.984808 -0.000000 0.173648 -0.984808 -0.000000 0.173648 -0.984808 -0.000000 0.173648 -0.984808 -0.000000 0.173648 -0.984808 -0.000000 0.173648 -0.984808 -0.000000 0.173648 -0.984808 -0.000000 0.173648 -0.984808 -0.000000 0.173648 -0.984808 -0.000000 0.173648 -0.984808 -0.000000 0.173648 -0.984808 -0.000000 0.173648 -0.984808 -0.000000 0.173648 -0.984808 -0.000000 0.173648 -0.984808 -0.000000 0.173648 -0.984808 -0.000000 0.173648 -0.984808 -0.000000 0.173648 -0.984808 -0.000000 0.173648 -0.000000 -1.000000 -0.000000 -0.000000 -1.000000 -0.000000 -0.000000 -1.000000 -0.000000 -0.000000 -1.000000 -0.000000 -1.000000 0.000000 -0.000000 -1.000000 -0.000000 0.000000 -1.000000 -0.000000 0.000000 -1.000000 -0.000000 0.000000 -1.000000 -0.000000 0.000000 -1.000000 -0.000000 0.000000 -0.000000 0.000000 1.000000 0.000000 0.000000 1.000000 0.000000 0.000000 1.000000 0.000000 0.000000 1.000000 0.000000 0.000000 1.000000 -0.000000 -0.000000 -1.000000 -0.000000 0.000000 -1.000000 -0.000000 -0.000000 -1.000000 -0.000000 -0.000000 -1.000000 -0.000000 -0.000000 -1.000000 -0.000000 -1.000000 -0.000000 0.000000 -1.000000 0.000000 0.000000 -1.000000 0.000000 0.000000 -1.000000 0.000000 0.000000 0.000000 1.000000 0.000000 0.000000 1.000000 0.000000 0.000000 1.000000 0.000000 0.000000 1.000000 0.000000 0.000000 1.000000 -0.000000 -0.000000 -1.000000 -0.000000 -0.000000 -1.000000 -0.000000 -0.000000 -1.000000 -0.000000 -0.000000 -1.000000 -0.000000 -0.000000 -1.000000 0.000000 1.000000 0.000000 0.000000 1.000000 0.000000 0.000000 1.000000 0.000000 0.000000 1.000000 0.000000 0.000000 0.000000 1.000000 0.000000 0.000000 1.000000 0.000000 0.000000 1.000000 0.000000 0.000000 1.000000 0.000000 0.000000 1.000000 -0.000000 -0.000000 -1.000000 0.000000 0.000000 -1.000000 -0.000000 -0.000000 -1.000000 -0.000000 -0.000000 -1.000000 -0.000000 -0.000000 -1.000000 0.000000 1.000000 0.000000 0.000000 1.000000 0.000000 0.000000 1.000000 0.000000 0.000000 1.000000 0.000000 0.000000 -1.000000 0.000000 0.000000 -1.000000 0.000000 0.000000 -1.000000 0.000000 0.000000 -1.000000 0.000000 0.000000 0.000000 1.000000 0.000000 0.000000 1.000000 0.000000 0.000000 1.000000 0.000000 0.000000 1.000000 0.000000 0.000000 1.000000 0.000000 0.000000 -1.000000 -0.000000 -0.000000 -1.000000 -0.000000 -0.000000 -1.000000 -0.000000 -0.000000 -1.000000 -0.000000 -0.000000 -1.000000 0.000000 0.000000 -1.000000 0.000000 0.103922 -0.994586 0.000000 0.103922 -0.994586 -0.000000 -0.103922 -0.994586 -0.000000 -0.103922 -0.994586 -0.000000 -0.055621 -0.998452 -0.000000 -0.071282 -0.997456 0.000000 0.100000 -0.994987 0.000000 0.100000 -0.994987 0.000000 0.033704 -0.999432 0.000000 0.005185 -0.999987 0.000000 0.005185 -0.999987 0.000000 0.005185 -0.999987 -0.000000 -0.005185 -0.999987 -0.000000 -0.005185 -0.999987 -0.000000 -0.005185 -0.999987 -0.000000 -0.103922 -0.994586 -0.000000 -0.079299 -0.996851 -0.000000 -0.054620 -0.998507 -0.000000 -0.029908 -0.999553 0.000000 0.103922 -0.994586 0.000000 0.092393 -0.995723 0.000000 0.080501 -0.996755 0.000000 0.068244 -0.997669 0.000000 0.055621 -0.998452 -0.000000 -0.095498 -0.995430 0.000000 0.041716 -0.999130 0.000000 0.027811 -0.999613 0.000000 0.013905 -0.999903 -0.000000 -0.013905 -0.999903 -0.000000 -0.027811 -0.999613 -0.000000 -0.041716 -0.999130 0.000000 0.000000 -1.000000 0.000000 0.019446 -0.999811 0.000000 0.033704 -0.999432 0.000000 0.066889 -0.997760 -0.000000 -0.006348 -0.999980 -0.000000 -0.028379 -0.999597 -0.000000 -0.050591 -0.998719 -0.000000 -0.072969 -0.997334 -0.000000 -0.056641 -0.998395 -0.000000 -0.042069 -0.999115 -0.000000 -0.041189 -0.999151 -0.000000 -0.023711 -0.999719 0.173648 -0.000000 0.984808 0.173648 -0.000000 0.984808 0.173648 -0.000000 0.984808 0.173648 -0.000000 0.984808 0.173648 -0.000000 0.984808 0.173648 -0.000000 0.984808 0.173648 -0.000000 0.984808 0.173648 -0.000000 0.984808 0.173648 -0.000000 0.984808 0.173648 -0.000000 0.984808 0.173648 -0.000000 0.984808 0.173648 -0.000000 0.984808 0.173648 -0.000000 0.984808 0.173648 -0.000000 0.984808 0.173648 -0.000000 0.984808 0.173648 -0.000000 0.984808 0.173648 -0.000000 0.984808 0.173648 -0.000000 0.984808 0.173648 -0.000000 0.984808 -1.000000 -0.000000 0.000000 -1.000000 0.000000 -0.000000 -1.000000 -0.000000 0.000000 -1.000000 -0.000000 0.000000 -1.000000 0.000000 -0.000000 -1.000000 -0.000000 -0.000000 -1.000000 -0.000000 -0.000000 -1.000000 0.000000 -0.000000 -1.000000 -0.000000 -0.000000 -1.000000 0.000000 -0.000000 -1.000000 -0.000000 -0.000000 -1.000000 0.000000 -0.000000 -1.000000 0.000000 -0.000000 -1.000000 -0.000000 -0.000000 -1.000000 0.000000 -0.000000 -1.000000 -0.000000 -0.000000 -1.000000 0.000000 -0.000000 -1.000000 -0.000000 -0.000000 -0.000000 0.000000 -1.000000 -0.000000 0.000000 -1.000000 -0.000000 -0.000000 -1.000000 -0.000000 -0.000000 -1.000000 -0.000000 -0.000000 -1.000000 -0.000000 -0.000000 -1.000000</float_array>
          <technique_common>
            <accessor count="1977" offset="0" source="#lib-normal-array-a847f861-944f-42a6-ae69-bf44e1395a78" stride="3">
              <param name="X" type="float" />
              <param name="Y" type="float" />
              <param name="Z" type="float" />
            </accessor>
          </technique_common>
        </source>
        <source id="lib-map1-a847f861-944f-42a6-ae69-bf44e1395a78" name="map1">
          <float_array id="lib-map1-array-a847f861-944f-42a6-ae69-bf44e1395a78" count="3954">0.947481 0.907528 0.947481 0.562699 0.965456 0.907528 0.965355 0.325369 0.099780 0.910560 0.079067 0.910560 0.058175 0.910560 0.037283 0.910560 0.038396 0.277753 0.059811 0.469239 0.081263 0.663042 0.102984 0.855682 0.617381 0.095542 0.662996 0.119893 0.706399 0.147998 0.747281 0.179658 0.785352 0.214648 0.820342 0.252719 0.852002 0.293601 0.880107 0.337004 0.904458 0.382619 0.382619 0.904458 0.339756 0.881719 0.298824 0.855664 0.260078 0.826456 0.223762 0.794278 0.190102 0.759331 0.159309 0.721834 0.617381 0.904458 0.578327 0.907730 0.539185 0.909694 0.500000 0.910349 0.460815 0.909694 0.421673 0.907730 0.904458 0.617381 0.880107 0.662996 0.852002 0.706399 0.820342 0.747281 0.785352 0.785352 0.747281 0.820342 0.706399 0.852002 0.662996 0.880107 0.382619 0.095542 0.421673 0.092270 0.460815 0.090306 0.500000 0.089651 0.539185 0.090306 0.578327 0.092270 0.907730 0.421673 0.909694 0.460815 0.910349 0.500000 0.909694 0.539185 0.907730 0.578327 0.095542 0.617381 0.092270 0.578327 0.090306 0.539185 0.089651 0.500000 0.090306 0.460815 0.092270 0.421673 0.095542 0.382619 0.119893 0.337004 0.147998 0.293601 0.179658 0.252719 0.214648 0.214648 0.252719 0.179658 0.293601 0.147998 0.337004 0.119893 0.128222 0.676717 0.116603 0.657344 0.105704 0.637557 0.145089 0.698364 0.084786 0.913807 0.419610 0.733646 0.350431 0.733646 0.350431 0.913807 0.084786 0.435321 0.779337 0.086193 0.833536 0.122951 0.852327 0.304537 0.872302 0.485569 0.893313 0.666116 0.915214 0.846246 0.809776 0.846246 0.809776 0.615415 0.699090 0.615415 0.699090 0.913807 0.419610 0.913807 0.087697 0.914927 0.912303 0.903448 0.087697 0.085073 0.357513 0.085073 0.431283 0.090258 0.431283 0.472009 0.912303 0.482058 0.084786 0.086193 0.350431 0.266354 0.419610 0.266354 0.419610 0.086193 0.699090 0.086193 0.699090 0.384585 0.809776 0.384585 0.809776 0.153754 0.915214 0.153754 0.893313 0.333884 0.872302 0.514431 0.852327 0.695463 0.833536 0.877049 0.779337 0.913807 0.084786 0.564679 0.350431 0.086193 0.087697 0.085073 0.912303 0.096552 0.087697 0.914927 0.912303 0.517942 0.431283 0.527991 0.431283 0.909742 0.357513 0.914927 0.147918 0.903612 0.852082 0.096388 0.852082 0.903612 0.147918 0.096388 0.147918 0.903612 0.852082 0.903612 0.147918 0.903612 0.852082 0.096388 0.852082 0.903612 0.147918 0.096388 0.147918 0.903612 0.852082 0.903612 0.087697 0.085073 0.087697 0.914927 0.357513 0.914927 0.912303 0.096552 0.912303 0.517942 0.431283 0.527991 0.431283 0.909742 0.087697 0.085073 0.087697 0.914927 0.357513 0.085073 0.431283 0.090258 0.431283 0.472009 0.912303 0.482058 0.912303 0.903448 0.815668 0.127441 0.815668 0.500000 0.184332 0.872559 0.184332 0.647801 0.815668 0.872559 0.500000 0.872559 0.499600 0.387989 0.183047 0.862445 0.816953 0.137555 0.816953 0.862445 0.491644 0.497839 0.116109 0.088760 0.116109 0.911240 0.883891 0.088760 0.883891 0.911240 0.084146 0.085020 0.084146 0.914980 0.915854 0.085020 0.915854 0.914980 0.214438 0.300810 0.785562 0.300810 0.196107 0.085020 0.803893 0.085020 0.087483 0.084146 0.087483 0.915854 0.912517 0.084146 0.912517 0.915854 0.381555 0.214438 0.381555 0.785562 0.912517 0.196107 0.912517 0.803893 0.086230 0.084516 0.086230 0.915484 0.842792 0.140787 0.842792 0.859213 0.913770 0.807356 0.913770 0.192644 0.913770 0.084516 0.913770 0.915484 0.157208 0.140787 0.086230 0.192644 0.086230 0.807356 0.157208 0.859213 0.571334 0.087604 0.678666 0.087604 0.614156 0.640511 0.614156 0.599567 0.610851 0.599567 0.606614 0.561237 0.602312 0.538360 0.571334 0.450599 0.584750 0.087604 0.598167 0.087604 0.611583 0.087604 0.625000 0.087604 0.638417 0.087604 0.651833 0.087604 0.665250 0.087604 0.678666 0.379531 0.678666 0.671457 0.658947 0.373429 0.648405 0.373429 0.637863 0.373429 0.627321 0.373429 0.616778 0.373429 0.616778 0.667660 0.615992 0.667660 0.615079 0.653745 0.667294 0.912396 0.663127 0.649157 0.594565 0.512553 0.586832 0.489136 0.579094 0.468384 0.678666 0.087604 0.762879 0.501173 0.615720 0.087604 0.628309 0.087604 0.640898 0.087604 0.653488 0.087604 0.666077 0.087604 0.678666 0.379531 0.678666 0.671457 0.658947 0.373429 0.649495 0.373429 0.640043 0.373429 0.630592 0.373429 0.621140 0.373429 0.621140 0.762047 0.616755 0.679891 0.612231 0.615448 0.607603 0.568833 0.602861 0.540394 0.603002 0.373429 0.602220 0.373429 0.759835 0.579696 0.667294 0.912396 0.663127 0.649157 0.014109 0.910659 0.014109 0.500000 0.014109 0.089341 0.176223 0.089341 0.338157 0.089341 0.500000 0.089341 0.661843 0.089341 0.823777 0.089341 0.985891 0.089341 0.985891 0.500000 0.927076 0.787060 0.756139 0.787060 0.585362 0.787060 0.414638 0.787060 0.243861 0.787060 0.072924 0.787060 0.985891 0.910659 0.321334 0.087604 0.428666 0.087604 0.321334 0.671457 0.321334 0.379531 0.397688 0.538360 0.392497 0.568038 0.387437 0.619537 0.382499 0.692412 0.377744 0.786435 0.377744 0.373429 0.368571 0.373429 0.359398 0.373429 0.350226 0.373429 0.341053 0.373429 0.334750 0.087604 0.348167 0.087604 0.361583 0.087604 0.375000 0.087604 0.388417 0.087604 0.401833 0.087604 0.415250 0.087604 0.428666 0.450599 0.419007 0.473201 0.336873 0.649157 0.332706 0.912396 0.404147 0.415919 0.403374 0.519199 0.014109 0.910659 0.014109 0.500000 0.014109 0.089341 0.176223 0.089341 0.338157 0.089341 0.500000 0.089341 0.661843 0.089341 0.823777 0.089341 0.985891 0.089341 0.985891 0.500000 0.985891 0.910659 0.927076 0.787060 0.756139 0.787060 0.585362 0.787060 0.414638 0.787060 0.243861 0.787060 0.072924 0.787060 0.993682 0.092912 0.006318 0.907088 0.006318 0.092912 0.171032 0.092912 0.335562 0.092912 0.500000 0.092912 0.664438 0.092912 0.828968 0.092912 0.993682 0.907088 0.869852 0.872634 0.746373 0.848090 0.623128 0.833389 0.500000 0.828493 0.376872 0.833389 0.253627 0.848090 0.130148 0.872634 0.484039 0.092912 0.484039 0.907088 0.500000 0.092912 0.515961 0.092912 0.489359 0.092912 0.494680 0.092912 0.505320 0.092912 0.510641 0.092912 0.515961 0.500000 0.515961 0.907088 0.511962 0.872609 0.507970 0.848015 0.503984 0.833272 0.500000 0.828360 0.496016 0.833272 0.492030 0.848015 0.488038 0.872609 0.321334 0.087604 0.428666 0.087604 0.321334 0.671457 0.321334 0.379531 0.428666 0.450599 0.334750 0.087604 0.348167 0.087604 0.361583 0.087604 0.375000 0.087604 0.388417 0.087604 0.401833 0.087604 0.415250 0.087604 0.420906 0.468384 0.413168 0.489136 0.405435 0.512553 0.397688 0.538360 0.392781 0.565807 0.387991 0.612788 0.383352 0.678135 0.378860 0.762047 0.378860 0.373429 0.369408 0.373429 0.359957 0.373429 0.350505 0.373429 0.341053 0.373429 0.332706 0.912396 0.336873 0.649157 0.056955 0.818146 0.056955 0.455012 0.056955 0.091878 0.326428 0.091878 0.595784 0.091878 0.904786 0.663746 0.866532 0.663746 0.871269 0.908122 0.667690 0.882772 0.464271 0.859258 0.260773 0.837680 0.875266 0.503310 0.916384 0.724855 0.903978 0.914743 0.922351 0.782729 0.920293 0.784445 0.888485 0.085257 0.903871 0.085257 0.919258 0.085257 0.887534 0.784343 0.885350 0.782503 0.920820 0.433991 0.886901 0.433878 0.085306 0.084836 0.085306 0.915164 0.914694 0.110770 0.914694 0.474884 0.729651 0.813430 0.729651 0.483568 0.914694 0.084836 0.914694 0.915164 0.085306 0.110770 0.085306 0.474884 0.270349 0.483568 0.270349 0.813430 0.087096 0.087573 0.087096 0.912427 0.912904 0.087573 0.912904 0.912427 0.087096 0.087573 0.087096 0.912427 0.912904 0.087573 0.912904 0.912427 0.091119 0.087573 0.091119 0.912427 0.908881 0.912427 0.908881 0.203053 0.091119 0.087573 0.091119 0.912427 0.908881 0.087573 0.908881 0.796947 0.087483 0.085042 0.087483 0.914958 0.912517 0.085042 0.912517 0.903095 0.087483 0.085042 0.087483 0.914958 0.912517 0.914958 0.912517 0.096905 0.093508 0.086638 0.093508 0.913362 0.906492 0.086638 0.906492 0.683044 0.494972 0.794779 0.916299 0.172330 0.916299 0.423835 0.311808 0.086450 0.688192 0.086450 0.215541 0.581920 0.180459 0.423835 0.702668 0.209135 0.702668 0.172330 0.819541 0.423835 0.767811 0.656938 0.767811 0.684688 0.720763 0.684688 0.720763 0.767671 0.628886 0.799043 0.628886 0.912577 0.624945 0.913550 0.375055 0.913550 0.371114 0.912577 0.371114 0.799043 0.279237 0.767671 0.279237 0.684688 0.224951 0.684688 0.224951 0.669206 0.215541 0.669206 0.083701 0.423835 0.083701 0.172330 0.297332 0.172330 0.297332 0.209135 0.626916 0.913067 0.325165 0.785418 0.674835 0.785418 0.373084 0.913067 0.095971 0.125599 0.904029 0.125599 0.904029 0.874401 0.095971 0.874401 0.121889 0.911240 0.878111 0.088760 0.878111 0.911240 0.235558 0.088760 0.157885 0.499943 0.128455 0.907179 0.871545 0.092821 0.871545 0.907179 0.224848 0.709434 0.465308 0.397284 0.913643 0.100564 0.294666 0.899436 0.157195 0.100564 0.913643 0.583203 0.086357 0.899436 0.294666 0.583203 0.085719 0.908830 0.914281 0.091171 0.125000 0.908830 0.125000 0.708272 0.914281 0.708272 0.730587 0.091171 0.730587 0.553996 0.085719 0.553996 0.089251 0.093655 0.089251 0.906345 0.910749 0.906345 0.910749 0.296827 0.364070 0.296827 0.370779 0.093655 0.741597 0.906345 0.085345 0.091171 0.914655 0.908830 0.881137 0.708272 0.834023 0.708272 0.881137 0.908830 0.914655 0.553996 0.291361 0.553996 0.291361 0.091171 0.085345 0.708272 0.097618 0.708272 0.087985 0.093655 0.087985 0.906345 0.912015 0.093655 0.912015 0.906345 0.086734 0.908830 0.913266 0.091171 0.304155 0.908830 0.913266 0.708272 0.304155 0.708272 0.571896 0.091171 0.571896 0.553996 0.270205 0.553996 0.912158 0.088902 0.912158 0.911098 0.431307 0.911098 0.431307 0.582220 0.117117 0.088902 0.089492 0.137255 0.087842 0.143715 0.087842 0.582220 0.913168 0.088403 0.913168 0.911597 0.568861 0.412643 0.086831 0.412643 0.086831 0.113271 0.706584 0.113271 0.706584 0.088403 0.086831 0.088403 0.086831 0.911597 0.913168 0.412643 0.431139 0.412643 0.293416 0.088403 0.293416 0.113271 0.913168 0.113271 0.085709 0.093769 0.914291 0.906231 0.647846 0.438650 0.085709 0.340276 0.914291 0.289963 0.647846 0.906231 0.381400 0.145515 0.381400 0.289963 0.085709 0.906231 0.914291 0.093769 0.914291 0.340276 0.352154 0.438650 0.085709 0.289963 0.352154 0.906231 0.618600 0.289963 0.618600 0.145515 0.086521 0.091375 0.204735 0.908625 0.086521 0.901512 0.204735 0.718653 0.867536 0.394921 0.867536 0.758531 0.871256 0.394921 0.871256 0.758755 0.913479 0.761295 0.913479 0.262996 0.445901 0.531530 0.182556 0.118459 0.913479 0.901512 0.795265 0.908625 0.795265 0.718653 0.132463 0.758531 0.132463 0.394921 0.913479 0.091375 0.817444 0.118459 0.554099 0.531530 0.086521 0.262996 0.086521 0.761295 0.128744 0.758755 0.128744 0.394921 0.089312 0.086694 0.910688 0.913306 0.089312 0.829155 0.086683 0.096982 0.086683 0.903018 0.913317 0.903018 0.884006 0.689173 0.089312 0.913306 0.910688 0.086694 0.089312 0.170845 0.086683 0.096982 0.086683 0.903018 0.913317 0.096982 0.884006 0.310827 0.086683 0.903018 0.913317 0.096982 0.913317 0.903018 0.115994 0.689173 0.086683 0.096982 0.913317 0.096982 0.913317 0.903018 0.115994 0.310827 0.561231 0.911494 0.561231 0.088506 0.561231 0.500000 0.438769 0.088506 0.438769 0.911062 0.438769 0.499784 0.415966 0.704052 0.879297 0.168207 0.499966 0.500028 0.415966 0.378985 0.500000 0.168207 0.112441 0.087856 0.112441 0.912144 0.887559 0.912144 0.702293 0.087856 0.112441 0.500000 0.097057 0.087856 0.902943 0.912144 0.097057 0.912144 0.097057 0.500000 0.500000 0.912144 0.500834 0.500765 0.097057 0.912144 0.902943 0.087856 0.902943 0.912144 0.500000 0.912144 0.902943 0.500000 0.499166 0.500765 0.120703 0.168207 0.500000 0.168207 0.500034 0.500028 0.085306 0.084836 0.085306 0.915164 0.729651 0.516432 0.914694 0.525116 0.729651 0.186570 0.914694 0.889230 0.913307 0.293124 0.913307 0.914029 0.720431 0.279470 0.440000 0.084457 0.086693 0.162296 0.267438 0.123625 0.805370 0.915543 0.742050 0.816856 0.670583 0.719561 0.591253 0.623610 0.504348 0.528954 0.410153 0.435543 0.308954 0.343329 0.201039 0.252263 0.805370 0.084457 0.913307 0.085971 0.913307 0.706876 0.086693 0.837704 0.201039 0.747737 0.308954 0.656671 0.410153 0.564457 0.504348 0.471046 0.591253 0.376390 0.670583 0.280439 0.742050 0.183144 0.440000 0.915543 0.267438 0.876375 0.720431 0.720530 0.086693 0.085971 0.194630 0.084457 0.086693 0.706876 0.560000 0.915543 0.279569 0.720530 0.913307 0.837704 0.732562 0.876375 0.257950 0.183144 0.329417 0.280439 0.408747 0.376390 0.495652 0.471046 0.589847 0.564457 0.691046 0.656671 0.798961 0.747737 0.084516 0.101137 0.084516 0.898863 0.915484 0.101137 0.915484 0.898863 0.782387 0.355013 0.516694 0.355013 0.257097 0.354728 0.518911 0.354879 0.251001 0.355013 0.905070 0.863657 0.093514 0.863657 0.895020 0.135634 0.103565 0.135634 0.915214 0.913807 0.190224 0.615415 0.190224 0.846246 0.649569 0.913807 0.649569 0.733646 0.580390 0.733646 0.580390 0.913807 0.300910 0.913807 0.300910 0.615415 0.084786 0.846246 0.106687 0.666116 0.127698 0.485569 0.147673 0.304537 0.166464 0.122951 0.220663 0.086193 0.915214 0.435321 0.085709 0.906231 0.914291 0.093769 0.085709 0.700808 0.647846 0.602435 0.647846 0.093769 0.914291 0.710037 0.381400 0.710037 0.381400 0.854485 0.914577 0.913807 0.883617 0.913807 0.770377 0.882623 0.211598 0.086193 0.914577 0.357428 0.536050 0.818096 0.536050 0.353664 0.085423 0.329089 0.085423 0.151877 0.770377 0.733646 0.680251 0.733646 0.680251 0.857805 0.914577 0.086193 0.770377 0.117377 0.883617 0.086193 0.914577 0.642572 0.211598 0.913807 0.085423 0.670911 0.536050 0.646336 0.085423 0.848123 0.770377 0.266354 0.536050 0.181904 0.680251 0.142195 0.680251 0.266354 0.091119 0.912427 0.908881 0.087573 0.908881 0.912427 0.091119 0.203053 0.091119 0.087573 0.908881 0.087573 0.908881 0.912427 0.091119 0.796947 0.087096 0.087573 0.087096 0.912427 0.912904 0.087573 0.912904 0.912427 0.087096 0.087573 0.087096 0.912427 0.912904 0.912427 0.912904 0.087573 0.085423 0.913807 0.229623 0.882623 0.116383 0.913807 0.463950 0.353664 0.463950 0.818096 0.914577 0.151877 0.914577 0.329089 0.085423 0.357428 0.229623 0.733646 0.788402 0.086193 0.319749 0.857805 0.319749 0.733646 0.085423 0.086193 0.116383 0.086193 0.229623 0.117377 0.463950 0.646336 0.914577 0.670911 0.788402 0.913807 0.914577 0.848123 0.085423 0.642572 0.229623 0.266354 0.319749 0.266354 0.319749 0.142195 0.463950 0.181904 0.085709 0.093769 0.914291 0.906231 0.352154 0.602435 0.914291 0.700808 0.618600 0.854485 0.618600 0.710037 0.085709 0.710037 0.352154 0.093769 0.084516 0.099756 0.084516 0.900244 0.915484 0.099756 0.915484 0.900244 0.616553 0.311368 0.616553 0.325622 0.623613 0.311368 0.623613 0.325622 0.623613 0.339785 0.630680 0.325622 0.630680 0.339785 0.658947 0.353949 0.602435 0.313970 0.606630 0.309817 0.610667 0.305556 0.614552 0.301192 0.618289 0.296731 0.649495 0.353949 0.640043 0.353949 0.630592 0.353949 0.621140 0.353949 0.622625 0.304072 0.627139 0.311345 0.631849 0.318560 0.636770 0.325722 0.641921 0.332839 0.647321 0.339915 0.652989 0.346951 0.619303 0.345622 0.617556 0.337291 0.613499 0.331551 0.609633 0.325751 0.605949 0.319891 0.637747 0.339785 0.914694 0.084836 0.914694 0.915164 0.085306 0.889230 0.085306 0.525116 0.270349 0.516432 0.270349 0.186570 0.915214 0.086193 0.915214 0.564679 0.220663 0.913807 0.166464 0.877049 0.649569 0.266354 0.649569 0.086193 0.147673 0.695463 0.127698 0.514431 0.106687 0.333884 0.084786 0.153754 0.190224 0.153754 0.190224 0.384585 0.300910 0.384585 0.300910 0.086193 0.580390 0.086193 0.580390 0.266354 0.279569 0.279470 0.560000 0.084457 0.194630 0.915543 0.086693 0.914029 0.086693 0.293124 0.913307 0.162296 0.798961 0.252263 0.691046 0.343329 0.589847 0.435543 0.495652 0.528954 0.408747 0.623610 0.329417 0.719561 0.257950 0.816856 0.732562 0.123625 0.913168 0.088403 0.913168 0.911597 0.086831 0.587357 0.568861 0.587357 0.706584 0.911597 0.086831 0.886729 0.706584 0.886729 0.086831 0.088403 0.086831 0.911597 0.431139 0.587357 0.913168 0.587357 0.293416 0.911597 0.913168 0.886729 0.293416 0.886729 0.616553 0.311368 0.616553 0.325622 0.623613 0.311368 0.623613 0.325622 0.623613 0.339785 0.630680 0.325622 0.630680 0.339785 0.658947 0.353949 0.648405 0.353949 0.637863 0.353949 0.627321 0.353949 0.620254 0.349987 0.618879 0.343640 0.617556 0.337291 0.616778 0.353949 0.602435 0.313970 0.606630 0.309817 0.610667 0.305556 0.614552 0.301192 0.618289 0.296731 0.622625 0.304072 0.627139 0.311345 0.631849 0.318560 0.636770 0.325722 0.641921 0.332839 0.647321 0.339915 0.652989 0.346951 0.613499 0.331551 0.609633 0.325751 0.605949 0.319891 0.637747 0.339785 0.341053 0.353949 0.369359 0.325622 0.369359 0.339785 0.376410 0.311368 0.376410 0.325622 0.376410 0.339785 0.383462 0.311368 0.383462 0.325622 0.377744 0.353949 0.368571 0.353949 0.359398 0.353949 0.350226 0.353949 0.347011 0.346951 0.352679 0.339915 0.358079 0.332839 0.363230 0.325722 0.368151 0.318560 0.372861 0.311345 0.377375 0.304072 0.381711 0.296731 0.385448 0.301192 0.389333 0.305556 0.393370 0.309817 0.397565 0.313970 0.381014 0.339236 0.379415 0.346594 0.393743 0.320394 0.389720 0.326746 0.385481 0.333026 0.362307 0.339785 0.369359 0.325622 0.369359 0.339785 0.376410 0.311368 0.376410 0.325622 0.376410 0.339785 0.383462 0.311368 0.383462 0.325622 0.381711 0.296731 0.385448 0.301192 0.389333 0.305556 0.393370 0.309817 0.397565 0.313970 0.378860 0.353949 0.369408 0.353949 0.359957 0.353949 0.350505 0.353949 0.341053 0.353949 0.347011 0.346951 0.352679 0.339915 0.358079 0.332839 0.363230 0.325722 0.368151 0.318560 0.372861 0.311345 0.377375 0.304072 0.382444 0.337291 0.380698 0.345622 0.394051 0.319891 0.390367 0.325751 0.386501 0.331551 0.362307 0.339785 0.748455 0.355013 0.482961 0.355013 0.217466 0.355013 0.481190 0.354888 0.743608 0.354746 0.088559 0.915212 0.911441 0.915212 0.088559 0.199329 0.602860 0.199329 0.675409 0.084788 0.777723 0.084788 0.777723 0.374005 0.294279 0.374005 0.294279 0.488546 0.911441 0.488546 0.088559 0.915212 0.911441 0.915212 0.911441 0.199329 0.222277 0.374005 0.222277 0.084788 0.324591 0.084788 0.397140 0.199329 0.088559 0.488546 0.705721 0.488546 0.705721 0.374005 0.089557 0.913686 0.910443 0.086314 0.089557 0.321030 0.910443 0.678970 0.702158 0.321030 0.788573 0.086314 0.334598 0.678970 0.334598 0.913686 0.112441 0.912144 0.887559 0.912144 0.887559 0.087856 0.887559 0.500000 0.297707 0.087856 0.089557 0.086314 0.910443 0.913686 0.910443 0.321030 0.211427 0.086314 0.297842 0.321030 0.089557 0.678970 0.665402 0.913686 0.665402 0.678970 0.091567 0.086357 0.846469 0.621244 0.846469 0.913643 0.908433 0.086357 0.091567 0.662699 0.474618 0.784016 0.908433 0.631933 0.909711 0.086357 0.186336 0.913643 0.909711 0.632065 0.541999 0.767504 0.090289 0.086357 0.090289 0.656503 0.186336 0.638510 0.090289 0.086357 0.909711 0.086357 0.813664 0.638510 0.813664 0.913643 0.090289 0.632065 0.458001 0.767504 0.909711 0.656503 0.083969 0.914946 0.916031 0.085054 0.916031 0.914946 0.902271 0.358856 0.902271 0.221955 0.902271 0.085054 0.083969 0.410236 0.105889 0.410236 0.106385 0.371804 0.265340 0.341754 0.424567 0.325424 0.583906 0.322832 0.743195 0.333980 0.838568 0.745501 0.821568 0.790639 0.791487 0.834763 0.748930 0.876722 0.695143 0.915474 0.086185 0.084526 0.319443 0.084526 0.220741 0.915474 0.220741 0.890772 0.319443 0.119735 0.914038 0.119735 0.907975 0.276423 0.893366 0.433042 0.870222 0.589449 0.162023 0.889842 0.119803 0.621768 0.094517 0.353256 0.913601 0.088671 0.811230 0.911329 0.233140 0.911329 0.811230 0.863792 0.090812 0.213465 0.086399 0.138972 0.879697 0.859629 0.138105 0.577159 0.555401 0.910113 0.555401 0.221078 0.555401 0.565595 0.086005 0.914315 0.128541 0.085685 0.850882 0.085685 0.913995 0.914315 0.102001 0.499790 0.890260 0.499538 0.992146 0.096982 0.007854 0.903018 0.007854 0.096982 0.500000 0.096982 0.992146 0.903018 0.500000 0.903018 0.997600 0.096982 0.002395 0.903018 0.002395 0.500000 0.002395 0.096982 0.334152 0.096982 0.665842 0.096982 0.997600 0.903018 0.665842 0.903018 0.334152 0.903018 0.735384 0.084037 0.735384 0.090306 0.270873 0.084037 0.758480 0.545508 0.758480 0.584310 0.085797 0.584310 0.790400 0.090855 0.831243 0.255621 0.854890 0.420661 0.861320 0.585829 0.850528 0.750978 0.822522 0.915963 0.085797 0.545508 0.095152 0.422162 0.118731 0.298972 0.156509 0.176071 0.141152 0.909163 0.111719 0.801046 0.093263 0.692732 0.194510 0.128107 0.087900 0.913554 0.912100 0.913554 0.087900 0.094597 0.430415 0.086446 0.539638 0.296252 0.656598 0.503965 0.780889 0.709696 0.087900 0.913554 0.912100 0.913554 0.569584 0.086446 0.912100 0.094597 0.219111 0.709696 0.343402 0.503965 0.460362 0.296252 0.087660 0.086207 0.912340 0.086207 0.412159 0.913793 0.087660 0.906266 0.775417 0.289936 0.646078 0.495687 0.524825 0.703595 0.087900 0.086446 0.912100 0.086446 0.912100 0.905403 0.569584 0.913554 0.460362 0.703748 0.343402 0.496035 0.219111 0.290304 0.928800 0.096982 0.927958 0.365661 0.001120 0.903018 0.001120 0.500000 0.001120 0.096982 0.186786 0.096982 0.372293 0.096982 0.557734 0.096982 0.743205 0.096982 0.998880 0.365661 0.998880 0.903018 0.825142 0.903018 0.651550 0.903018 0.478025 0.903018 0.304490 0.903018 0.130868 0.903018 0.130868 0.522736 0.108393 0.486619 0.108393 0.903018 0.402236 0.807296 0.422024 0.626453 0.441621 0.445513 0.461202 0.266450 0.481120 0.089587 0.407948 0.910413 0.464015 0.108849 0.464015 0.509556 0.464015 0.910263 0.445689 0.910413 0.199600 0.138952 0.267496 0.121553 0.335330 0.109094 0.403123 0.101606 0.470894 0.099108 0.538663 0.101606 0.606447 0.109094 0.674268 0.121553 0.742144 0.138952 0.803834 0.230453 0.863809 0.330279 0.922070 0.438476 0.747603 0.322208 0.061041 0.360518 0.094906 0.300953 0.129286 0.244166 0.164183 0.190168 0.496164 0.913997 0.496164 0.608092 0.496164 0.302187 0.817669 0.913997 0.656874 0.913997 0.747603 0.617243 0.071803 0.404876 0.021502 0.913997 0.021502 0.506288 0.445625 0.913997 0.304353 0.913997 0.162998 0.913997 0.445625 0.302187 0.445625 0.608092 0.470894 0.302027 0.747603 0.912278 0.537182 0.267484 0.557434 0.448096 0.577503 0.629017 0.597764 0.809862 0.592052 0.910560 0.554311 0.910560 0.885997 0.089490 0.651675 0.831634 0.651995 0.911249 0.092427 0.169661 0.637595 0.907825 0.859657 0.835536 0.600885 0.538741 0.563813 0.169661 0.700326 0.832604 0.101405 0.089490 0.247317 0.911300 0.265213 0.907633 0.894233 0.088690 0.904649 0.168945 0.247709 0.852998 0.351967 0.168945 0.308376 0.538287 0.193332 0.088690 0.093884 0.854976 0.914329 0.089215 0.085671 0.731337 0.085671 0.422140 0.085671 0.112942 0.695998 0.910785 0.695998 0.731337 0.914329 0.152401 0.085641 0.087735 0.296744 0.789619 0.296744 0.912265 0.914359 0.117436 0.914359 0.789619 0.085641 0.356357 0.137007 0.087788 0.883605 0.911991 0.749723 0.087788 0.205819 0.901564 0.911857 0.396755 0.613192 0.910870 0.139807 0.511346 0.547361 0.089130 0.088143 0.511346 0.088143 0.374411 0.381632 0.374411 0.090452 0.890862 0.909548 0.803881 0.107263 0.109138 0.909548 0.194334 0.086363 0.086939 0.086363 0.913061 0.913637 0.913061 0.086363 0.500000 0.086939 0.086363 0.086939 0.913637 0.913061 0.913637 0.500000 0.913637 0.913400 0.902077 0.913400 0.097923 0.086816 0.902077 0.086600 0.500000 0.086816 0.097923 0.284143 0.471280 0.284143 0.212802 0.087271 0.902077 0.087271 0.471280 0.755435 0.212802 0.755435 0.097923 0.809319 0.902077 0.809319 0.212802 0.901851 0.212802 0.901851 0.902077 0.912468 0.902077 0.912468 0.097923 0.912729 0.500000 0.088176 0.898164 0.911824 0.101836 0.911824 0.535262 0.787904 0.535262 0.787904 0.898164 0.438040 0.898164 0.263055 0.101836 0.086986 0.087679 0.086986 0.912321 0.913014 0.087679 0.086986 0.500000 0.190239 0.809242 0.097614 0.901711 0.087116 0.830875 0.091885 0.088275 0.908115 0.911725 0.091885 0.874128 0.091885 0.481201 0.858352 0.088275 0.092163 0.906345 0.907837 0.093655 0.907837 0.906345 0.116441 0.093655 0.907837 0.500000 0.379640 0.906345 0.620360 0.093655 0.379640 0.500000 0.620360 0.500000 0.620360 0.906345 0.379640 0.093655 0.093655 0.092428 0.093655 0.907572 0.906345 0.092428 0.296827 0.700333 0.296827 0.897261 0.906345 0.700333 0.906345 0.295063 0.906345 0.497698 0.399699 0.904564 0.500000 0.095436 0.500000 0.904404 0.500000 0.365092 0.500000 0.634748 0.399699 0.095436 0.399699 0.634855 0.399699 0.365145 0.880307 0.461313 0.086798 0.098065 0.113444 0.095397 0.880307 0.900834 0.896756 0.902733 0.086798 0.904603 0.086798 0.635757 0.086798 0.366911 0.913202 0.904603 0.113444 0.339862 0.497587 0.408691 0.086798 0.904603 0.913202 0.904603 0.119693 0.900834 0.119693 0.461313 0.103244 0.902733 0.886556 0.339862 0.886556 0.095397 0.502413 0.408691 0.913202 0.098065 0.913202 0.366911 0.913202 0.635757 0.500000 0.095436 0.600301 0.904564 0.600301 0.095436 0.600301 0.365145 0.600301 0.634855 0.500000 0.904404 0.500000 0.634748 0.500000 0.365092 0.093655 0.092428 0.906345 0.092428 0.906345 0.907572 0.703173 0.897261 0.703173 0.700333 0.093655 0.700333 0.093655 0.497698 0.093655 0.295063 0.912158 0.089746 0.912158 0.910254 0.814736 0.342210 0.814736 0.089746 0.117117 0.910254 0.087842 0.847138 0.087842 0.342210 0.089492 0.854577 0.118634 0.096982 0.118634 0.903018 0.881366 0.096982 0.881366 0.903018 0.881366 0.500000 0.084763 0.911659 0.915237 0.911659 0.915237 0.507510 0.084763 0.852515 0.253589 0.261078 0.338003 0.132933 0.539096 0.507510 0.253589 0.088341 0.338003 0.088341 0.118634 0.096982 0.118634 0.903018 0.881366 0.096982 0.881366 0.903018 0.881366 0.500000 0.084763 0.088341 0.915237 0.088341 0.915237 0.492490 0.253589 0.738922 0.084763 0.147485 0.507345 0.492490 0.338003 0.807923 0.253589 0.911659 0.338003 0.911659 0.087483 0.085042 0.087483 0.914958 0.912517 0.914958 0.912517 0.096905 0.093655 0.143672 0.093655 0.856328 0.906345 0.143672 0.906345 0.856328 0.084770 0.091171 0.084770 0.908830 0.915231 0.908830 0.782356 0.091171 0.915231 0.816264 0.093655 0.915237 0.906345 0.084763 0.906345 0.915237 0.093655 0.088693 0.093655 0.143672 0.093655 0.856328 0.906345 0.143672 0.906345 0.856328 0.084770 0.091171 0.084770 0.908830 0.915231 0.091171 0.782356 0.908830 0.915231 0.183736 0.093655 0.084763 0.906345 0.084763 0.906345 0.915237 0.093655 0.911307 0.093655 0.143672 0.093655 0.856328 0.906345 0.143672 0.906345 0.856328 0.084770 0.091171 0.084770 0.908830 0.915231 0.908830 0.782356 0.091171 0.915231 0.816264 0.093655 0.915237 0.906345 0.084763 0.906345 0.915237 0.093655 0.088693 0.087483 0.085042 0.087483 0.914958 0.912517 0.085042 0.912517 0.903095 0.093655 0.143672 0.093655 0.856328 0.906345 0.143672 0.906345 0.856328 0.084770 0.091171 0.084770 0.908830 0.915231 0.091171 0.915231 0.183736 0.782356 0.908830 0.093655 0.084763 0.906345 0.084763 0.906345 0.915237 0.093655 0.911307 0.489012 0.089516 0.714258 0.362566 0.909990 0.654475 0.515159 0.910484 0.090010 0.348230 0.084930 0.910038 0.915070 0.910038 0.084930 0.242296 0.250751 0.193655 0.416883 0.169320 0.583117 0.169320 0.749249 0.193655 0.915070 0.242296 0.086521 0.099086 0.204735 0.091693 0.871256 0.214570 0.913479 0.211929 0.913479 0.729908 0.445901 0.450769 0.204735 0.256255 0.871256 0.592773 0.182556 0.880153 0.867536 0.214802 0.867536 0.592773 0.086521 0.908307 0.084930 0.090176 0.915070 0.090176 0.915070 0.752565 0.749249 0.802778 0.583117 0.827901 0.416883 0.827901 0.250751 0.802778 0.084930 0.752565 0.913479 0.908307 0.795265 0.091693 0.913479 0.099086 0.086521 0.211929 0.128744 0.214570 0.554099 0.450769 0.086521 0.729908 0.795265 0.256255 0.128744 0.592773 0.132463 0.592773 0.132463 0.214802 0.817444 0.880153 0.089312 0.913306 0.910688 0.086694 0.910688 0.829155 0.089312 0.086694 0.910688 0.913306 0.910688 0.170845 0.083955 0.085054 0.916045 0.085054 0.584034 0.378985 0.415966 0.704052 0.584034 0.704052 0.083955 0.914946 0.120665 0.914946 0.121386 0.914295 0.878614 0.914295 0.879335 0.914946 0.916045 0.914946 0.912951 0.096982 0.912951 0.903018 0.087049 0.285910 0.907823 0.903018 0.907823 0.285910 0.087049 0.096982 0.086564 0.096982 0.086564 0.903018 0.913436 0.096982 0.913436 0.163938 0.089139 0.285530 0.089139 0.903018 0.381288 0.329869 0.381288 0.670131 0.618712 0.670131 0.086564 0.087049 0.086564 0.912951 0.913436 0.912951 0.913436 0.254701 0.086564 0.087049 0.086564 0.912951 0.913436 0.087049 0.913436 0.745299 0.381288 0.329869 0.381288 0.670131 0.618712 0.329869 0.087049 0.096982 0.087049 0.903018 0.912951 0.096982 0.912951 0.285910 0.092177 0.285910 0.092177 0.903018 0.086564 0.096982 0.913436 0.096982 0.913436 0.903018 0.910861 0.285530 0.086564 0.163938 0.910861 0.903018 0.086564 0.903018 0.913436 0.096982 0.913436 0.903018 0.086564 0.836062 0.910861 0.714470 0.910861 0.096982 0.087049 0.096982 0.087049 0.903018 0.912951 0.714090 0.092177 0.096982 0.092177 0.714090 0.912951 0.903018 0.381288 0.670131 0.618712 0.329869 0.618712 0.670131 0.086564 0.912951 0.913436 0.087049 0.913436 0.912951 0.086564 0.254701 0.086564 0.087049 0.913436 0.087049 0.913436 0.912951 0.086564 0.745299 0.381288 0.329869 0.618712 0.329869 0.618712 0.670131 0.087049 0.903018 0.912951 0.096982 0.912951 0.903018 0.087049 0.714090 0.907823 0.714090 0.907823 0.096982 0.086564 0.096982 0.086564 0.903018 0.913436 0.903018 0.913436 0.836062 0.089139 0.096982 0.089139 0.714470 0.086745 0.088256 0.086745 0.911744 0.913255 0.088256 0.913255 0.911744 0.086745 0.088256 0.086745 0.911744 0.913255 0.088256 0.913255 0.911744 0.086745 0.088256 0.086745 0.911744 0.913255 0.088256 0.913255 0.911744 0.086745 0.088256 0.086745 0.911744 0.913255 0.088256 0.913255 0.911744 0.085962 0.104483 0.085962 0.895517 0.914038 0.895517 0.624211 0.104483 0.624211 0.209556 0.914038 0.290973 0.895517 0.108828 0.612763 0.761257 0.612763 0.891172 0.895517 0.761257 0.492643 0.761257 0.104483 0.761257 0.104483 0.108828 0.087364 0.113537 0.087364 0.886463 0.912636 0.113537 0.912636 0.886463 0.912066 0.087985 0.912066 0.912015 0.883991 0.087985 0.087934 0.829612 0.883991 0.829612 0.087934 0.912015 0.113537 0.125599 0.886463 0.125599 0.886463 0.874401 0.113537 0.874401 0.113537 0.088760 0.113537 0.911240 0.886463 0.088760 0.886463 0.911240 0.085771 0.084904 0.085771 0.915096 0.914229 0.084904 0.914229 0.915096 0.809122 0.190878 0.190878 0.809122 0.255794 0.255794 0.255794 0.744206 0.744206 0.744206 0.744206 0.255794 0.190878 0.190878 0.809122 0.809122 0.085771 0.084904 0.914229 0.915096 0.085771 0.915096 0.654596 0.084904 0.914229 0.084904 0.212898 0.170347 0.774408 0.170347 0.774408 0.893295 0.761036 0.255788 0.633877 0.893295 0.086414 0.910620 0.086414 0.089380 0.913586 0.089380 0.913586 0.910620 0.086414 0.089380 0.086414 0.910620 0.913586 0.089380 0.913586 0.910620 0.191237 0.808763 0.808763 0.808763 0.191237 0.191237 0.808763 0.191237 0.913586 0.910620 0.086414 0.089380 0.086414 0.910620 0.913586 0.089380 0.086414 0.089380 0.913586 0.089380 0.913586 0.910620 0.086414 0.910620 0.000000 0.087885 0.000000 0.912115 0.500000 0.087885 0.500000 0.912115 1.000000 0.087885 1.000000 0.912115 0.944444 0.912115 0.888889 0.912115 0.833333 0.912115 0.777778 0.912115 0.722222 0.912115 0.666667 0.912115 0.611111 0.912115 0.555556 0.912115 0.444444 0.912115 0.388889 0.912115 0.333333 0.912115 0.277778 0.912115 0.222222 0.912115 0.166667 0.912115 0.111111 0.912115 0.055556 0.912115 0.055556 0.087885 0.111111 0.087885 0.166667 0.087885 0.222222 0.087885 0.277778 0.087885 0.333333 0.087885 0.388889 0.087885 0.444444 0.087885 0.555556 0.087885 0.611111 0.087885 0.666667 0.087885 0.722222 0.087885 0.777778 0.087885 0.833333 0.087885 0.888889 0.087885 0.944444 0.087885 0.086693 0.500000 0.111618 0.358641 0.183388 0.234331 0.293346 0.142065 0.428230 0.092972 0.571770 0.092972 0.706654 0.142065 0.816612 0.234331 0.888382 0.358641 0.913307 0.500000 0.888382 0.641359 0.816612 0.765669 0.706654 0.857935 0.571770 0.907028 0.428230 0.907028 0.293346 0.857935 0.183388 0.765669 0.111618 0.641359 0.159711 0.892700 0.144875 0.892700 0.130038 0.892700 0.130038 0.878310 0.159711 0.914403 0.085090 0.878310 0.914910 0.914403 0.085090 0.165358 0.085090 0.085597 0.914910 0.085597 0.914910 0.084669 0.085090 0.297592 0.716099 0.501314 0.703067 0.445123 0.665541 0.395709 0.608050 0.359033 0.537525 0.339518 0.462475 0.339518 0.391950 0.359033 0.334459 0.395709 0.296933 0.445123 0.283901 0.501314 0.296933 0.557506 0.334459 0.606919 0.391950 0.643596 0.462475 0.663111 0.537525 0.663111 0.608050 0.643596 0.665541 0.606919 0.703067 0.557506 0.914910 0.915331 0.085090 0.084669 0.444267 0.084669 0.085090 0.915331 0.085597 0.084669 0.914403 0.915331 0.085597 0.915331 0.883585 0.084669 0.914403 0.084669 0.093854 0.136703 0.093854 0.863297 0.906146 0.863297 0.912631 0.085597 0.809355 0.477275 0.809355 0.622014 0.371943 0.914403 0.912631 0.477275 0.577743 0.134096 0.087369 0.085597 0.332442 0.914403 0.869962 0.882748 0.803683 0.882748 0.914910 0.095183 0.869962 0.768125 0.914910 0.768125 0.679588 0.084669 0.679588 0.095183 0.840289 0.915331 0.085090 0.915331 0.085090 0.084669 0.662396 0.084669 0.220708 0.084669 0.914910 0.297592 0.853898 0.084904 0.853898 0.159111 0.914229 0.915096 0.085771 0.915096 0.914229 0.903374 0.707114 0.500000 0.707114 0.707548 0.810672 0.500000 0.810672 0.707548 0.914229 0.159111 0.707114 0.292452 0.810672 0.292452 0.862554 0.913067 0.085771 0.084904 0.822342 0.084904 0.914229 0.168821 0.909884 0.352741 0.899915 0.538171 0.884183 0.724988 0.163380 0.520211 0.109692 0.240781 0.912909 0.520211 0.109692 0.094624 0.914403 0.914873 0.834642 0.717146 0.085597 0.717146 0.834642 0.914873 0.085597 0.085127 0.914403 0.085127 0.085034 0.096155 0.085034 0.903845 0.914966 0.903845 0.896422 0.096155 0.914966 0.235955 0.084999 0.903845 0.915001 0.096155 0.915001 0.903845 0.084999 0.347219 0.117609 0.096155 0.915001 0.099605 0.099451 0.900395 0.912139 0.900395 0.084999 0.099605 0.914966 0.096155 0.914966 0.903845 0.085034 0.235955 0.103578 0.096155 0.085034 0.903845 0.084999 0.096155 0.084999 0.903845 0.915001 0.903845 0.915001 0.347219 0.882391 0.096155 0.915001 0.900395 0.912139 0.099605 0.084999 0.900395 0.099451 0.099605 0.085034 0.903845 0.085034 0.096155 0.896422 0.096155 0.914966 0.235955 0.914966 0.903845 0.084999 0.903845 0.915001 0.096155 0.915001 0.903845 0.117609 0.096155 0.084999 0.347219 0.084999 0.900395 0.915001 0.900395 0.087861 0.099605 0.900549 0.099605 0.084999 0.099605 0.915001 0.099605 0.087861 0.900395 0.900549 0.900395 0.085034 0.903845 0.914966 0.096155 0.914966 0.903845 0.103578 0.096155 0.085034 0.235955 0.084999 0.096155 0.084999 0.903845 0.915001 0.903845 0.882391 0.096155 0.915001 0.347219 0.500000 0.099241 0.733430 0.850320 0.733430 0.587022 0.266570 0.322208 0.266570 0.617243 0.508857 0.138952 0.511355 0.254244 0.484058 0.913997 0.484058 0.793112 0.494635 0.793112 0.499175 0.407304 0.499175 0.600208 0.499175 0.793112 0.500825 0.913997 0.500825 0.660650 0.500825 0.407304 0.516570 0.913997 0.512634 0.913997 0.508697 0.913997 0.504761 0.913997 0.483430 0.554977 0.485274 0.438516 0.487174 0.330353 0.489130 0.230496 0.491143 0.138952 0.515222 0.468733 0.493359 0.121578 0.495573 0.109168 0.497787 0.101723 0.502213 0.101723 0.504427 0.109168 0.506641 0.121578 0.500000 0.407144 0.496905 0.793112 0.494635 0.913997 0.489346 0.913997 0.501010 0.457348 0.504517 0.458305 0.508055 0.460502 0.511624 0.463968 0.509019 0.329769 0.506697 0.387721 0.506557 0.390673 0.503774 0.436343 0.085771 0.915096 0.914229 0.915096 0.120603 0.159111 0.120603 0.084904 0.914229 0.084904 0.771868 0.084904 0.292886 0.500000 0.189328 0.500000 0.085771 0.168821 0.085771 0.159111 0.292886 0.292452 0.189328 0.292452 0.085771 0.903374 0.248313 0.710909 0.187872 0.588679 0.141493 0.467029 0.139130 0.459680 0.102582 0.313773 0.606887 0.084904 0.872608 0.780612 0.872608 0.647541 0.902886 0.780612 0.648354 0.675050 0.648354 0.852041 0.535600 0.852041 0.535600 0.678571 0.083333 0.590136 0.902886 0.916667 0.902886 0.848639 0.916667 0.916667 0.916667 0.083333 0.105287 0.590136 0.760538 0.664705 0.392173 0.673095 0.248861 0.656476 0.105784 0.628727 0.083333 0.083333 0.083333 0.083333 0.916667 0.083333 0.818627 0.916667 0.181373 0.916667 0.916667 0.827201 0.083333 0.827201</float_array>
          <technique_common>
            <accessor count="1977" offset="0" source="#lib-map1-array-a847f861-944f-42a6-ae69-bf44e1395a78" stride="2">
              <param name="S" type="float" />
              <param name="T" type="float" />
            </accessor>
          </technique_common>
        </source>
        <vertices id="lib-vertices-a847f861-944f-42a6-ae69-bf44e1395a78">
          <input semantic="POSITION" source="#lib-position-a847f861-944f-42a6-ae69-bf44e1395a78" />
        </vertices>
        <triangles count="1578" material="material-a0000000-0000-0000-0000-000000000000">
          <input offset="0" semantic="VERTEX" source="#lib-vertices-a847f861-944f-42a6-ae69-bf44e1395a78" />
          <input offset="1" semantic="NORMAL" source="#lib-normal-a847f861-944f-42a6-ae69-bf44e1395a78" />
          <input offset="2" semantic="TEXCOORD" source="#lib-map1-a847f861-944f-42a6-ae69-bf44e1395a78" />
          <p>2 2 2 1 1 1 0 0 0 3 3 3 1 1 1 2 2 2 3 3 3 2 2 2 1892 1892 1892 1892 1892 1892 2 2 2 1891 1891 1891 1910 1910 1910 3 3 3 1892 1892 1892 1894 1894 1894 8 8 8 1893 1893 1893 1906 1906 1906 7 7 7 1894 1894 1894 8 8 8 1894 1894 1894 7 7 7 7 7 7 9 9 9 8 8 8 4 4 4 11 11 11 10 10 10 5 5 5 10 10 10 9 9 9 9 9 9 6 6 6 5 5 5 10 10 10 5 5 5 4 4 4 7 7 7 6 6 6 9 9 9 61 61 61 57 57 57 60 60 60 62 62 62 56 56 56 61 61 61 57 57 57 58 58 58 60 60 60 58 58 58 59 59 59 60 60 60 56 56 56 57 57 57 61 61 61 70 70 70 56 56 56 62 62 62 43 43 43 66 66 66 42 42 42 44 44 44 66 66 66 43 43 43 45 45 45 64 64 64 65 65 65 65 65 65 66 66 66 44 44 44 38 38 38 25 25 25 63 63 63 26 26 26 62 62 62 63 63 63 16 16 16 63 63 63 64 64 64 53 53 53 54 54 54 69 69 69 55 55 55 70 70 70 54 54 54 68 68 68 69 69 69 54 54 54 68 68 68 70 70 70 67 67 67 68 68 68 54 54 54 70 70 70 55 55 55 56 56 56 70 70 70 70 70 70 62 62 62 26 26 26 25 25 25 39 39 39 24 24 24 70 70 70 26 26 26 27 27 27 32 32 32 33 33 33 22 22 22 22 22 22 33 33 33 21 21 21 23 23 23 32 32 32 22 22 22 25 25 25 26 26 26 63 63 63 23 23 23 24 24 24 32 32 32 45 45 45 65 65 65 44 44 44 46 46 46 14 14 14 45 45 45 47 47 47 13 13 13 46 46 46 46 46 46 13 13 13 14 14 14 14 14 14 15 15 15 45 45 45 13 13 13 47 47 47 12 12 12 64 64 64 15 15 15 16 16 16 16 16 16 17 17 17 38 38 38 18 18 18 50 50 50 17 17 17 19 19 19 49 49 49 18 18 18 48 48 48 49 49 49 19 19 19 49 49 49 50 50 50 18 18 18 20 20 20 48 48 48 19 19 19 16 16 16 38 38 38 63 63 63 17 17 17 50 50 50 37 37 37 40 40 40 41 41 41 30 30 30 28 28 28 29 29 29 41 41 41 40 40 40 31 31 31 39 39 39 30 30 30 31 31 31 40 40 40 30 30 30 41 41 41 29 29 29 31 31 31 32 32 32 24 24 24 52 52 52 34 34 34 35 35 35 35 35 35 51 51 51 52 52 52 51 51 51 35 35 35 36 36 36 31 31 31 24 24 24 39 39 39 37 37 37 38 38 38 17 17 17 36 36 36 37 37 37 50 50 50 38 38 38 39 39 39 25 25 25 51 51 51 36 36 36 50 50 50 64 64 64 45 45 45 15 15 15 71 71 71 75 75 75 73 73 73 72 72 72 73 73 73 75 75 75 84 84 84 85 85 85 72 72 72 75 75 75 84 84 84 72 72 72 84 84 84 75 75 75 76 76 76 73 73 73 74 74 74 71 71 71 78 78 78 76 76 76 77 77 77 78 78 78 79 79 79 84 84 84 83 83 83 84 84 84 79 79 79 80 80 80 82 82 82 83 83 83 82 82 82 80 80 80 81 81 81 80 80 80 83 83 83 79 79 79 78 78 78 84 84 84 76 76 76 92 92 92 87 87 87 89 89 89 90 90 90 92 92 92 89 89 89 90 90 90 91 91 91 92 92 92 92 92 92 93 93 93 88 88 88 87 87 87 92 92 92 88 88 88 95 95 95 94 94 94 109 109 109 96 96 96 97 97 97 98 98 98 96 96 96 108 108 108 95 95 95 94 94 94 95 95 95 108 108 108 108 108 108 96 96 96 99 99 99 98 98 98 99 99 99 96 96 96 107 107 107 108 108 108 99 99 99 104 104 104 99 99 99 100 100 100 103 103 103 100 100 100 101 101 101 101 101 101 102 102 102 103 103 103 104 104 104 100 100 100 103 103 103 105 105 105 106 106 106 107 107 107 105 105 105 107 107 107 99 99 99 99 99 99 104 104 104 105 105 105 116 116 116 112 112 112 114 114 114 110 110 110 114 114 114 112 112 112 114 114 114 111 111 111 113 113 113 116 116 116 114 114 114 115 115 115 110 110 110 111 111 111 114 114 114 119 119 119 117 117 117 118 118 118 121 121 121 120 120 120 122 122 122 125 125 125 123 123 123 124 124 124 127 127 127 126 126 126 128 128 128 131 131 131 130 130 130 134 134 134 129 129 129 134 134 134 130 130 130 134 134 134 132 132 132 133 133 133 131 131 131 134 134 134 135 135 135 129 129 129 132 132 132 134 134 134 140 140 140 137 137 137 136 136 136 138 138 138 140 140 140 136 136 136 138 138 138 139 139 139 140 140 140 140 140 140 141 141 141 142 142 142 137 137 137 140 140 140 142 142 142 148 148 148 146 146 146 145 145 145 149 149 149 146 146 146 148 148 148 149 149 149 148 148 148 144 144 144 144 144 144 148 148 148 147 147 147 143 143 143 149 149 149 144 144 144 152 152 152 150 150 150 153 153 153 153 153 153 151 151 151 152 152 152 155 155 155 154 154 154 156 156 156 162 162 162 164 164 164 158 158 158 162 162 162 159 159 159 161 161 161 158 158 158 159 159 159 162 162 162 163 163 163 160 160 160 165 165 165 160 160 160 163 163 163 161 161 161 167 167 167 171 171 171 170 170 170 168 168 168 166 166 166 170 170 170 169 169 169 171 171 171 167 167 167 170 170 170 172 172 172 168 168 168 171 171 171 169 169 169 173 173 173 175 175 175 177 177 177 174 174 174 177 177 177 178 178 178 179 179 179 184 184 184 185 185 185 183 183 183 180 180 180 182 182 182 185 185 185 193 193 193 186 186 186 215 215 215 194 194 194 215 215 215 186 186 186 213 213 213 214 214 214 194 194 194 196 196 196 192 192 192 195 195 195 213 213 213 194 194 194 195 195 195 215 215 215 194 194 194 214 214 214 195 195 195 192 192 192 213 213 213 190 190 190 191 191 191 196 196 196 192 192 192 196 196 196 191 191 191 210 210 210 188 188 188 189 189 189 189 189 189 209 209 209 210 210 210 207 207 207 209 209 209 189 189 189 190 190 190 207 207 207 189 189 189 196 196 196 207 207 207 190 190 190 198 198 198 206 206 206 197 197 197 199 199 199 204 204 204 198 198 198 204 204 204 205 205 205 198 198 198 203 203 203 199 199 199 200 200 200 187 187 187 201 201 201 200 200 200 203 203 203 200 200 200 212 212 212 204 204 204 199 199 199 203 203 203 198 198 198 205 205 205 206 206 206 209 209 209 207 207 207 208 208 208 197 197 197 206 206 206 207 207 207 212 212 212 200 200 200 211 211 211 201 201 201 202 202 202 211 211 211 200 200 200 201 201 201 211 211 211 196 196 196 197 197 197 207 207 207 235 235 235 236 236 236 217 217 217 237 237 237 217 217 217 236 236 236 233 233 233 235 235 235 217 217 217 218 218 218 233 233 233 217 217 217 218 218 218 219 219 219 229 229 229 233 233 233 234 234 234 235 235 235 232 232 232 233 233 233 218 218 218 230 230 230 231 231 231 229 229 229 218 218 218 231 231 231 232 232 232 229 229 229 231 231 231 218 218 218 227 227 227 228 228 228 220 220 220 226 226 226 227 227 227 220 220 220 222 222 222 225 225 225 221 221 221 216 216 216 223 223 223 222 222 222 221 221 221 225 225 225 226 226 226 239 239 239 225 225 225 222 222 222 224 224 224 238 238 238 223 223 223 222 222 222 238 238 238 239 239 239 222 222 222 223 223 223 238 238 238 243 243 243 241 241 241 242 242 242 255 255 255 241 241 241 243 243 243 244 244 244 254 254 254 243 243 243 241 241 241 255 255 255 240 240 240 244 244 244 253 253 253 254 254 254 254 254 254 255 255 255 243 243 243 253 253 253 244 244 244 245 245 245 252 252 252 245 245 245 246 246 246 249 249 249 247 247 247 248 248 248 251 251 251 246 246 246 247 247 247 251 251 251 252 252 252 246 246 246 256 256 256 250 250 250 249 249 249 247 247 247 250 250 250 251 251 251 247 247 247 249 249 249 250 250 250 253 253 253 245 245 245 252 252 252 271 271 271 260 260 260 257 257 257 271 271 271 272 272 272 270 270 270 270 270 270 280 280 280 271 271 271 272 272 272 273 273 273 268 268 268 273 273 273 274 274 274 267 267 267 259 259 259 260 260 260 281 281 281 281 281 281 260 260 260 271 271 271 280 280 280 281 281 281 271 271 271 267 267 267 274 274 274 266 266 266 266 266 266 275 275 275 263 263 263 274 274 274 275 275 275 266 266 266 275 275 275 276 276 276 261 261 261 258 258 258 279 279 279 277 277 277 258 258 258 278 278 278 279 279 279 282 282 282 277 277 277 279 279 279 276 276 276 277 277 277 282 282 282 276 276 276 282 282 282 261 261 261 266 266 266 264 264 264 265 265 265 266 266 266 263 263 263 264 264 264 275 275 275 261 261 261 262 262 262 282 282 282 283 283 283 261 261 261 262 262 262 263 263 263 275 275 275 287 287 287 285 285 285 286 286 286 300 300 300 285 285 285 287 287 287 287 287 287 288 288 288 299 299 299 285 285 285 300 300 300 284 284 284 299 299 299 300 300 300 287 287 287 298 298 298 288 288 288 289 289 289 297 297 297 289 289 289 290 290 290 293 293 293 291 291 291 292 292 292 296 296 296 290 290 290 291 291 291 296 296 296 297 297 297 290 290 290 294 294 294 295 295 295 293 293 293 291 291 291 295 295 295 296 296 296 291 291 291 293 293 293 295 295 295 298 298 298 289 289 289 297 297 297 316 316 316 303 303 303 304 304 304 314 314 314 305 305 305 306 306 306 315 315 315 304 304 304 305 305 305 303 303 303 316 316 316 302 302 302 305 305 305 314 314 314 315 315 315 315 315 315 316 316 316 304 304 304 314 314 314 306 306 306 313 313 313 312 312 312 313 313 313 306 306 306 307 307 307 312 312 312 306 306 306 308 308 308 311 311 311 307 307 307 301 301 301 310 310 310 308 308 308 307 307 307 311 311 311 312 312 312 301 301 301 309 309 309 310 310 310 310 310 310 311 311 311 308 308 308 333 333 333 317 317 317 321 321 321 331 331 331 322 322 322 319 319 319 332 332 332 321 321 321 322 322 322 317 317 317 333 333 333 318 318 318 322 322 322 331 331 331 332 332 332 332 332 332 333 333 333 321 321 321 331 331 331 319 319 319 330 330 330 324 324 324 328 328 328 323 323 323 324 324 324 320 320 320 325 325 325 325 325 325 327 327 327 324 324 324 329 329 329 330 330 330 319 319 319 324 324 324 327 327 327 328 328 328 325 325 325 326 326 326 327 327 327 328 328 328 329 329 329 323 323 323 323 323 323 329 329 329 319 319 319 339 339 339 337 337 337 334 334 334 339 339 339 340 340 340 358 358 358 358 358 358 360 360 360 339 339 339 340 340 340 341 341 341 357 357 357 341 341 341 342 342 342 355 355 355 336 336 336 337 337 337 359 359 359 359 359 359 337 337 337 339 339 339 360 360 360 359 359 359 339 339 339 355 355 355 342 342 342 354 354 354 343 343 343 352 352 352 354 354 354 342 342 342 343 343 343 354 354 354 343 343 343 344 344 344 349 349 349 346 346 346 345 345 345 335 335 335 335 335 335 338 338 338 346 346 346 348 348 348 344 344 344 345 345 345 345 345 345 346 346 346 347 347 347 354 354 354 352 352 352 353 353 353 343 343 343 351 351 351 352 352 352 345 345 345 347 347 347 348 348 348 343 343 343 349 349 349 350 350 350 344 344 344 348 348 348 349 349 349 350 350 350 351 351 351 343 343 343 362 362 362 363 363 363 364 364 364 371 371 371 362 362 362 364 364 364 362 362 362 371 371 371 361 361 361 364 364 364 370 370 370 371 371 371 370 370 370 364 364 364 365 365 365 367 367 367 365 365 365 372 372 372 366 366 366 367 367 367 372 372 372 369 369 369 365 365 365 367 367 367 368 368 368 369 369 369 367 367 367 372 372 372 373 373 373 366 366 366 370 370 370 365 365 365 369 369 369 378 378 378 377 377 377 383 383 383 373 373 373 378 378 378 383 383 383 383 383 383 381 381 381 380 380 380 380 380 380 373 373 373 383 383 383 374 374 374 373 373 373 372 372 372 373 373 373 374 374 374 378 378 378 378 378 378 237 237 237 382 382 382 375 375 375 382 382 382 376 376 376 217 217 217 237 237 237 374 374 374 237 237 237 378 378 378 374 374 374 376 376 376 382 382 382 237 237 237 379 379 379 378 378 378 382 382 382 385 385 385 388 388 388 389 389 389 386 386 386 384 384 384 389 389 389 386 386 386 389 389 389 387 387 387 393 393 393 394 394 394 392 392 392 390 390 390 392 392 392 394 394 394 395 395 395 391 391 391 394 394 394 390 390 390 394 394 394 391 391 391 397 397 397 396 396 396 398 398 398 401 401 401 400 400 400 402 402 402 405 405 405 404 404 404 407 407 407 409 409 409 408 408 408 411 411 411 413 413 413 412 412 412 415 415 415 417 417 417 416 416 416 419 419 419 424 424 424 420 420 420 421 421 421 423 423 423 422 422 422 424 424 424 420 420 420 424 424 424 422 422 422 430 430 430 449 449 449 450 450 450 452 452 452 429 429 429 430 430 430 430 430 430 450 450 450 452 452 452 431 431 431 452 452 452 427 427 427 429 429 429 436 436 436 445 445 445 429 429 429 447 447 447 448 448 448 452 452 452 431 431 431 429 429 429 451 451 451 452 452 452 450 450 450 445 445 445 446 446 446 447 447 447 454 454 454 444 444 444 445 445 445 445 445 445 447 447 447 429 429 429 445 445 445 443 443 443 454 454 454 443 443 443 456 456 456 442 442 442 456 456 456 443 443 443 441 441 441 438 438 438 443 443 443 445 445 445 433 433 433 429 429 429 431 431 431 433 433 433 436 436 436 429 429 429 425 425 425 431 431 431 432 432 432 445 445 445 436 436 436 438 438 438 426 426 426 433 433 433 425 425 425 431 431 431 425 425 425 433 433 433 436 436 436 433 433 433 434 434 434 435 435 435 436 436 436 434 434 434 439 439 439 453 453 453 438 438 438 440 440 440 438 438 438 453 453 453 440 440 440 441 441 441 443 443 443 443 443 443 438 438 438 440 440 440 436 436 436 437 437 437 455 455 455 436 436 436 455 455 455 438 438 438 460 460 460 457 457 457 458 458 458 463 463 463 461 461 461 465 465 465 465 465 465 462 462 462 463 463 463 464 464 464 462 462 462 465 465 465 468 468 468 466 466 466 469 469 469 468 468 468 470 470 470 467 467 467 469 469 469 470 470 470 468 468 468 476 476 476 475 475 475 473 473 473 473 473 473 471 471 471 476 476 476 472 472 472 475 475 475 476 476 476 477 477 477 479 479 479 480 480 480 483 483 483 484 484 484 480 480 480 480 480 480 481 481 481 483 483 483 483 483 483 481 481 481 478 478 478 486 486 486 489 489 489 485 485 485 490 490 490 485 485 485 489 489 489 491 491 491 488 488 488 489 489 489 488 488 488 491 491 491 487 487 487 499 499 499 492 492 492 498 498 498 501 501 501 498 498 498 500 500 500 495 495 495 497 497 497 498 498 498 494 494 494 497 497 497 495 495 495 496 496 496 493 493 493 494 494 494 497 497 497 494 494 494 493 493 493 503 503 503 505 505 505 504 504 504 506 506 506 510 510 510 513 513 513 512 512 512 513 513 513 510 510 510 510 510 510 506 506 506 508 508 508 510 510 510 509 509 509 512 512 512 512 512 512 509 509 509 507 507 507 520 520 520 518 518 518 519 519 519 520 520 520 521 521 521 517 517 517 517 517 517 518 518 518 520 520 520 515 515 515 514 514 514 517 517 517 518 518 518 517 517 517 514 514 514 517 517 517 516 516 516 515 515 515 524 524 524 525 525 525 526 526 526 527 527 527 528 528 528 522 522 522 527 527 527 522 522 522 524 524 524 523 523 523 524 524 524 522 522 522 532 532 532 530 530 530 529 529 529 533 533 533 534 534 534 529 529 529 534 534 534 535 535 535 532 532 532 529 529 529 534 534 534 532 532 532 539 539 539 536 536 536 542 542 542 539 539 539 543 543 543 538 538 538 540 540 540 537 537 537 538 538 538 540 540 540 538 538 538 543 543 543 544 544 544 548 548 548 547 547 547 547 547 547 550 550 550 546 546 546 546 546 546 551 551 551 545 545 545 551 551 551 546 546 546 550 550 550 548 548 548 550 550 550 547 547 547 563 563 563 552 552 552 555 555 555 562 562 562 563 563 563 555 555 555 553 553 553 555 555 555 554 554 554 552 552 552 554 554 554 555 555 555 557 557 557 562 562 562 555 555 555 558 558 558 561 561 561 556 556 556 562 562 562 556 556 556 561 561 561 561 561 561 558 558 558 560 560 560 562 562 562 557 557 557 556 556 556 575 575 575 568 568 568 572 572 572 571 571 571 572 572 572 568 568 568 573 573 573 574 574 574 575 575 575 567 567 567 571 571 571 568 568 568 570 570 570 571 571 571 566 566 566 569 569 569 570 570 570 566 566 566 565 565 565 564 564 564 566 566 566 569 569 569 566 566 566 564 564 564 571 571 571 567 567 567 566 566 566 578 578 578 577 577 577 576 576 576 582 582 582 579 579 579 580 580 580 580 580 580 581 581 581 582 582 582 583 583 583 584 584 584 585 585 585 589 589 589 586 586 586 587 587 587 586 586 586 589 589 589 588 588 588 592 592 592 593 593 593 590 590 590 593 593 593 592 592 592 591 591 591 595 595 595 594 594 594 597 597 597 597 597 597 596 596 596 595 595 595 603 603 603 600 600 600 599 599 599 602 602 602 598 598 598 600 600 600 606 606 606 604 604 604 607 607 607 605 605 605 606 606 606 608 608 608 607 607 607 608 608 608 606 606 606 612 612 612 613 613 613 609 609 609 610 610 610 613 613 613 611 611 611 612 612 612 611 611 611 613 613 613 619 619 619 614 614 614 617 617 617 618 618 618 617 617 617 616 616 616 615 615 615 619 619 619 618 618 618 617 617 617 618 618 618 619 619 619 623 623 623 625 625 625 620 620 620 624 624 624 625 625 625 623 623 623 625 625 625 624 624 624 621 621 621 623 623 623 622 622 622 624 624 624 628 628 628 626 626 626 627 627 627 1514 1514 1514 628 628 628 1512 1512 1512 627 627 627 1512 1512 1512 628 628 628 630 630 630 631 631 631 629 629 629 634 634 634 632 632 632 631 631 631 630 630 630 634 634 634 631 631 631 647 647 647 638 638 638 640 640 640 648 648 648 640 640 640 639 639 639 640 640 640 648 648 648 647 647 647 646 646 646 645 645 645 637 637 637 646 646 646 638 638 638 647 647 647 637 637 637 638 638 638 646 646 646 635 635 635 637 637 637 644 644 644 645 645 645 644 644 644 637 637 637 643 643 643 635 635 635 644 644 644 642 642 642 635 635 635 643 643 643 642 642 642 641 641 641 636 636 636 642 642 642 636 636 636 635 635 635 662 662 662 655 655 655 660 660 660 660 660 660 655 655 655 654 654 654 661 661 661 653 653 653 652 652 652 654 654 654 653 653 653 661 661 661 661 661 661 660 660 660 654 654 654 662 662 662 656 656 656 655 655 655 650 650 650 649 649 649 659 659 659 651 651 651 650 650 650 659 659 659 651 651 651 658 658 658 657 657 657 657 657 657 662 662 662 651 651 651 651 651 651 659 659 659 658 658 658 656 656 656 662 662 662 657 657 657 670 670 670 664 664 664 663 663 663 665 665 665 670 670 670 663 663 663 667 667 667 670 670 670 665 665 665 667 667 667 672 672 672 671 671 671 667 667 667 671 671 671 670 670 670 673 673 673 672 672 672 667 667 667 666 666 666 675 675 675 674 674 674 666 666 666 674 674 674 673 673 673 669 669 669 675 675 675 666 666 666 669 669 669 668 668 668 676 676 676 669 669 669 676 676 676 675 675 675 667 667 667 666 666 666 673 673 673 678 678 678 677 677 677 679 679 679 684 684 684 683 683 683 685 685 685 681 681 681 684 684 684 682 682 682 685 685 685 682 682 682 684 684 684 686 686 686 688 688 688 687 687 687 701 701 701 698 698 698 691 691 691 702 702 702 703 703 703 704 704 704 701 701 701 702 702 702 698 698 698 692 692 692 699 699 699 700 700 700 700 700 700 691 691 691 692 692 692 691 691 691 700 700 700 701 701 701 704 704 704 698 698 698 702 702 702 697 697 697 698 698 698 695 695 695 705 705 705 695 695 695 698 698 698 690 690 690 694 694 694 705 705 705 695 695 695 705 705 705 694 694 694 705 705 705 698 698 698 704 704 704 694 694 694 690 690 690 693 693 693 712 712 712 713 713 713 708 708 708 712 712 712 709 709 709 711 711 711 709 709 709 710 710 710 707 707 707 708 708 708 709 709 709 712 712 712 721 721 721 722 722 722 717 717 717 720 720 720 721 721 721 717 717 717 719 719 719 720 720 720 724 724 724 718 718 718 724 724 724 720 720 720 725 725 725 719 719 719 724 724 724 720 720 720 717 717 717 718 718 718 718 718 718 723 723 723 724 724 724 714 714 714 723 723 723 718 718 718 716 716 716 723 723 723 715 715 715 714 714 714 715 715 715 723 723 723 737 737 737 732 732 732 735 735 735 736 736 736 737 737 737 735 735 735 733 733 733 731 731 731 730 730 730 732 732 732 730 730 730 731 731 731 730 730 730 732 732 732 729 729 729 728 728 728 734 734 734 727 727 727 726 726 726 734 734 734 728 728 728 729 729 729 737 737 737 734 734 734 726 726 726 729 729 729 734 734 734 732 732 732 737 737 737 729 729 729 738 738 738 741 741 741 740 740 740 745 745 745 742 742 742 743 743 743 747 747 747 746 746 746 748 748 748 751 751 751 750 750 750 753 753 753 762 762 762 761 761 761 765 765 765 757 757 757 765 765 765 761 761 761 754 754 754 761 761 761 762 762 762 754 754 754 762 762 762 756 756 756 755 755 755 756 756 756 762 762 762 760 760 760 763 763 763 759 759 759 757 757 757 763 763 763 760 760 760 764 764 764 765 765 765 758 758 758 757 757 757 758 758 758 765 765 765 761 761 761 763 763 763 757 757 757 767 767 767 774 774 774 766 766 766 768 768 768 774 774 774 767 767 767 775 775 775 773 773 773 774 774 774 766 766 766 774 774 774 773 773 773 769 769 769 773 773 773 775 775 775 775 775 775 777 777 777 769 769 769 776 776 776 777 777 777 775 775 775 772 772 772 771 771 771 770 770 770 769 769 769 770 770 770 771 771 771 773 773 773 769 769 769 771 771 771 785 785 785 780 780 780 778 778 778 784 784 784 780 780 780 783 783 783 782 782 782 783 783 783 781 781 781 781 781 781 783 783 783 780 780 780 781 781 781 779 779 779 782 782 782 787 787 787 786 786 786 788 788 788 793 793 793 792 792 792 791 791 791 796 796 796 795 795 795 794 794 794 790 790 790 801 801 801 800 800 800 800 800 800 799 799 799 817 817 817 790 790 790 807 807 807 802 802 802 807 807 807 790 790 790 792 792 792 792 792 792 808 808 808 807 807 807 801 801 801 790 790 790 802 802 802 790 790 790 800 800 800 817 817 817 817 817 817 799 799 799 818 818 818 817 817 817 816 816 816 791 791 791 799 799 799 798 798 798 818 818 818 816 816 816 815 815 815 791 791 791 793 793 793 791 791 791 815 815 815 794 794 794 815 815 815 814 814 814 806 806 806 794 794 794 814 814 814 790 790 790 817 817 817 791 791 791 792 792 792 793 793 793 808 808 808 808 808 808 793 793 793 795 795 795 815 815 815 794 794 794 793 793 793 810 810 810 809 809 809 795 795 795 808 808 808 795 795 795 809 809 809 796 796 796 810 810 810 795 795 795 811 811 811 810 810 810 819 819 819 796 796 796 805 805 805 819 819 819 810 810 810 796 796 796 819 819 819 804 804 804 812 812 812 819 819 819 794 794 794 806 806 806 805 805 805 803 803 803 813 813 813 812 812 812 813 813 813 803 803 803 797 797 797 804 804 804 803 803 803 812 812 812 812 812 812 811 811 811 819 819 819 824 824 824 823 823 823 822 822 822 820 820 820 825 825 825 824 824 824 822 822 822 821 821 821 824 824 824 836 836 836 834 834 834 835 835 835 834 834 834 836 836 836 837 837 837 833 833 833 837 837 837 838 838 838 833 833 833 834 834 834 837 837 837 838 838 838 832 832 832 833 833 833 832 832 832 828 828 828 829 829 829 828 828 828 832 832 832 838 838 838 841 841 841 839 839 839 840 840 840 830 830 830 831 831 831 826 826 826 827 827 827 838 838 838 841 841 841 839 839 839 841 841 841 838 838 838 841 841 841 830 830 830 827 827 827 826 826 826 827 827 827 830 830 830 828 828 828 838 838 838 827 827 827 842 842 842 846 846 846 854 854 854 851 851 851 842 842 842 852 852 852 852 852 852 842 842 842 853 853 853 854 854 854 845 845 845 844 844 844 846 846 846 845 845 845 854 854 854 854 854 854 853 853 853 842 842 842 848 848 848 847 847 847 855 855 855 849 849 849 855 855 855 843 843 843 843 843 843 851 851 851 850 850 850 855 855 855 849 849 849 848 848 848 849 849 849 843 843 843 850 850 850 842 842 842 851 851 851 843 843 843 858 858 858 859 859 859 861 861 861 862 862 862 859 859 859 857 857 857 856 856 856 857 857 857 859 859 859 862 862 862 857 857 857 860 860 860 869 869 869 864 864 864 865 865 865 863 863 863 865 865 865 864 864 864 867 867 867 864 864 864 869 869 869 865 865 865 866 866 866 868 868 868 873 873 873 872 872 872 871 871 871 876 876 876 875 875 875 874 874 874 887 887 887 886 886 886 898 898 898 886 886 886 885 885 885 899 899 899 870 870 870 889 889 889 888 888 888 889 889 889 870 870 870 890 890 890 887 887 887 870 870 870 888 888 888 887 887 887 898 898 898 870 870 870 899 899 899 898 898 898 886 886 886 871 871 871 870 870 870 898 898 898 871 871 871 898 898 898 897 897 897 897 897 897 883 883 883 871 871 871 873 873 873 871 871 871 883 883 883 880 880 880 881 881 881 884 884 884 883 883 883 882 882 882 874 874 874 881 881 881 874 874 874 882 882 882 872 872 872 890 890 890 870 870 870 873 873 873 891 891 891 872 872 872 890 890 890 872 872 872 891 891 891 883 883 883 874 874 874 873 873 873 875 875 875 891 891 891 873 873 873 893 893 893 892 892 892 875 875 875 891 891 891 875 875 875 892 892 892 876 876 876 893 893 893 875 875 875 894 894 894 893 893 893 900 900 900 876 876 876 880 880 880 879 879 879 893 893 893 876 876 876 900 900 900 879 879 879 895 895 895 900 900 900 874 874 874 880 880 880 876 876 876 878 878 878 896 896 896 895 895 895 896 896 896 878 878 878 877 877 877 879 879 879 878 878 878 895 895 895 895 895 895 894 894 894 900 900 900 881 881 881 880 880 880 874 874 874 906 906 906 905 905 905 903 903 903 908 908 908 907 907 907 904 904 904 902 902 902 917 917 917 916 916 916 916 916 916 915 915 915 930 930 930 905 905 905 904 904 904 918 918 918 919 919 919 918 918 918 904 904 904 902 902 902 916 916 916 903 903 903 918 918 918 902 902 902 905 905 905 917 917 917 902 902 902 918 918 918 912 912 912 914 914 914 913 913 913 913 913 913 901 901 901 912 912 912 912 912 912 911 911 911 914 914 914 930 930 930 911 911 911 910 910 910 916 916 916 930 930 930 903 903 903 903 903 903 910 910 910 906 906 906 914 914 914 911 911 911 930 930 930 930 930 930 915 915 915 914 914 914 907 907 907 920 920 920 919 919 919 921 921 921 920 920 920 907 907 907 907 907 907 922 922 922 921 921 921 923 923 923 922 922 922 927 927 927 928 928 928 922 922 922 907 907 907 924 924 924 923 923 923 927 927 927 926 926 926 925 925 925 906 906 906 925 925 925 905 905 905 906 906 906 906 906 906 909 909 909 926 926 926 908 908 908 928 928 928 907 907 907 927 927 927 922 922 922 928 928 928 908 908 908 929 929 929 928 928 928 925 925 925 929 929 929 908 908 908 905 905 905 925 925 925 908 908 908 907 907 907 919 919 919 904 904 904 935 935 935 934 934 934 931 931 931 937 937 937 936 936 936 933 933 933 931 931 931 952 952 952 951 951 951 951 951 951 950 950 950 960 960 960 934 934 934 933 933 933 953 953 953 954 954 954 953 953 953 933 933 933 931 931 931 951 951 951 932 932 932 953 953 953 931 931 931 934 934 934 952 952 952 931 931 931 953 953 953 946 946 946 949 949 949 948 948 948 948 948 948 947 947 947 946 946 946 946 946 946 945 945 945 949 949 949 960 960 960 945 945 945 944 944 944 951 951 951 960 960 960 932 932 932 932 932 932 944 944 944 935 935 935 949 949 949 945 945 945 960 960 960 960 960 960 950 950 950 949 949 949 936 936 936 938 938 938 954 954 954 939 939 939 938 938 938 936 936 936 936 936 936 940 940 940 939 939 939 941 941 941 940 940 940 958 958 958 958 958 958 940 940 940 936 936 936 942 942 942 941 941 941 957 957 957 956 956 956 955 955 955 935 935 935 955 955 955 934 934 934 935 935 935 935 935 935 943 943 943 956 956 956 937 937 937 958 958 958 936 936 936 957 957 957 941 941 941 958 958 958 937 937 937 959 959 959 958 958 958 955 955 955 959 959 959 937 937 937 934 934 934 955 955 955 937 937 937 936 936 936 954 954 954 933 933 933 962 962 962 964 964 964 963 963 963 962 962 962 961 961 961 964 964 964 965 965 965 964 964 964 961 961 961 968 968 968 969 969 969 973 973 973 966 966 966 968 968 968 974 974 974 973 973 973 974 974 974 968 968 968 967 967 967 966 966 966 974 974 974 969 969 969 971 971 971 972 972 972 971 971 971 969 969 969 970 970 970 982 982 982 979 979 979 980 980 980 983 983 983 984 984 984 976 976 976 981 981 981 982 982 982 980 980 980 982 982 982 978 978 978 985 985 985 985 985 985 978 978 978 984 984 984 977 977 977 984 984 984 978 978 978 986 986 986 988 988 988 992 992 992 988 988 988 990 990 990 992 992 992 992 992 992 993 993 993 986 986 986 990 990 990 991 991 991 987 987 987 987 987 987 989 989 989 990 990 990 997 997 997 994 994 994 998 998 998 998 998 998 996 996 996 997 997 997 994 994 994 997 997 997 995 995 995 1003 1003 1003 999 999 999 1002 1002 1002 1006 1006 1006 1004 1004 1004 1003 1003 1003 999 999 999 1003 1003 1003 1004 1004 1004 1000 1000 1000 1006 1006 1006 1001 1001 1001 1006 1006 1006 1000 1000 1000 1005 1005 1005 1011 1011 1011 1012 1012 1012 1007 1007 1007 1008 1008 1008 1007 1007 1007 1012 1012 1012 1013 1013 1013 1010 1010 1010 1008 1008 1008 1007 1007 1007 1008 1008 1008 1010 1010 1010 1012 1012 1012 1009 1009 1009 1008 1008 1008 1019 1019 1019 1020 1020 1020 1018 1018 1018 1014 1014 1014 1018 1018 1018 1020 1020 1020 1017 1017 1017 1016 1016 1016 1014 1014 1014 1017 1017 1017 1020 1020 1020 1015 1015 1015 1014 1014 1014 1020 1020 1020 1017 1017 1017 1025 1025 1025 1026 1026 1026 1021 1021 1021 1023 1023 1023 1021 1021 1021 1026 1026 1026 1027 1027 1027 1022 1022 1022 1023 1023 1023 1021 1021 1021 1023 1023 1023 1022 1022 1022 1026 1026 1026 1024 1024 1024 1023 1023 1023 1037 1037 1037 1036 1036 1036 1035 1035 1035 1038 1038 1038 1037 1037 1037 1028 1028 1028 1028 1028 1028 1035 1035 1035 1034 1034 1034 1037 1037 1037 1035 1035 1035 1028 1028 1028 1028 1028 1028 1030 1030 1030 1038 1038 1038 1029 1029 1029 1033 1033 1033 1032 1032 1032 1031 1031 1031 1029 1029 1029 1032 1032 1032 1030 1030 1030 1040 1040 1040 1039 1039 1039 1040 1040 1040 1030 1030 1030 1031 1031 1031 1029 1029 1029 1031 1031 1031 1030 1030 1030 1038 1038 1038 1030 1030 1030 1039 1039 1039 1050 1050 1050 1046 1046 1046 1057 1057 1057 1046 1046 1046 1050 1050 1050 1047 1047 1047 1056 1056 1056 1050 1050 1050 1057 1057 1057 1049 1049 1049 1056 1056 1056 1055 1055 1055 1049 1049 1049 1048 1048 1048 1045 1045 1045 1045 1045 1045 1056 1056 1056 1049 1049 1049 1050 1050 1050 1056 1056 1056 1054 1054 1054 1050 1050 1050 1054 1054 1054 1053 1053 1053 1050 1050 1050 1053 1053 1053 1052 1052 1052 1054 1054 1054 1056 1056 1056 1041 1041 1041 1041 1041 1041 1045 1045 1045 1044 1044 1044 1042 1042 1042 1041 1041 1041 1043 1043 1043 1044 1044 1044 1043 1043 1043 1041 1041 1041 1045 1045 1045 1041 1041 1041 1056 1056 1056 1051 1051 1051 1050 1050 1050 1052 1052 1052 1062 1062 1062 1065 1065 1065 1058 1058 1058 1065 1065 1065 1060 1060 1060 1061 1061 1061 1058 1058 1058 1063 1063 1063 1062 1062 1062 1061 1061 1061 1064 1064 1064 1058 1058 1058 1060 1060 1060 1059 1059 1059 1061 1061 1061 1065 1065 1065 1061 1061 1061 1058 1058 1058 1164 1164 1164 1068 1068 1068 1067 1067 1067 1165 1165 1165 1066 1066 1066 1068 1068 1068 1073 1073 1073 1069 1069 1069 1074 1074 1074 1070 1070 1070 1073 1073 1073 1071 1071 1071 1069 1069 1069 1072 1072 1072 1074 1074 1074 1071 1071 1071 1073 1073 1073 1074 1074 1074 1077 1077 1077 1078 1078 1078 1080 1080 1080 1079 1079 1079 1080 1080 1080 1078 1078 1078 1083 1083 1083 1084 1084 1084 1085 1085 1085 1083 1083 1083 1089 1089 1089 1082 1082 1082 1089 1089 1089 1083 1083 1083 1085 1085 1085 1086 1086 1086 1081 1081 1081 1087 1087 1087 1088 1088 1088 1089 1089 1089 1085 1085 1085 1104 1104 1104 1103 1103 1103 1093 1093 1093 1092 1092 1092 1109 1109 1109 1105 1105 1105 1104 1104 1104 1092 1092 1092 1105 1105 1105 1093 1093 1093 1103 1103 1103 1102 1102 1102 1095 1095 1095 1108 1108 1108 1094 1094 1094 1107 1107 1107 1094 1094 1094 1108 1108 1108 1106 1106 1106 1094 1094 1094 1107 1107 1107 1104 1104 1104 1093 1093 1093 1092 1092 1092 1092 1092 1092 1091 1091 1091 1090 1090 1090 1093 1093 1093 1097 1097 1097 1091 1091 1091 1096 1096 1096 1091 1091 1091 1097 1097 1097 1098 1098 1098 1097 1097 1097 1093 1093 1093 1099 1099 1099 1093 1093 1093 1094 1094 1094 1101 1101 1101 1100 1100 1100 1094 1094 1094 1099 1099 1099 1094 1094 1094 1100 1100 1100 1099 1099 1099 1098 1098 1098 1093 1093 1093 1106 1106 1106 1101 1101 1101 1094 1094 1094 1091 1091 1091 1092 1092 1092 1093 1093 1093 1114 1114 1114 1112 1112 1112 1110 1110 1110 1113 1113 1113 1112 1112 1112 1114 1114 1114 1110 1110 1110 1115 1115 1115 1114 1114 1114 1110 1110 1110 1111 1111 1111 1116 1116 1116 1110 1110 1110 1116 1116 1116 1115 1115 1115 1118 1118 1118 1122 1122 1122 1121 1121 1121 1118 1118 1118 1121 1121 1121 1117 1117 1117 1123 1123 1123 1120 1120 1120 1119 1119 1119 1122 1122 1122 1118 1118 1118 1123 1123 1123 1120 1120 1120 1123 1123 1123 1118 1118 1118 1126 1126 1126 1130 1130 1130 1127 1127 1127 1124 1124 1124 1127 1127 1127 1130 1130 1130 1124 1124 1124 1128 1128 1128 1125 1125 1125 1124 1124 1124 1130 1130 1130 1129 1129 1129 1124 1124 1124 1129 1129 1129 1128 1128 1128 1132 1132 1132 1131 1131 1131 1137 1137 1137 1132 1132 1132 1137 1137 1137 1136 1136 1136 1133 1133 1133 1132 1132 1132 1135 1135 1135 1136 1136 1136 1135 1135 1135 1132 1132 1132 1135 1135 1135 1134 1134 1134 1133 1133 1133 1155 1155 1155 1141 1141 1141 1142 1142 1142 1154 1154 1154 1155 1155 1155 1143 1143 1143 1142 1142 1142 1143 1143 1143 1155 1155 1155 1156 1156 1156 1141 1141 1141 1155 1155 1155 1156 1156 1156 1140 1140 1140 1141 1141 1141 1153 1153 1153 1154 1154 1154 1152 1152 1152 1143 1143 1143 1152 1152 1152 1154 1154 1154 1152 1152 1152 1143 1143 1143 1144 1144 1144 1144 1144 1144 1145 1145 1145 1151 1151 1151 1139 1139 1139 1146 1146 1146 1138 1138 1138 1145 1145 1145 1146 1146 1146 1150 1150 1150 1146 1146 1146 1139 1139 1139 1149 1149 1149 1149 1149 1149 1139 1139 1139 1148 1148 1148 1146 1146 1146 1149 1149 1149 1150 1150 1150 1147 1147 1147 1148 1148 1148 1139 1139 1139 1166 1166 1166 1159 1159 1159 1158 1158 1158 1157 1157 1157 1162 1162 1162 1158 1158 1158 1166 1166 1166 1158 1158 1158 1162 1162 1162 1166 1166 1166 1160 1160 1160 1159 1159 1159 1164 1164 1164 1163 1163 1163 1161 1161 1161 1165 1165 1165 1164 1164 1164 1160 1160 1160 1161 1161 1161 1160 1160 1160 1164 1164 1164 1166 1166 1166 1165 1165 1165 1160 1160 1160 1182 1182 1182 1195 1195 1195 1183 1183 1183 1181 1181 1181 1190 1190 1190 1182 1182 1182 1167 1167 1167 1183 1183 1183 1195 1195 1195 1196 1196 1196 1170 1170 1170 1169 1169 1169 1168 1168 1168 1167 1167 1167 1194 1194 1194 1168 1168 1168 1194 1194 1194 1169 1169 1169 1196 1196 1196 1171 1171 1171 1170 1170 1170 1196 1196 1196 1169 1169 1169 1197 1197 1197 1190 1190 1190 1181 1181 1181 1180 1180 1180 1190 1190 1190 1192 1192 1192 1191 1191 1191 1191 1191 1191 1195 1195 1195 1190 1190 1190 1190 1190 1190 1195 1195 1195 1182 1182 1182 1195 1195 1195 1194 1194 1194 1167 1167 1167 1197 1197 1197 1194 1194 1194 1193 1193 1193 1169 1169 1169 1194 1194 1194 1197 1197 1197 1186 1186 1186 1172 1172 1172 1171 1171 1171 1171 1171 1171 1198 1198 1198 1186 1186 1186 1186 1186 1186 1173 1173 1173 1172 1172 1172 1196 1196 1196 1198 1198 1198 1171 1171 1171 1174 1174 1174 1173 1173 1173 1188 1188 1188 1188 1188 1188 1175 1175 1175 1174 1174 1174 1186 1186 1186 1185 1185 1185 1173 1173 1173 1175 1175 1175 1188 1188 1188 1176 1176 1176 1188 1188 1188 1185 1185 1185 1184 1184 1184 1176 1176 1176 1188 1188 1188 1187 1187 1187 1188 1188 1188 1173 1173 1173 1185 1185 1185 1178 1178 1178 1187 1187 1187 1189 1189 1189 1178 1178 1178 1189 1189 1189 1179 1179 1179 1189 1189 1189 1187 1187 1187 1199 1199 1199 1177 1177 1177 1187 1187 1187 1178 1178 1178 1176 1176 1176 1187 1187 1187 1177 1177 1177 1189 1189 1189 1200 1200 1200 1179 1179 1179 1200 1200 1200 1189 1189 1189 1199 1199 1199 1199 1199 1199 1205 1205 1205 1200 1200 1200 1205 1205 1205 1202 1202 1202 1201 1201 1201 1205 1205 1205 1204 1204 1204 1202 1202 1202 1203 1203 1203 1202 1202 1202 1204 1204 1204 1200 1200 1200 1205 1205 1205 1201 1201 1201 1213 1213 1213 1215 1215 1215 1209 1209 1209 1206 1206 1206 1213 1213 1213 1212 1212 1212 1207 1207 1207 1212 1212 1212 1210 1210 1210 1213 1213 1213 1206 1206 1206 1215 1215 1215 1207 1207 1207 1214 1214 1214 1212 1212 1212 1211 1211 1211 1206 1206 1206 1212 1212 1212 1211 1211 1211 1212 1212 1212 1214 1214 1214 1210 1210 1210 1208 1208 1208 1207 1207 1207 1220 1220 1220 1222 1222 1222 1224 1224 1224 1223 1223 1223 1224 1224 1224 1222 1222 1222 1216 1216 1216 1217 1217 1217 1220 1220 1220 1221 1221 1221 1219 1219 1219 1218 1218 1218 1220 1220 1220 1217 1217 1217 1222 1222 1222 1223 1223 1223 1222 1222 1222 1221 1221 1221 1223 1223 1223 1221 1221 1221 1218 1218 1218 1231 1231 1231 1228 1228 1228 1227 1227 1227 1230 1230 1230 1227 1227 1227 1226 1226 1226 1227 1227 1227 1230 1230 1230 1231 1231 1231 1231 1231 1231 1230 1230 1230 1229 1229 1229 1225 1225 1225 1228 1228 1228 1231 1231 1231 1233 1233 1233 1235 1235 1235 1237 1237 1237 1232 1232 1232 1237 1237 1237 1235 1235 1235 1234 1234 1234 1233 1233 1233 1237 1237 1237 1235 1235 1235 1233 1233 1233 1236 1236 1236 1240 1240 1240 1238 1238 1238 1241 1241 1241 1241 1241 1241 1239 1239 1239 1240 1240 1240 1246 1246 1246 1247 1247 1247 1244 1244 1244 1248 1248 1248 1244 1244 1244 1247 1247 1247 1242 1242 1242 1248 1248 1248 1245 1245 1245 1248 1248 1248 1242 1242 1242 1243 1243 1243 1244 1244 1244 1248 1248 1248 1243 1243 1243 1250 1250 1250 1249 1249 1249 1251 1251 1251 1251 1251 1251 1252 1252 1252 1250 1250 1250 1255 1255 1255 1256 1256 1256 1253 1253 1253 1256 1256 1256 1255 1255 1255 1254 1254 1254 1260 1260 1260 1258 1258 1258 1257 1257 1257 1257 1257 1257 1259 1259 1259 1260 1260 1260 1262 1262 1262 1265 1265 1265 1264 1264 1264 1263 1263 1263 1261 1261 1261 1264 1264 1264 1262 1262 1262 1264 1264 1264 1261 1261 1261 1273 1273 1273 1271 1271 1271 1270 1270 1270 1266 1266 1266 1270 1270 1270 1267 1267 1267 1268 1268 1268 1266 1266 1266 1269 1269 1269 1266 1266 1266 1268 1268 1268 1272 1272 1272 1270 1270 1270 1272 1272 1272 1273 1273 1273 1274 1274 1274 1277 1277 1277 1273 1273 1273 1271 1271 1271 1273 1273 1273 1277 1277 1277 1278 1278 1278 1277 1277 1277 1274 1274 1274 1275 1275 1275 1278 1278 1278 1274 1274 1274 1275 1275 1275 1276 1276 1276 1278 1278 1278 1270 1270 1270 1266 1266 1266 1272 1272 1272 1284 1284 1284 1285 1285 1285 1279 1279 1279 1282 1282 1282 1285 1285 1285 1284 1284 1284 1281 1281 1281 1280 1280 1280 1282 1282 1282 1285 1285 1285 1282 1282 1282 1280 1280 1280 1284 1284 1284 1283 1283 1283 1282 1282 1282 1288 1288 1288 1286 1286 1286 1289 1289 1289 1292 1292 1292 1289 1289 1289 1287 1287 1287 1289 1289 1289 1292 1292 1292 1290 1290 1290 1287 1287 1287 1291 1291 1291 1292 1292 1292 1288 1288 1288 1289 1289 1289 1290 1290 1290 1297 1297 1297 1296 1296 1296 1293 1293 1293 1295 1295 1295 1296 1296 1296 1294 1294 1294 1297 1297 1297 1294 1294 1294 1296 1296 1296 1302 1302 1302 1298 1298 1298 1301 1301 1301 1301 1301 1301 1299 1299 1299 1302 1302 1302 1298 1298 1298 1302 1302 1302 1300 1300 1300 1305 1305 1305 1306 1306 1306 1304 1304 1304 1303 1303 1303 1307 1307 1307 1306 1306 1306 1310 1310 1310 1309 1309 1309 1312 1312 1312 1315 1315 1315 1312 1312 1312 1309 1309 1309 1312 1312 1312 1313 1313 1313 1310 1310 1310 1309 1309 1309 1311 1311 1311 1315 1315 1315 1312 1312 1312 1316 1316 1316 1314 1314 1314 1312 1312 1312 1315 1315 1315 1316 1316 1316 1324 1324 1324 1322 1322 1322 1320 1320 1320 1317 1317 1317 1323 1323 1323 1319 1319 1319 1323 1323 1323 1324 1324 1324 1321 1321 1321 1332 1332 1332 1326 1326 1326 1334 1334 1334 1327 1327 1327 1334 1334 1334 1326 1326 1326 1334 1334 1334 1331 1331 1331 1332 1332 1332 1331 1331 1331 1335 1335 1335 1330 1330 1330 1335 1335 1335 1331 1331 1331 1334 1334 1334 1328 1328 1328 1335 1335 1335 1325 1325 1325 1330 1330 1330 1335 1335 1335 1328 1328 1328 1330 1330 1330 1329 1329 1329 1333 1333 1333 1330 1330 1330 1328 1328 1328 1329 1329 1329 1338 1338 1338 1339 1339 1339 1343 1343 1343 1337 1337 1337 1340 1340 1340 1338 1338 1338 1337 1337 1337 1336 1336 1336 1340 1340 1340 1338 1338 1338 1343 1343 1343 1337 1337 1337 1341 1341 1341 1342 1342 1342 1344 1344 1344 1341 1341 1341 1345 1345 1345 1346 1346 1346 1346 1346 1346 1337 1337 1337 1343 1343 1343 1341 1341 1341 1346 1346 1346 1343 1343 1343 1354 1354 1354 1347 1347 1347 1349 1349 1349 1352 1352 1352 1353 1353 1353 1351 1351 1351 1353 1353 1353 1354 1354 1354 1350 1350 1350 1356 1356 1356 1362 1362 1362 1355 1355 1355 1359 1359 1359 1360 1360 1360 1361 1361 1361 1361 1361 1361 1362 1362 1362 1359 1359 1359 1357 1357 1357 1359 1359 1359 1356 1356 1356 1362 1362 1362 1356 1356 1356 1359 1359 1359 1359 1359 1359 1357 1357 1357 1358 1358 1358 1364 1364 1364 1368 1368 1368 1367 1367 1367 1368 1368 1368 1370 1370 1370 1367 1367 1367 1365 1365 1365 1369 1369 1369 1368 1368 1368 1365 1365 1365 1363 1363 1363 1366 1366 1366 1368 1368 1368 1364 1364 1364 1365 1365 1365 1363 1363 1363 1365 1365 1365 1364 1364 1364 1375 1375 1375 1371 1371 1371 1372 1372 1372 1371 1371 1371 1375 1375 1375 1373 1373 1373 1372 1372 1372 1374 1374 1374 1375 1375 1375 1381 1381 1381 1380 1380 1380 1383 1383 1383 1379 1379 1379 1382 1382 1382 1376 1376 1376 1382 1382 1382 1379 1379 1379 1380 1380 1380 1383 1383 1383 1384 1384 1384 1381 1381 1381 1377 1377 1377 1382 1382 1382 1378 1378 1378 1376 1376 1376 1382 1382 1382 1377 1377 1377 1380 1380 1380 1381 1381 1381 1382 1382 1382 1389 1389 1389 1385 1385 1385 1386 1386 1386 1385 1385 1385 1389 1389 1389 1387 1387 1387 1386 1386 1386 1388 1388 1388 1389 1389 1389 1395 1395 1395 1393 1393 1393 1394 1394 1394 1397 1397 1397 1393 1393 1393 1396 1396 1396 1395 1395 1395 1394 1394 1394 1390 1390 1390 1392 1392 1392 1395 1395 1395 1391 1391 1391 1390 1390 1390 1391 1391 1391 1395 1395 1395 1393 1393 1393 1395 1395 1395 1396 1396 1396 1400 1400 1400 1399 1399 1399 1402 1402 1402 1404 1404 1404 1403 1403 1403 1405 1405 1405 1410 1410 1410 1408 1408 1408 1407 1407 1407 1408 1408 1408 1411 1411 1411 1409 1409 1409 1410 1410 1410 1411 1411 1411 1408 1408 1408 1412 1412 1412 1414 1414 1414 1415 1415 1415 1417 1417 1417 1416 1416 1416 1418 1418 1418 1423 1423 1423 1421 1421 1421 1420 1420 1420 1423 1423 1423 1420 1420 1420 1424 1424 1424 1422 1422 1422 1424 1424 1424 1420 1420 1420 1428 1428 1428 1427 1427 1427 1426 1426 1426 1430 1430 1430 1429 1429 1429 1431 1431 1431 1436 1436 1436 1434 1434 1434 1433 1433 1433 1434 1434 1434 1437 1437 1437 1435 1435 1435 1436 1436 1436 1437 1437 1437 1434 1434 1434 1438 1438 1438 1440 1440 1440 1441 1441 1441 1443 1443 1443 1442 1442 1442 1445 1445 1445 1447 1447 1447 1446 1446 1446 1448 1448 1448 1454 1454 1454 1451 1451 1451 1450 1450 1450 1454 1454 1454 1450 1450 1450 1453 1453 1453 1452 1452 1452 1453 1453 1453 1450 1450 1450 1458 1458 1458 1457 1457 1457 1456 1456 1456 1460 1460 1460 1463 1463 1463 1459 1459 1459 1461 1461 1461 1462 1462 1462 1460 1460 1460 1463 1463 1463 1460 1460 1460 1462 1462 1462 1464 1464 1464 1468 1468 1468 1467 1467 1467 1467 1467 1467 1466 1466 1466 1464 1464 1464 1464 1464 1464 1469 1469 1469 1468 1468 1468 1465 1465 1465 1470 1470 1470 1469 1469 1469 1470 1470 1470 1465 1465 1465 1471 1471 1471 1464 1464 1464 1465 1465 1465 1469 1469 1469 1478 1478 1478 1472 1472 1472 1473 1473 1473 1483 1483 1483 1472 1472 1472 1478 1478 1478 1483 1483 1483 1478 1478 1478 1480 1480 1480 1477 1477 1477 1480 1480 1480 1478 1478 1478 1478 1478 1478 1481 1481 1481 1477 1477 1477 1479 1479 1479 1474 1474 1474 1475 1475 1475 1476 1476 1476 1482 1482 1482 1479 1479 1479 1477 1477 1477 1482 1482 1482 1476 1476 1476 1477 1477 1477 1481 1481 1481 1482 1482 1482 1490 1490 1490 1491 1491 1491 1484 1484 1484 1484 1484 1484 1489 1489 1489 1490 1490 1490 1489 1489 1489 1484 1484 1484 1488 1488 1488 1487 1487 1487 1485 1485 1485 1486 1486 1486 1485 1485 1485 1487 1487 1487 1488 1488 1488 1484 1484 1484 1485 1485 1485 1488 1488 1488 1496 1496 1496 1500 1500 1500 1495 1495 1495 1501 1501 1501 1498 1498 1498 1500 1500 1500 1497 1497 1497 1498 1498 1498 1501 1501 1501 1501 1501 1501 1502 1502 1502 1497 1497 1497 1499 1499 1499 1493 1493 1493 1494 1494 1494 1492 1492 1492 1499 1499 1499 1494 1494 1494 1502 1502 1502 1499 1499 1499 1497 1497 1497 1497 1497 1497 1499 1499 1499 1503 1503 1503 1492 1492 1492 1503 1503 1503 1499 1499 1499 1506 1506 1506 1505 1505 1505 1504 1504 1504 1508 1508 1508 1509 1509 1509 1507 1507 1507 1514 1514 1514 1510 1510 1510 1515 1515 1515 604 604 604 1510 1510 1510 1514 1514 1514 604 604 604 1514 1514 1514 1512 1512 1512 1516 1516 1516 1517 1517 1517 1515 1515 1515 1517 1517 1517 1514 1514 1514 1515 1515 1515 1518 1518 1518 1520 1520 1520 1513 1513 1513 1510 1510 1510 604 604 604 1511 1511 1511 1511 1511 1511 1513 1513 1513 1520 1520 1520 1512 1512 1512 607 607 607 604 604 604 1519 1519 1519 1520 1520 1520 1518 1518 1518 1525 1525 1525 1521 1521 1521 1526 1526 1526 1524 1524 1524 1522 1522 1522 1525 1525 1525 1528 1528 1528 1532 1532 1532 1531 1531 1531 1530 1530 1530 1527 1527 1527 1531 1531 1531 1529 1529 1529 1527 1527 1527 1530 1530 1530 1534 1534 1534 1533 1533 1533 1535 1535 1535 1537 1537 1537 1538 1538 1538 1539 1539 1539 1541 1541 1541 1543 1543 1543 1540 1540 1540 1545 1545 1545 1544 1544 1544 1546 1546 1546 1548 1548 1548 1552 1552 1552 1551 1551 1551 1549 1549 1549 1547 1547 1547 1551 1551 1551 1549 1549 1549 1551 1551 1551 1550 1550 1550 1556 1556 1556 1554 1554 1554 1557 1557 1557 1553 1553 1553 1557 1557 1557 1554 1554 1554 1558 1558 1558 1555 1555 1555 1556 1556 1556 1561 1561 1561 1559 1559 1559 1562 1562 1562 1560 1560 1560 1561 1561 1561 1563 1563 1563 1562 1562 1562 1563 1563 1563 1561 1561 1561 1566 1566 1566 1565 1565 1565 1569 1569 1569 1569 1569 1569 1567 1567 1567 1570 1570 1570 1573 1573 1573 1571 1571 1571 1572 1572 1572 1574 1574 1574 1576 1576 1576 1577 1577 1577 1581 1581 1581 1580 1580 1580 1579 1579 1579 1584 1584 1584 1582 1582 1582 1583 1583 1583 1588 1588 1588 1589 1589 1589 1585 1585 1585 1589 1589 1589 1586 1586 1586 1587 1587 1587 1590 1590 1590 1586 1586 1586 1589 1589 1589 1592 1592 1592 1591 1591 1591 1596 1596 1596 1592 1592 1592 1594 1594 1594 1593 1593 1593 1596 1596 1596 1594 1594 1594 1592 1592 1592 1598 1598 1598 1600 1600 1600 1599 1599 1599 1602 1602 1602 1604 1604 1604 1603 1603 1603 1606 1606 1606 1608 1608 1608 1607 1607 1607 1610 1610 1610 1612 1612 1612 1611 1611 1611 1617 1617 1617 1614 1614 1614 1613 1613 1613 1616 1616 1616 1617 1617 1617 1613 1613 1613 1615 1615 1615 1617 1617 1617 1618 1618 1618 1614 1614 1614 1617 1617 1617 1615 1615 1615 1624 1624 1624 1625 1625 1625 1623 1623 1623 1625 1625 1625 1619 1619 1619 1623 1623 1623 1622 1622 1622 1620 1620 1620 1619 1619 1619 1623 1623 1623 1620 1620 1620 1621 1621 1621 1627 1627 1627 1626 1626 1626 1628 1628 1628 1633 1633 1633 1634 1634 1634 1635 1635 1635 1630 1630 1630 1631 1631 1631 1634 1634 1634 1639 1639 1639 1636 1636 1636 1637 1637 1637 1641 1641 1641 1640 1640 1640 1642 1642 1642 1645 1645 1645 1644 1644 1644 1646 1646 1646 1651 1651 1651 1654 1654 1654 1650 1650 1650 1648 1648 1648 1650 1650 1650 1654 1654 1654 1655 1655 1655 1649 1649 1649 1651 1651 1651 1654 1654 1654 1651 1651 1651 1649 1649 1649 1652 1652 1652 1653 1653 1653 1648 1648 1648 1650 1650 1650 1648 1648 1648 1653 1653 1653 1651 1651 1651 1652 1652 1652 1655 1655 1655 1648 1648 1648 1655 1655 1655 1652 1652 1652 1656 1656 1656 1659 1659 1659 1658 1658 1658 1657 1657 1657 1659 1659 1659 1660 1660 1660 1663 1663 1663 1664 1664 1664 1662 1662 1662 1661 1661 1661 1662 1662 1662 1664 1664 1664 1665 1665 1665 1664 1664 1664 1663 1663 1663 1666 1666 1666 1667 1667 1667 1668 1668 1668 1671 1671 1671 1670 1670 1670 1672 1672 1672 1674 1674 1674 1676 1676 1676 1677 1677 1677 1680 1680 1680 1679 1679 1679 1681 1681 1681 1685 1685 1685 1682 1682 1682 1683 1683 1683 1686 1686 1686 1708 1708 1708 1707 1707 1707 1709 1709 1709 1710 1710 1710 1705 1705 1705 1708 1708 1708 1709 1709 1709 1706 1706 1706 1711 1711 1711 1712 1712 1712 1703 1703 1703 1713 1713 1713 1714 1714 1714 1701 1701 1701 1714 1714 1714 1715 1715 1715 1700 1700 1700 1712 1712 1712 1713 1713 1713 1702 1702 1702 1710 1710 1710 1711 1711 1711 1704 1704 1704 1689 1689 1689 1700 1700 1700 1715 1715 1715 1716 1716 1716 1717 1717 1717 1698 1698 1698 1718 1718 1718 1719 1719 1719 1696 1696 1696 1717 1717 1717 1718 1718 1718 1697 1697 1697 1720 1720 1720 1721 1721 1721 1694 1694 1694 1722 1722 1722 1723 1723 1723 1692 1692 1692 1723 1723 1723 1690 1690 1690 1691 1691 1691 1721 1721 1721 1722 1722 1722 1693 1693 1693 1719 1719 1719 1720 1720 1720 1695 1695 1695 1699 1699 1699 1689 1689 1689 1688 1688 1688 1726 1726 1726 1741 1741 1741 1725 1725 1725 1731 1731 1731 1741 1741 1741 1726 1726 1726 1726 1726 1726 1727 1727 1727 1731 1731 1731 1741 1741 1741 1724 1724 1724 1725 1725 1725 1740 1740 1740 1741 1741 1741 1731 1731 1731 1739 1739 1739 1740 1740 1740 1735 1735 1735 1739 1739 1739 1737 1737 1737 1738 1738 1738 1728 1728 1728 1730 1730 1730 1727 1727 1727 1727 1727 1727 1730 1730 1730 1731 1731 1731 1731 1731 1731 1735 1735 1735 1740 1740 1740 1732 1732 1732 1734 1734 1734 1731 1731 1731 1735 1735 1735 1736 1736 1736 1737 1737 1737 1735 1735 1735 1731 1731 1731 1734 1734 1734 1735 1735 1735 1737 1737 1737 1739 1739 1739 1732 1732 1732 1733 1733 1733 1734 1734 1734 1730 1730 1730 1728 1728 1728 1729 1729 1729 1742 1742 1742 1745 1745 1745 1749 1749 1749 1749 1749 1749 1745 1745 1745 1747 1747 1747 1743 1743 1743 1744 1744 1744 1745 1745 1745 1751 1751 1751 1749 1749 1749 1750 1750 1750 1743 1743 1743 1745 1745 1745 1742 1742 1742 1751 1751 1751 1742 1742 1742 1749 1749 1749 1746 1746 1746 1742 1742 1742 1748 1748 1748 1751 1751 1751 1748 1748 1748 1742 1742 1742 1762 1762 1762 1753 1753 1753 1761 1761 1761 1773 1773 1773 1774 1774 1774 1753 1753 1753 1763 1763 1763 1753 1753 1753 1762 1762 1762 1761 1761 1761 1753 1753 1753 1760 1760 1760 1774 1774 1774 1760 1760 1760 1753 1753 1753 1775 1775 1775 1753 1753 1753 1764 1764 1764 1763 1763 1763 1764 1764 1764 1753 1753 1753 1765 1765 1765 1775 1775 1775 1764 1764 1764 1775 1775 1775 1766 1766 1766 1767 1767 1767 1775 1775 1775 1765 1765 1765 1766 1766 1766 1768 1768 1768 1775 1775 1775 1767 1767 1767 1759 1759 1759 1760 1760 1760 1774 1774 1774 1758 1758 1758 1759 1759 1759 1774 1774 1774 1757 1757 1757 1758 1758 1758 1774 1774 1774 1755 1755 1755 1756 1756 1756 1752 1752 1752 1757 1757 1757 1752 1752 1752 1756 1756 1756 1754 1754 1754 1755 1755 1755 1752 1752 1752 1774 1774 1774 1752 1752 1752 1757 1757 1757 1772 1772 1772 1769 1769 1769 1770 1770 1770 1772 1772 1772 1768 1768 1768 1769 1769 1769 1772 1772 1772 1771 1771 1771 1754 1754 1754 1752 1752 1752 1772 1772 1772 1754 1754 1754 1770 1770 1770 1771 1771 1771 1772 1772 1772 1775 1775 1775 1768 1768 1768 1772 1772 1772 1776 1776 1776 1779 1779 1779 1778 1778 1778 1777 1777 1777 1779 1779 1779 1780 1780 1780 1782 1782 1782 1781 1781 1781 1783 1783 1783 1784 1784 1784 1789 1789 1789 1790 1790 1790 1789 1789 1789 1787 1787 1787 1791 1791 1791 1787 1787 1787 1789 1789 1789 1785 1785 1785 1785 1785 1785 1784 1784 1784 1788 1788 1788 1787 1787 1787 1785 1785 1785 1786 1786 1786 1789 1789 1789 1784 1784 1784 1785 1785 1785 1800 1800 1800 1801 1801 1801 1803 1803 1803 1798 1798 1798 1803 1803 1803 1802 1802 1802 1795 1795 1795 1800 1800 1800 1803 1803 1803 1797 1797 1797 1798 1798 1798 1802 1802 1802 1798 1798 1798 1795 1795 1795 1803 1803 1803 1795 1795 1795 1798 1798 1798 1804 1804 1804 1793 1793 1793 1800 1800 1800 1795 1795 1795 1796 1796 1796 1795 1795 1795 1804 1804 1804 1800 1800 1800 1793 1793 1793 1799 1799 1799 1795 1795 1795 1792 1792 1792 1793 1793 1793 1794 1794 1794 1804 1804 1804 1798 1798 1798 1813 1813 1813 1811 1811 1811 1810 1810 1810 1812 1812 1812 1810 1810 1810 1815 1815 1815 1810 1810 1810 1818 1818 1818 1815 1815 1815 1819 1819 1819 1815 1815 1815 1818 1818 1818 1821 1821 1821 1812 1812 1812 1816 1816 1816 1815 1815 1815 1819 1819 1819 1816 1816 1816 1811 1811 1811 1808 1808 1808 1810 1810 1810 1818 1818 1818 1810 1810 1810 1808 1808 1808 1812 1812 1812 1822 1822 1822 1813 1813 1813 1817 1817 1817 1808 1808 1808 1811 1811 1811 1813 1813 1813 1817 1817 1817 1811 1811 1811 1819 1819 1819 1806 1806 1806 1816 1816 1816 1819 1819 1819 1805 1805 1805 1806 1806 1806 1821 1821 1821 1806 1806 1806 1820 1820 1820 1814 1814 1814 1820 1820 1820 1806 1806 1806 1812 1812 1812 1821 1821 1821 1822 1822 1822 1817 1817 1817 1813 1813 1813 1823 1823 1823 1817 1817 1817 1809 1809 1809 1807 1807 1807 1813 1813 1813 1822 1822 1822 1823 1823 1823 1808 1808 1808 1817 1817 1817 1807 1807 1807 1816 1816 1816 1806 1806 1806 1821 1821 1821 1826 1826 1826 1825 1825 1825 1827 1827 1827 1825 1825 1825 1826 1826 1826 1824 1824 1824 1832 1832 1832 1829 1829 1829 1830 1830 1830 1828 1828 1828 1829 1829 1829 1833 1833 1833 1832 1832 1832 1833 1833 1833 1829 1829 1829 1831 1831 1831 1829 1829 1829 1828 1828 1828 1835 1835 1835 1836 1836 1836 1838 1838 1838 1837 1837 1837 1834 1834 1834 1838 1838 1838 1839 1839 1839 1841 1841 1841 1842 1842 1842 1843 1843 1843 1842 1842 1842 1840 1840 1840 1847 1847 1847 1845 1845 1845 1844 1844 1844 1852 1852 1852 1849 1849 1849 1850 1850 1850 1851 1851 1851 1850 1850 1850 1848 1848 1848 1854 1854 1854 1855 1855 1855 1856 1856 1856 1857 1857 1857 1853 1853 1853 1856 1856 1856 1858 1858 1858 1859 1859 1859 1861 1861 1861 1862 1862 1862 1866 1866 1866 1865 1865 1865 1864 1864 1864 1863 1863 1863 1865 1865 1865 1867 1867 1867 1869 1869 1869 1871 1871 1871 1870 1870 1870 1871 1871 1871 1868 1868 1868 1874 1874 1874 1872 1872 1872 1875 1875 1875 1879 1879 1879 1877 1877 1877 1876 1876 1876 1880 1880 1880 1882 1882 1882 1884 1884 1884 1883 1883 1883 1884 1884 1884 1881 1881 1881 1886 1886 1886 1887 1887 1887 1889 1889 1889 1888 1888 1888 1885 1885 1885 1889 1889 1889 1899 1899 1899 1914 1914 1914 1913 1913 1913 1912 1912 1912 1925 1925 1925 1913 1913 1913 1912 1912 1912 1911 1911 1911 1925 1925 1925 1899 1899 1899 1916 1916 1916 1914 1914 1914 1918 1918 1918 1917 1917 1917 1900 1900 1900 1890 1890 1890 1918 1918 1918 1900 1900 1900 1890 1890 1890 1900 1900 1900 1922 1922 1922 1890 1890 1890 1922 1922 1922 1905 1905 1905 1900 1900 1900 1917 1917 1917 1899 1899 1899 1905 1905 1905 1919 1919 1919 1890 1890 1890 1899 1899 1899 1917 1917 1917 1916 1916 1916 1892 1892 1892 1911 1911 1911 1910 1910 1910 1892 1892 1892 1891 1891 1891 1898 1898 1898 1925 1925 1925 1898 1898 1898 1897 1897 1897 1911 1911 1911 1892 1892 1892 1898 1898 1898 1899 1899 1899 1923 1923 1923 1900 1900 1900 1925 1925 1925 1911 1911 1911 1898 1898 1898 1902 1902 1902 1901 1901 1901 1923 1923 1923 1925 1925 1925 1924 1924 1924 1899 1899 1899 1925 1925 1925 1899 1899 1899 1913 1913 1913 1900 1900 1900 1923 1923 1923 1901 1901 1901 1926 1926 1926 1905 1905 1905 1904 1904 1904 1933 1933 1933 1920 1920 1920 1919 1919 1919 1933 1933 1933 1905 1905 1905 1926 1926 1926 1932 1932 1932 1920 1920 1920 1933 1933 1933 1904 1904 1904 1927 1927 1927 1926 1926 1926 1919 1919 1919 1905 1905 1905 1933 1933 1933 1895 1895 1895 1921 1921 1921 1930 1930 1930 1896 1896 1896 1895 1895 1895 1930 1930 1930 1932 1932 1932 1931 1931 1931 1921 1921 1921 1930 1930 1930 1921 1921 1921 1931 1931 1931 1920 1920 1920 1932 1932 1932 1921 1921 1921 1904 1904 1904 1909 1909 1909 1927 1927 1927 1928 1928 1928 1927 1927 1927 1909 1909 1909 1904 1904 1904 1903 1903 1903 1909 1909 1909 1928 1928 1928 1909 1909 1909 1908 1908 1908 1908 1908 1908 1929 1929 1929 1928 1928 1928 1915 1915 1915 1929 1929 1929 1907 1907 1907 1893 1893 1893 1915 1915 1915 1894 1894 1894 1906 1906 1906 1894 1894 1894 1907 1907 1907 1915 1915 1915 1907 1907 1907 1894 1894 1894 1908 1908 1908 1907 1907 1907 1929 1929 1929 1940 1940 1940 1941 1941 1941 1945 1945 1945 1936 1936 1936 1942 1942 1942 1943 1943 1943 1951 1951 1951 1936 1936 1936 1945 1945 1945 1951 1951 1951 1942 1942 1942 1936 1936 1936 1946 1946 1946 1947 1947 1947 1934 1934 1934 1950 1950 1950 1951 1951 1951 1945 1945 1945 1941 1941 1941 1949 1949 1949 1950 1950 1950 1945 1945 1945 1936 1936 1936 1937 1937 1937 1944 1944 1944 1945 1945 1945 1937 1937 1937 1940 1940 1940 1944 1944 1944 1952 1952 1952 1939 1939 1939 1935 1935 1935 1952 1952 1952 1944 1944 1944 1937 1937 1937 1952 1952 1952 1938 1938 1938 1935 1935 1935 1939 1939 1939 1940 1940 1940 1948 1948 1948 1941 1941 1941 1941 1941 1941 1948 1948 1948 1949 1949 1949 1935 1935 1935 1947 1947 1947 1940 1940 1940 1948 1948 1948 1940 1940 1940 1947 1947 1947 1952 1952 1952 1935 1935 1935 1940 1940 1940 1934 1934 1934 1947 1947 1947 1935 1935 1935 1945 1945 1945 1941 1941 1941 1950 1950 1950 1965 1965 1965 1970 1970 1970 1960 1960 1960 1968 1968 1968 1965 1965 1965 1969 1969 1969 1965 1965 1965 1968 1968 1968 1970 1970 1970 1967 1967 1967 1970 1970 1970 1968 1968 1968 1959 1959 1959 1958 1958 1958 1957 1957 1957 1970 1970 1970 1967 1967 1967 1959 1959 1959 1956 1956 1956 1959 1959 1959 1957 1957 1957 1959 1959 1959 1956 1956 1956 1964 1964 1964 1964 1964 1964 1970 1970 1970 1959 1959 1959 1964 1964 1964 1966 1966 1966 1954 1954 1954 1964 1964 1964 1954 1954 1954 1955 1955 1955 1953 1953 1953 1955 1955 1955 1954 1954 1954 1962 1962 1962 1963 1963 1963 1955 1955 1955 1964 1964 1964 1955 1955 1955 1963 1963 1963 1961 1961 1961 1963 1963 1963 1962 1962 1962 1964 1964 1964 1956 1956 1956 1966 1966 1966 1976 1976 1976 1974 1974 1974 1973 1973 1973 1976 1976 1976 1975 1975 1975 1972 1972 1972 85 85 85 86 86 86 72 72 72 155 155 155 156 156 156 157 157 157 162 162 162 161 161 161 163 163 163 167 167 167 170 170 170 166 166 166 177 177 177 176 176 176 174 174 174 177 177 177 179 179 179 176 176 176 185 185 185 182 182 182 183 183 183 180 180 180 185 185 185 181 181 181 219 219 219 228 228 228 229 229 229 228 228 228 219 219 219 220 220 220 226 226 226 220 220 220 221 221 221 272 272 272 269 269 269 270 270 270 272 272 272 268 268 268 269 269 269 273 273 273 267 267 267 268 268 268 288 288 288 298 298 298 299 299 299 340 340 340 357 357 357 358 358 358 341 341 341 356 356 356 357 357 357 341 341 341 355 355 355 356 356 356 385 385 385 389 389 389 384 384 384 397 397 397 398 398 398 399 399 399 401 401 401 402 402 402 403 403 403 405 405 405 407 407 407 406 406 406 408 408 408 410 410 410 411 411 411 412 412 412 414 414 414 415 415 415 417 417 417 419 419 419 418 418 418 431 431 431 427 427 427 428 428 428 460 460 460 458 458 458 459 459 459 471 471 471 474 474 474 476 476 476 477 477 477 480 480 480 484 484 484 483 483 483 478 478 478 482 482 482 491 491 491 489 489 489 486 486 486 492 492 492 500 500 500 498 498 498 495 495 495 498 498 498 501 501 501 503 503 503 504 504 504 502 502 502 512 512 512 507 507 507 511 511 511 524 524 524 526 526 526 527 527 527 535 535 535 531 531 531 532 532 532 539 539 539 542 542 542 543 543 543 537 537 537 541 541 541 538 538 538 544 544 544 547 547 547 549 549 549 558 558 558 559 559 559 560 560 560 573 573 573 575 575 575 572 572 572 603 603 603 599 599 599 601 601 601 602 602 602 600 600 600 603 603 603 631 631 631 633 633 633 629 629 629 678 678 678 679 679 679 680 680 680 688 688 688 689 689 689 687 687 687 697 697 697 695 695 695 696 696 696 713 713 713 706 706 706 708 708 708 709 709 709 707 707 707 711 711 711 741 741 741 739 739 739 740 740 740 745 745 745 743 743 743 744 744 744 747 747 747 748 748 748 749 749 749 751 751 751 753 753 753 752 752 752 780 780 780 784 784 784 778 778 778 787 787 787 788 788 788 789 789 789 792 792 792 790 790 790 791 791 791 795 795 795 793 793 793 794 794 794 805 805 805 804 804 804 819 819 819 794 794 794 805 805 805 796 796 796 820 820 820 824 824 824 821 821 821 859 859 859 862 862 862 861 861 861 865 865 865 868 868 868 869 869 869 872 872 872 870 870 870 871 871 871 875 875 875 873 873 873 874 874 874 876 876 876 879 879 879 900 900 900 905 905 905 902 902 902 903 903 903 908 908 908 904 904 904 905 905 905 930 930 930 910 910 910 903 903 903 910 910 910 909 909 909 906 906 906 935 935 935 931 931 931 932 932 932 937 937 937 933 933 933 934 934 934 960 960 960 944 944 944 932 932 932 944 944 944 943 943 943 935 935 935 969 969 969 972 972 972 973 973 973 967 967 967 974 974 974 975 975 975 984 984 984 977 977 977 976 976 976 982 982 982 985 985 985 979 979 979 990 990 990 989 989 989 992 992 992 1006 1006 1006 1003 1003 1003 1001 1001 1001 1164 1164 1164 1067 1067 1067 1163 1163 1163 1165 1165 1165 1068 1068 1068 1164 1164 1164 1077 1077 1077 1080 1080 1080 1076 1076 1076 1079 1079 1079 1078 1078 1078 1075 1075 1075 1086 1086 1086 1087 1087 1087 1088 1088 1088 1088 1088 1088 1085 1085 1085 1086 1086 1086 1144 1144 1144 1151 1151 1151 1152 1152 1152 1145 1145 1145 1150 1150 1150 1151 1151 1151 1305 1305 1305 1304 1304 1304 1308 1308 1308 1303 1303 1303 1306 1306 1306 1305 1305 1305 1322 1322 1322 1318 1318 1318 1320 1320 1320 1323 1323 1323 1321 1321 1321 1319 1319 1319 1324 1324 1324 1320 1320 1320 1321 1321 1321 1341 1341 1341 1344 1344 1344 1345 1345 1345 1354 1354 1354 1349 1349 1349 1350 1350 1350 1352 1352 1352 1351 1351 1351 1348 1348 1348 1353 1353 1353 1350 1350 1350 1351 1351 1351 1397 1397 1397 1396 1396 1396 1398 1398 1398 1400 1400 1400 1402 1402 1402 1401 1401 1401 1404 1404 1404 1405 1405 1405 1406 1406 1406 1414 1414 1414 1413 1413 1413 1415 1415 1415 1417 1417 1417 1418 1418 1418 1419 1419 1419 1428 1428 1428 1426 1426 1426 1425 1425 1425 1430 1430 1430 1431 1431 1431 1432 1432 1432 1440 1440 1440 1439 1439 1439 1441 1441 1441 1442 1442 1442 1444 1444 1444 1445 1445 1445 1447 1447 1447 1448 1448 1448 1449 1449 1449 1458 1458 1458 1456 1456 1456 1455 1455 1455 1479 1479 1479 1475 1475 1475 1476 1476 1476 1500 1500 1500 1498 1498 1498 1495 1495 1495 1525 1525 1525 1526 1526 1526 1523 1523 1523 1522 1522 1522 1521 1521 1521 1525 1525 1525 1528 1528 1528 1531 1531 1531 1527 1527 1527 1537 1537 1537 1539 1539 1539 1536 1536 1536 1543 1543 1543 1542 1542 1542 1540 1540 1540 1548 1548 1548 1551 1551 1551 1547 1547 1547 1555 1555 1555 1554 1554 1554 1556 1556 1556 1560 1560 1560 1563 1563 1563 1564 1564 1564 1565 1565 1565 1568 1568 1568 1569 1569 1569 1569 1569 1569 1570 1570 1570 1566 1566 1566 1576 1576 1576 1575 1575 1575 1577 1577 1577 1581 1581 1581 1579 1579 1579 1578 1578 1578 1589 1589 1589 1587 1587 1587 1585 1585 1585 1591 1591 1591 1595 1595 1595 1596 1596 1596 1598 1598 1598 1599 1599 1599 1597 1597 1597 1602 1602 1602 1603 1603 1603 1601 1601 1601 1606 1606 1606 1607 1607 1607 1605 1605 1605 1610 1610 1610 1611 1611 1611 1609 1609 1609 1619 1619 1619 1620 1620 1620 1623 1623 1623 1627 1627 1627 1628 1628 1628 1629 1629 1629 1634 1634 1634 1631 1631 1631 1635 1635 1635 1630 1630 1630 1634 1634 1634 1632 1632 1632 1639 1639 1639 1637 1637 1637 1638 1638 1638 1641 1641 1641 1642 1642 1642 1643 1643 1643 1645 1645 1645 1646 1646 1646 1647 1647 1647 1659 1659 1659 1657 1657 1657 1658 1658 1658 1666 1666 1666 1668 1668 1668 1669 1669 1669 1671 1671 1671 1672 1672 1672 1673 1673 1673 1674 1674 1674 1677 1677 1677 1675 1675 1675 1680 1680 1680 1681 1681 1681 1678 1678 1678 1685 1685 1685 1683 1683 1683 1684 1684 1684 1686 1686 1686 1707 1707 1707 1687 1687 1687 1709 1709 1709 1705 1705 1705 1706 1706 1706 1708 1708 1708 1706 1706 1706 1707 1707 1707 1711 1711 1711 1703 1703 1703 1704 1704 1704 1713 1713 1713 1701 1701 1701 1702 1702 1702 1714 1714 1714 1700 1700 1700 1701 1701 1701 1712 1712 1712 1702 1702 1702 1703 1703 1703 1710 1710 1710 1704 1704 1704 1705 1705 1705 1689 1689 1689 1715 1715 1715 1688 1688 1688 1716 1716 1716 1698 1698 1698 1699 1699 1699 1718 1718 1718 1696 1696 1696 1697 1697 1697 1717 1717 1717 1697 1697 1697 1698 1698 1698 1720 1720 1720 1694 1694 1694 1695 1695 1695 1722 1722 1722 1692 1692 1692 1693 1693 1693 1723 1723 1723 1691 1691 1691 1692 1692 1692 1721 1721 1721 1693 1693 1693 1694 1694 1694 1719 1719 1719 1695 1695 1695 1696 1696 1696 1699 1699 1699 1688 1688 1688 1716 1716 1716 1779 1779 1779 1777 1777 1777 1778 1778 1778 1813 1813 1813 1810 1810 1810 1812 1812 1812 1812 1812 1812 1815 1815 1815 1816 1816 1816 1835 1835 1835 1838 1838 1838 1834 1834 1834 1841 1841 1841 1840 1840 1840 1842 1842 1842 1845 1845 1845 1846 1846 1846 1844 1844 1844 1849 1849 1849 1848 1848 1848 1850 1850 1850 1854 1854 1854 1856 1856 1856 1853 1853 1853 1858 1858 1858 1861 1861 1861 1860 1860 1860 1862 1862 1862 1865 1865 1865 1863 1863 1863 1869 1869 1869 1868 1868 1868 1871 1871 1871 1872 1872 1872 1873 1873 1873 1875 1875 1875 1879 1879 1879 1876 1876 1876 1878 1878 1878 1882 1882 1882 1881 1881 1881 1884 1884 1884 1886 1886 1886 1889 1889 1889 1885 1885 1885 1940 1940 1940 1945 1945 1945 1944 1944 1944 1976 1976 1976 1973 1973 1973 1975 1975 1975 1976 1976 1976 1972 1972 1972 1971 1971 1971</p>
        </triangles>
      </mesh>
    </geometry>
  </library_geometries>
  <library_visual_scenes>
    <visual_scene id="VisualSceneNode">
      <node id="View-Perspective" name="View-Perspective">
        <matrix>0.871208 0.119596 -0.476124 38.889100 -0.490915 0.212242 -0.844959 -1053.064836 0.000000 0.969871 0.243618 561.645358 0.000000 0.000000 0.000000 1.000000</matrix>
        <instance_camera url="#Camera-Perspective" />
      </node>
      <node id="View-Top" name="View-Top">
        <matrix>1.000000 0.000000 -0.000000 981.201378 -0.000000 1.000000 -0.000000 -389.327361 0.000000 0.000000 1.000000 7884.921275 0.000000 0.000000 0.000000 1.000000</matrix>
        <instance_camera url="#Camera-Top" />
      </node>
      <node id="View-Front" name="View-Front">
        <matrix>1.000000 0.000000 -0.000000 4121.207754 0.000000 0.000000 -1.000000 -9651.456073 0.000000 1.000000 -0.000000 -1116.286906 0.000000 0.000000 0.000000 1.000000</matrix>
        <instance_camera url="#Camera-Front" />
      </node>
      <node id="View-Right" name="View-Right">
        <matrix>0.000000 0.000000 1.000000 10561.701517 1.000000 0.000000 -0.000000 -0.980270 -0.000000 1.000000 -0.000000 298.290460 0.000000 0.000000 0.000000 1.000000</matrix>
        <instance_camera url="#Camera-Right" />
      </node>
      <node id="ab95b44e-37f9-497d-b8c7-1391fa81b9f7" name="Mesh">
        <instance_geometry url="#mesh-a847f861-944f-42a6-ae69-bf44e1395a78">
          <bind_material>
            <technique_common>
              <instance_material symbol="material-a0000000-0000-0000-0000-000000000000" target="#a0000000-0000-0000-0000-000000000000" />
            </technique_common>
          </bind_material>
        </instance_geometry>
      </node>
    </visual_scene>
  </library_visual_scenes>
  <scene>
    <instance_visual_scene url="#VisualSceneNode" />
  </scene>
</COLLADA>