<?xml version="1.0" encoding="UTF-8"?>
<COLLADA xmlns="http://www.collada.org/2005/11/COLLADASchema" version="1.4.1">
  <asset>
    <contributor>
      <author />
      <authoring_tool>Rhinoceros 9.0.26132.12305</authoring_tool>
      <comments>Output from Rhinoceros COLLADA Exporter</comments>
      <copyright />
      <source_data />
    </contributor>
    <created>2026-05-20T19:45:10Z</created>
    <modified>2026-05-20T19:45:10Z</modified>
    <unit meter="0.001" name="Millimeters" />
    <up_axis>Z_UP</up_axis>
  </asset>
  <library_cameras>
    <camera id="Camera-Perspective" name="Camera-Perspective">
      <optics>
        <technique_common>
          <perspective>
            <xfov>45.743073</xfov>
            <aspect_ratio>1.757630</aspect_ratio>
            <znear>5241.599391</znear>
            <zfar>7396.889184</zfar>
          </perspective>
        </technique_common>
      </optics>
    </camera>
    <camera id="Camera-Top" name="Camera-Top">
      <optics>
        <technique_common>
          <orthographic>
            <xmag>1.0</xmag>
            <aspect_ratio>1.770197</aspect_ratio>
            <znear>7514.465386</znear>
            <zfar>8272.371404</zfar>
          </orthographic>
        </technique_common>
      </optics>
    </camera>
    <camera id="Camera-Front" name="Camera-Front">
      <optics>
        <technique_common>
          <orthographic>
            <xmag>1.0</xmag>
            <aspect_ratio>1.783002</aspect_ratio>
            <znear>9073.947294</znear>
            <zfar>10228.956073</zfar>
          </orthographic>
        </technique_common>
      </optics>
    </camera>
    <camera id="Camera-Right" name="Camera-Right">
      <optics>
        <technique_common>
          <orthographic>
            <xmag>1.0</xmag>
            <aspect_ratio>1.770344</aspect_ratio>
            <znear>3819.323616</znear>
            <zfar>10910.502145</zfar>
          </orthographic>
        </technique_common>
      </optics>
    </camera>
  </library_cameras>
  <library_materials>
    <material id="a0000000-0000-0000-0000-000000000000">
      <instance_effect url="#fx-a0000000-0000-0000-0000-000000000000" />
    </material>
  </library_materials>
  <library_effects>
    <effect id="fx-a0000000-0000-0000-0000-000000000000">
      <profile_COMMON>
        <technique sid="common">
          <phong>
            <emission>
              <color>0.000000 0.000000 0.000000 1.000000</color>
            </emission>
            <ambient>
              <color>0.000000 0.000000 0.000000 1.000000</color>
            </ambient>
            <diffuse>
              <color>0.980392 0.980392 0.980392 1.000000</color>
            </diffuse>
            <specular>
              <color>1.000000 1.000000 1.000000 1.000000</color>
            </specular>
            <reflective>
              <color>1.000000 1.000000 1.000000 1.000000</color>
            </reflective>
            <reflectivity>
              <float>1.000000</float>
            </reflectivity>
            <transparent>
              <color>1.000000 1.000000 1.000000 1.000000</color>
            </transparent>
            <transparency>
              <float>1.000000</float>
            </transparency>
            <index_of_refraction>
              <float>0.000000</float>
            </index_of_refraction>
          </phong>
        </technique>
      </profile_COMMON>
      <extra>
        <technique profile="Rhino">
          <appearance_hash>2282175632</appearance_hash>
        </technique>
      </extra>
    </effect>
  </library_effects>
  <library_geometries>
    <geometry id="mesh-a2bb1ed8-3f30-4347-a0af-a6ce1ebe0f34">
      <mesh>
        <source id="lib-position-a2bb1ed8-3f30-4347-a0af-a6ce1ebe0f34" name="position">
          <float_array id="lib-position-array-a2bb1ed8-3f30-4347-a0af-a6ce1ebe0f34" count="5784" digits="17" magnitude="308">-50 244.8427734375 350 -50 285 350 5370 244.8427734375 350 5370 285 350 -50 -401.948974609375 125 5370 -401.948974609375 125 -50 401.948974609375 125 5370 401.948974609375 125 -50 -355 253 5370 -355 253 -50 -352.4599609375 350 5370 -352.4599609375 350 -50 243.68980407714844 328 5370 243.68980407714844 328 -50 -243.42776489257812 328 5370 -243.42776489257812 328 2300 187.5 328 2301.2783203125 187.14842224121094 328 2302.17333984375 186.2357177734375 328 2302.5 185 328 2302.1484375 183.7216033935547 328 2301.23583984375 182.82675170898438 328 2300 182.5 328 2298.7216796875 182.85157775878906 328 2297.82666015625 183.7642822265625 328 2297.5 185 328 2297.8515625 186.2783966064453 328 2298.76416015625 187.17324829101562 328 2450 -182.5 328 2451.2783203125 -182.85157775878906 328 2452.17333984375 -183.7642822265625 328 2452.5 -185 328 2452.1484375 -186.2783966064453 328 2451.23583984375 -187.17324829101562 328 2450 -187.5 328 2448.7216796875 -187.14842224121094 328 2447.82666015625 -186.2357177734375 328 2447.5 -185 328 2447.8515625 -183.7216033935547 328 2448.76416015625 -182.82675170898438 328 2800 187.5 328 2801.2783203125 187.14842224121094 328 2802.17333984375 186.2357177734375 328 2802.5 185 328 2802.1484375 183.7216033935547 328 2801.23583984375 182.82675170898438 328 2800 182.5 328 2798.7216796875 182.85157775878906 328 2797.82666015625 183.7642822265625 328 2797.5 185 328 2797.8515625 186.2783966064453 328 2798.76416015625 187.17324829101562 328 2950 -182.5 328 2951.2783203125 -182.85157775878906 328 2952.17333984375 -183.7642822265625 328 2952.5 -185 328 2952.1484375 -186.2783966064453 328 2951.23583984375 -187.17324829101562 328 2950 -187.5 328 2948.7216796875 -187.14842224121094 328 2947.82666015625 -186.2357177734375 328 2947.5 -185 328 2947.8515625 -183.7216033935547 328 2948.76416015625 -182.82675170898438 328 -50 -360.7648620605469 143 5370 -360.7648620605469 143 -50 -355 253 5370 -355 253 -50 -243.42776489257812 328 5370 -243.42776489257812 328 -50 -244.5807342529297 350 5370 -244.5807342529297 350 -50 352.4599609375 350 5370 352.4599609375 350 -50 355 253 5370 355 253 -50 244.8427734375 350 5370 244.8427734375 350 -50 243.68980407714844 328 5370 243.68980407714844 328 -50 355 253 5370 355 253 -50 360.7648620605469 143 5370 360.7648620605469 143 5370 -401.0056457519531 143 5370 -360.7648620605469 143 -50 -401.0056457519531 143 -50 -360.7648620605469 143 -50 -401.0056457519531 143 5370 -401.0056457519531 143 -50 -401.948974609375 125 5370 -401.948974609375 125 5370 360.7648620605469 143 5370 401.0056457519531 143 -50 360.7648620605469 143 -50 401.0056457519531 143 -50 401.948974609375 125 5370 401.948974609375 125 -50 401.0056457519531 143 5370 401.0056457519531 143 -50 -352.4599609375 350 -50 -405 350 5370 -352.4599609375 350 5370 -405 350 -50 -235 350 -50 -244.5807342529297 350 5370 -235 350 5370 -244.5807342529297 350 5370 -285 375 5370 -405 375 -50 -285 375 -50 -405 375 -50 -405 350 -50 -405 375 5370 -405 350 5370 -405 375 5370 -285 375 -50 -285 375 5370 -285 400 -50 -285 400 5370 -235 400 5370 -285 400 -50 -235 400 -50 -285 400 5370 -235 400 -50 -235 400 5370 -235 350 -50 -235 350 5370 352.4599609375 350 5370 405 350 -50 352.4599609375 350 -50 405 350 -50 285 375 -50 405 375 5370 285 375 5370 405 375 5370 285 375 5370 285 350 -50 285 375 -50 285 350 -50 405 375 -50 405 350 5370 405 375 5370 405 350 -50 285 350 -50 244.8427734375 350 -50 -401.948974609375 125 -50 401.948974609375 125 -50 -352.4599609375 350 -50 -355 253 -50 243.68980407714844 328 -50 -243.42776489257812 328 -50 -360.7648620605469 143 -50 -244.5807342529297 350 -50 355 253 -50 352.4599609375 350 -50 360.7648620605469 143 -50 -401.0056457519531 143 -50 401.0056457519531 143 -50 -405 350 -50 -235 350 -50 -285 375 -50 -405 375 -50 -285 400 -50 -235 400 -50 405 350 -50 405 375 -50 285 375 2300 187.5 328 2300 187.5 318 2301.2783203125 187.14842224121094 328 2301.2783203125 187.14842224121094 318 2302.17333984375 186.2357177734375 328 2302.17333984375 186.2357177734375 318 2302.5 185 328 2302.5 185 318 2302.1484375 183.7216033935547 328 2302.1484375 183.7216033935547 318 2301.23583984375 182.82675170898438 328 2301.23583984375 182.82675170898438 318 2300 182.5 328 2300 182.5 318 2298.7216796875 182.85157775878906 328 2298.7216796875 182.85157775878906 318 2297.82666015625 183.7642822265625 328 2297.82666015625 183.7642822265625 318 2297.5 185 328 2297.5 185 318 2297.8515625 186.2783966064453 328 2297.8515625 186.2783966064453 318 2298.76416015625 187.17324829101562 328 2298.76416015625 187.17324829101562 318 2300 187.5 328 2300 187.5 318 2450 -182.5 328 2450 -182.5 318 2451.2783203125 -182.85157775878906 328 2451.2783203125 -182.85157775878906 318 2452.17333984375 -183.7642822265625 328 2452.17333984375 -183.7642822265625 318 2452.5 -185 328 2452.5 -185 318 2452.1484375 -186.2783966064453 328 2452.1484375 -186.2783966064453 318 2451.23583984375 -187.17324829101562 328 2451.23583984375 -187.17324829101562 318 2450 -187.5 328 2450 -187.5 318 2448.7216796875 -187.14842224121094 328 2448.7216796875 -187.14842224121094 318 2447.82666015625 -186.2357177734375 328 2447.82666015625 -186.2357177734375 318 2447.5 -185 328 2447.5 -185 318 2447.8515625 -183.7216033935547 328 2447.8515625 -183.7216033935547 318 2448.76416015625 -182.82675170898438 328 2448.76416015625 -182.82675170898438 318 2450 -182.5 328 2450 -182.5 318 2300 187.5 318 2301.2783203125 187.14842224121094 318 2302.17333984375 186.2357177734375 318 2302.5 185 318 2302.1484375 183.7216033935547 318 2301.23583984375 182.82675170898438 318 2300 182.5 318 2298.7216796875 182.85157775878906 318 2297.82666015625 183.7642822265625 318 2297.5 185 318 2297.8515625 186.2783966064453 318 2298.76416015625 187.17324829101562 318 2450 -182.5 318 2451.2783203125 -182.85157775878906 318 2452.17333984375 -183.7642822265625 318 2452.5 -185 318 2452.1484375 -186.2783966064453 318 2451.23583984375 -187.17324829101562 318 2450 -187.5 318 2448.7216796875 -187.14842224121094 318 2447.82666015625 -186.2357177734375 318 2447.5 -185 318 2447.8515625 -183.7216033935547 318 2448.76416015625 -182.82675170898438 318 2800 187.5 328 2800 187.5 318 2801.2783203125 187.14842224121094 328 2801.2783203125 187.14842224121094 318 2802.17333984375 186.2357177734375 328 2802.17333984375 186.2357177734375 318 2802.5 185 328 2802.5 185 318 2802.1484375 183.7216033935547 328 2802.1484375 183.7216033935547 318 2801.23583984375 182.82675170898438 328 2801.23583984375 182.82675170898438 318 2800 182.5 328 2800 182.5 318 2798.7216796875 182.85157775878906 328 2798.7216796875 182.85157775878906 318 2797.82666015625 183.7642822265625 328 2797.82666015625 183.7642822265625 318 2797.5 185 328 2797.5 185 318 2797.8515625 186.2783966064453 328 2797.8515625 186.2783966064453 318 2798.76416015625 187.17324829101562 328 2798.76416015625 187.17324829101562 318 2800 187.5 328 2800 187.5 318 2950 -182.5 328 2950 -182.5 318 2951.2783203125 -182.85157775878906 328 2951.2783203125 -182.85157775878906 318 2952.17333984375 -183.7642822265625 328 2952.17333984375 -183.7642822265625 318 2952.5 -185 328 2952.5 -185 318 2952.1484375 -186.2783966064453 328 2952.1484375 -186.2783966064453 318 2951.23583984375 -187.17324829101562 328 2951.23583984375 -187.17324829101562 318 2950 -187.5 328 2950 -187.5 318 2948.7216796875 -187.14842224121094 328 2948.7216796875 -187.14842224121094 318 2947.82666015625 -186.2357177734375 328 2947.82666015625 -186.2357177734375 318 2947.5 -185 328 2947.5 -185 318 2947.8515625 -183.7216033935547 328 2947.8515625 -183.7216033935547 318 2948.76416015625 -182.82675170898438 328 2948.76416015625 -182.82675170898438 318 2950 -182.5 328 2950 -182.5 318 2800 187.5 318 2801.2783203125 187.14842224121094 318 2802.17333984375 186.2357177734375 318 2802.5 185 318 2802.1484375 183.7216033935547 318 2801.23583984375 182.82675170898438 318 2800 182.5 318 2798.7216796875 182.85157775878906 318 2797.82666015625 183.7642822265625 318 2797.5 185 318 2797.8515625 186.2783966064453 318 2798.76416015625 187.17324829101562 318 2950 -182.5 318 2951.2783203125 -182.85157775878906 318 2952.17333984375 -183.7642822265625 318 2952.5 -185 318 2952.1484375 -186.2783966064453 318 2951.23583984375 -187.17324829101562 318 2950 -187.5 318 2948.7216796875 -187.14842224121094 318 2947.82666015625 -186.2357177734375 318 2947.5 -185 318 2947.8515625 -183.7216033935547 318 2948.76416015625 -182.82675170898438 318 5370 285 350 5370 244.8427734375 350 5370 -401.948974609375 125 5370 401.948974609375 125 5370 -352.4599609375 350 5370 -355 253 5370 243.68980407714844 328 5370 -243.42776489257812 328 5370 -360.7648620605469 143 5370 -244.5807342529297 350 5370 355 253 5370 352.4599609375 350 5370 360.7648620605469 143 5370 -401.0056457519531 143 5370 401.0056457519531 143 5370 -405 350 5370 -235 350 5370 -285 375 5370 -405 375 5370 -285 400 5370 -235 400 5370 405 350 5370 405 375 5370 285 375 -550 244.5807342529297 350 -550 285 350 -50 285 350 -512.5908813476562 244.8427734375 350 -50 244.8427734375 350 -512.5908813476562 244.5807342529297 350 -339.03607177734375 401.948974609375 125 -50 401.948974609375 125 -50 -401.948974609375 125 -339.03607177734375 -401.948974609375 125 -522.948974609375 -355 125 -550 -355 125 -550 355 125 -522.948974609375 355 125 -518.7597045898438 383.3392639160156 125 -506.55035400390625 409.2544250488281 125 -487.3652038574219 430.5286865234375 125 -462.84539794921875 445.34228515625 125 -435.08831787109375 452.4280700683594 125 -406.46826171875 451.179931640625 125 -379.4334411621094 441.7046203613281 125 -356.29632568359375 424.8126525878906 125 -356.29632568359375 -424.8126525878906 125 -379.4334411621094 -441.7046203613281 125 -406.46826171875 -451.179931640625 125 -435.08831787109375 -452.4280700683594 125 -462.84539794921875 -445.34228515625 125 -487.3652038574219 -430.5286865234375 125 -506.55035400390625 -409.2544250488281 125 -518.7597045898438 -383.3392639160156 125 -425 -352.5 125 -442.4271240234375 -356.79541015625 125 -455.86187744140625 -368.69757080078125 125 -462.2265930175781 -385.4798889160156 125 -460.0631103515625 -403.29766845703125 125 -449.8670959472656 -418.06915283203125 125 -433.9743347167969 -426.4103088378906 125 -416.0256652832031 -426.4103088378906 125 -400.1329040527344 -418.06915283203125 125 -389.9368896484375 -403.29766845703125 125 -387.7734375 -385.4798889160156 125 -394.13812255859375 -368.69757080078125 125 -407.5728759765625 -356.79541015625 125 -425 427.5 125 -442.4271240234375 423.20458984375 125 -455.86187744140625 411.30242919921875 125 -462.2265930175781 394.5201110839844 125 -460.0631103515625 376.70233154296875 125 -449.8670959472656 361.93084716796875 125 -433.9743347167969 353.5896911621094 125 -416.0256652832031 353.5896911621094 125 -400.1329040527344 361.93084716796875 125 -389.9368896484375 376.70233154296875 125 -387.7734375 394.5201110839844 125 -394.13812255859375 411.30242919921875 125 -407.5728759765625 423.20458984375 125 -50 -352.4599609375 350 -550 -352.4599609375 350 -550 -355 253 -50 -355 253 -50 243.68980407714844 328 -550 -243.42776489257812 328 -50 -243.42776489257812 328 -513.1669921875 243.68980407714844 328 -513.1669921875 243.42776489257812 328 -550 243.42776489257812 328 -50 -360.7648620605469 143 -50 -355 253 -550 -355 253 -550 -359.192626953125 173 -520.3412475585938 -359.192626953125 173 -517.2062377929688 -355.9705810546875 234.48004150390625 -495.74444580078125 -355.9705810546875 234.48004150390625 -491.8790283203125 -360.24078369140625 153 -493.8388366699219 -358.1057434082031 193.73873901367188 -358.1209716796875 -360.24078369140625 153 -354.25555419921875 -355.9705810546875 234.48004150390625 -356.1611633300781 -358.1057434082031 193.73873901367188 -332.79376220703125 -355.9705810546875 234.48004150390625 -328.16583251953125 -360.7648620605469 143 -330.4515075683594 -358.3676452636719 188.741455078125 -50 -243.42776489257812 328 -50 -244.5807342529297 350 -550 -244.5807342529297 350 -550 -243.42776489257812 328 -550 352.4599609375 350 -50 352.4599609375 350 -50 355 253 -550 355 253 -50 244.8427734375 350 -513.1669921875 243.68980407714844 328 -50 243.68980407714844 328 -512.5908813476562 244.8427734375 350 -50 355 253 -50 360.7648620605469 143 -328.16583251953125 360.7648620605469 143 -332.79376220703125 355.9705810546875 234.48004150390625 -330.4515075683594 358.3676452636719 188.741455078125 -354.25555419921875 355.9705810546875 234.48004150390625 -358.1209716796875 360.24078369140625 153 -356.1611633300781 358.1057434082031 193.73873901367188 -491.8790283203125 360.24078369140625 153 -495.74444580078125 355.9705810546875 234.48004150390625 -493.8388366699219 358.1057434082031 193.73873901367188 -517.2062377929688 355.9705810546875 234.48004150390625 -520.3412475585938 359.192626953125 173 -550 359.192626953125 173 -550 355 253 -50 -401.0056457519531 143 -328.16583251953125 -360.7648620605469 143 -50 -360.7648620605469 143 -339.59759521484375 -401.0056457519531 143 -331.6866760253906 -381.5088195800781 143 -339.59759521484375 -401.0056457519531 143 -50 -401.0056457519531 143 -50 -401.948974609375 125 -339.03607177734375 -401.948974609375 125 -50 360.7648620605469 143 -50 401.0056457519531 143 -339.59759521484375 401.0056457519531 143 -328.16583251953125 360.7648620605469 143 -331.6866760253906 381.5088195800781 143 -50 401.948974609375 125 -339.59759521484375 401.0056457519531 143 -50 401.0056457519531 143 -339.03607177734375 401.948974609375 125 -550 -405 350 -50 -352.4599609375 350 -50 -405 350 -550 -352.4599609375 350 -550 -235 350 -550 -244.5807342529297 350 -50 -235 350 -50 -244.5807342529297 350 -50 -285 375 -50 -405 375 -550 -285 375 -550 -405 375 -350 -307.5 375 -350 -342.5 375 -510.5 -342.5 375 -510.5 -307.5 375 -550 -405 350 -550 -405 375 -50 -405 350 -50 -405 375 -50 -285 375 -50 -285 400 -550 -285 400 -550 -285 375 -50 -235 400 -50 -285 400 -550 -235 400 -550 -285 400 -50 -235 400 -550 -235 400 -50 -235 350 -550 -235 350 -50 352.4599609375 350 -50 405 350 -550 352.4599609375 350 -550 405 350 -550 285 375 -550 405 375 -50 285 375 -50 405 375 -50 285 375 -50 285 350 -550 285 375 -550 285 350 -550 405 375 -550 405 350 -50 405 375 -50 405 350 -358.1209716796875 -360.24078369140625 153 -491.8790283203125 -360.24078369140625 153 -489.1749572753906 -384.41729736328125 153 -478.02239990234375 -406.0375671386719 153 -459.88958740234375 -422.2553405761719 153 -437.16363525390625 -430.9355773925781 153 -412.83636474609375 -430.9355773925781 153 -390.11041259765625 -422.2553405761719 153 -371.97760009765625 -406.0375671386719 153 -360.8250427246094 -384.41729736328125 153 -425 -361 153 -413.90216064453125 -363.2074890136719 153 -404.493896484375 -369.493896484375 153 -398.2074890136719 -378.9021911621094 153 -396 -390 153 -399.16082763671875 -403.16571044921875 153 -407.9542236328125 -413.46148681640625 153 -420.46337890625 -418.6429748535156 153 -433.96148681640625 -417.58062744140625 153 -445.506103515625 -410.506103515625 153 -452.58062744140625 -398.96148681640625 153 -453.6429443359375 -385.4634094238281 153 -448.46148681640625 -372.9542236328125 153 -438.16571044921875 -364.1607971191406 153 -491.8790283203125 360.24078369140625 153 -358.1209716796875 360.24078369140625 153 -360.8250427246094 384.41729736328125 153 -371.97760009765625 406.0375671386719 153 -390.11041259765625 422.2553405761719 153 -412.83636474609375 430.9355773925781 153 -437.16363525390625 430.9355773925781 153 -459.88958740234375 422.2553405761719 153 -478.02239990234375 406.0375671386719 153 -489.1749572753906 384.41729736328125 153 -425 419 153 -413.90216064453125 416.7925109863281 153 -404.493896484375 410.506103515625 153 -398.2074890136719 401.0978088378906 153 -396 390 153 -399.16082763671875 376.83428955078125 153 -407.9542236328125 366.53851318359375 153 -420.46337890625 361.3570251464844 153 -433.96148681640625 362.41937255859375 153 -445.506103515625 369.493896484375 153 -452.58062744140625 381.03851318359375 153 -453.6429443359375 394.5365905761719 153 -448.46148681640625 407.0457763671875 153 -438.16571044921875 415.8392028808594 153 -550 -355.977783203125 153 -521.4766235351562 -355.977783203125 153 -550 -355 125 -522.948974609375 -355 125 -522.2140502929688 -355.4888916015625 139.00006103515625 -522.948974609375 355 125 -332.79376220703125 355.9705810546875 234.48004150390625 -330.4515075683594 358.3676452636719 188.741455078125 -328.16583251953125 360.7648620605469 143 -520.3412475585938 359.192626953125 173 -517.2062377929688 355.9705810546875 234.48004150390625 -339.59759521484375 401.0056457519531 143 -339.03607177734375 401.948974609375 125 -469.480712890625 439.43341064453125 173 -489.7266540527344 425.12841796875 173 -505.60516357421875 406.09149169921875 173 -516.0448608398438 383.6072082519531 173 -331.6866760253906 381.5088195800781 143 -356.29632568359375 424.8126525878906 125 -379.4334411621094 441.7046203613281 125 -406.46826171875 451.179931640625 125 -435.08831787109375 452.4280700683594 125 -462.84539794921875 445.34228515625 125 -487.3652038574219 430.5286865234375 125 -506.55035400390625 409.2544250488281 125 -518.7597045898438 383.3392639160156 125 -521.4766235351562 355.977783203125 153 -517.7305908203125 381.640625 153 -507.28424072265625 405.3785095214844 153 -490.89227294921875 425.4762268066406 153 -469.73919677734375 440.4815673828125 153 -522.2140502929688 355.4888916015625 139.00006103515625 -517.220458984375 357.5901794433594 233.61241149902344 -515.680908203125 374.37750244140625 224.61920166015625 -510.7455139160156 391.5494079589844 215.41995239257812 -502.1881103515625 408.0740051269531 206.56748962402344 -490.209716796875 422.8255920410156 198.66485595703125 -475.46392822265625 434.8087158203125 192.24533081054688 -458.94586181640625 443.3695068359375 187.65919494628906 -441.78070068359375 448.30682373046875 185.0142059326172 -425 449.8470153808594 184.18910217285156 -408.21929931640625 448.30682373046875 185.0142059326172 -391.05413818359375 443.3695068359375 187.65919494628906 -374.53607177734375 434.8087158203125 192.24533081054688 -359.790283203125 422.8255920410156 198.66485595703125 -347.8118896484375 408.0740051269531 206.56748962402344 -339.2544860839844 391.5494079589844 215.41995239257812 -334.3191223144531 374.37750244140625 224.61920166015625 -332.779541015625 357.5901794433594 233.61241149902344 -522.948974609375 -355 125 -517.2062377929688 -355.9705810546875 234.48004150390625 -520.3412475585938 -359.192626953125 173 -328.16583251953125 -360.7648620605469 143 -330.4515075683594 -358.3676452636719 188.741455078125 -332.79376220703125 -355.9705810546875 234.48004150390625 -339.03607177734375 -401.948974609375 125 -339.59759521484375 -401.0056457519531 143 -521.4766235351562 -355.977783203125 153 -522.2140502929688 -355.4888916015625 139.00006103515625 -516.0448608398438 -383.6072082519531 173 -505.60516357421875 -406.09149169921875 173 -489.7266540527344 -425.12841796875 173 -469.480712890625 -439.43341064453125 173 -469.73919677734375 -440.4815673828125 153 -490.89227294921875 -425.4762268066406 153 -507.28424072265625 -405.3785095214844 153 -517.7305908203125 -381.640625 153 -518.7597045898438 -383.3392639160156 125 -506.55035400390625 -409.2544250488281 125 -487.3652038574219 -430.5286865234375 125 -462.84539794921875 -445.34228515625 125 -435.08831787109375 -452.4280700683594 125 -406.46826171875 -451.179931640625 125 -379.4334411621094 -441.7046203613281 125 -356.29632568359375 -424.8126525878906 125 -331.6866760253906 -381.5088195800781 143 -332.779541015625 -357.5901794433594 233.61241149902344 -334.3191223144531 -374.37750244140625 224.61920166015625 -339.2544860839844 -391.5494079589844 215.41995239257812 -347.8118896484375 -408.0740051269531 206.56748962402344 -359.790283203125 -422.8255920410156 198.66485595703125 -374.53607177734375 -434.8087158203125 192.24533081054688 -391.05413818359375 -443.3695068359375 187.65919494628906 -408.21929931640625 -448.30682373046875 185.0142059326172 -425 -449.8470153808594 184.18910217285156 -441.78070068359375 -448.30682373046875 185.0142059326172 -458.94586181640625 -443.3695068359375 187.65919494628906 -475.46392822265625 -434.8087158203125 192.24533081054688 -490.209716796875 -422.8255920410156 198.66485595703125 -502.1881103515625 -408.0740051269531 206.56748962402344 -510.7455139160156 -391.5494079589844 215.41995239257812 -515.680908203125 -374.37750244140625 224.61920166015625 -517.220458984375 -357.5901794433594 233.61241149902344 -495.74444580078125 -355.9705810546875 234.48004150390625 -332.79376220703125 -355.9705810546875 234.48004150390625 -354.25555419921875 -355.9705810546875 234.48004150390625 -353.9071350097656 -363.00323486328125 230.71255493164062 -355.093994140625 -375.9446105957031 223.77967834472656 -358.898681640625 -389.1824645996094 216.68795776367188 -365.49560546875 -401.9212951660156 209.8636016845703 -374.729736328125 -413.2933044433594 203.7714385986328 -386.0972900390625 -422.5310974121094 198.82261657714844 -398.83111572265625 -429.130615234375 195.28717041015625 -412.063720703125 -432.9367980957031 193.24813842773438 -425 -434.1241455078125 192.61207580566406 -437.936279296875 -432.9367980957031 193.24813842773438 -451.1689147949219 -429.130615234375 195.28717041015625 -463.9027099609375 -422.5310974121094 198.82261657714844 -475.270263671875 -413.2933044433594 203.7714385986328 -484.50439453125 -401.9212951660156 209.8636016845703 -491.101318359375 -389.1824645996094 216.68795776367188 -494.906005859375 -375.9446105957031 223.77967834472656 -496.0928649902344 -363.00323486328125 230.71255493164062 -517.2062377929688 -355.9705810546875 234.48004150390625 -517.220458984375 -357.5901794433594 233.61241149902344 -515.680908203125 -374.37750244140625 224.61920166015625 -510.7455139160156 -391.5494079589844 215.41995239257812 -502.1881103515625 -408.0740051269531 206.56748962402344 -490.209716796875 -422.8255920410156 198.66485595703125 -475.46392822265625 -434.8087158203125 192.24533081054688 -458.94586181640625 -443.3695068359375 187.65919494628906 -441.78070068359375 -448.30682373046875 185.0142059326172 -425 -449.8470153808594 184.18910217285156 -408.21929931640625 -448.30682373046875 185.0142059326172 -391.05413818359375 -443.3695068359375 187.65919494628906 -374.53607177734375 -434.8087158203125 192.24533081054688 -359.790283203125 -422.8255920410156 198.66485595703125 -347.8118896484375 -408.0740051269531 206.56748962402344 -339.2544860839844 -391.5494079589844 215.41995239257812 -334.3191223144531 -374.37750244140625 224.61920166015625 -332.779541015625 -357.5901794433594 233.61241149902344 -550 355 125 -550 355.977783203125 153 -521.4766235351562 355.977783203125 153 -522.948974609375 355 125 -522.2140502929688 355.4888916015625 139.00006103515625 -354.25555419921875 355.9705810546875 234.48004150390625 -517.2062377929688 355.9705810546875 234.48004150390625 -495.74444580078125 355.9705810546875 234.48004150390625 -496.0928649902344 363.00323486328125 230.71255493164062 -494.906005859375 375.9446105957031 223.77967834472656 -491.101318359375 389.1824645996094 216.68795776367188 -484.50439453125 401.9212951660156 209.8636016845703 -475.270263671875 413.2933044433594 203.7714385986328 -463.9027099609375 422.5310974121094 198.82261657714844 -451.1689147949219 429.130615234375 195.28717041015625 -437.936279296875 432.9367980957031 193.24813842773438 -425 434.1241455078125 192.61207580566406 -412.063720703125 432.9367980957031 193.24813842773438 -398.83111572265625 429.130615234375 195.28717041015625 -386.0972900390625 422.5310974121094 198.82261657714844 -374.729736328125 413.2933044433594 203.7714385986328 -365.49560546875 401.9212951660156 209.8636016845703 -358.898681640625 389.1824645996094 216.68795776367188 -355.093994140625 375.9446105957031 223.77967834472656 -353.9071350097656 363.00323486328125 230.71255493164062 -332.79376220703125 355.9705810546875 234.48004150390625 -332.779541015625 357.5901794433594 233.61241149902344 -334.3191223144531 374.37750244140625 224.61920166015625 -339.2544860839844 391.5494079589844 215.41995239257812 -347.8118896484375 408.0740051269531 206.56748962402344 -359.790283203125 422.8255920410156 198.66485595703125 -374.53607177734375 434.8087158203125 192.24533081054688 -391.05413818359375 443.3695068359375 187.65919494628906 -408.21929931640625 448.30682373046875 185.0142059326172 -425 449.8470153808594 184.18910217285156 -441.78070068359375 448.30682373046875 185.0142059326172 -458.94586181640625 443.3695068359375 187.65919494628906 -475.46392822265625 434.8087158203125 192.24533081054688 -490.209716796875 422.8255920410156 198.66485595703125 -502.1881103515625 408.0740051269531 206.56748962402344 -510.7455139160156 391.5494079589844 215.41995239257812 -515.680908203125 374.37750244140625 224.61920166015625 -517.220458984375 357.5901794433594 233.61241149902344 -550 440.4815673828125 153 -469.480712890625 439.43341064453125 173 -469.73919677734375 440.4815673828125 153 -550 439.43341064453125 173 -550 359.192626953125 173 -550 439.43341064453125 173 -520.3412475585938 359.192626953125 173 -469.480712890625 439.43341064453125 173 -489.7266540527344 425.12841796875 173 -505.60516357421875 406.09149169921875 173 -516.0448608398438 383.6072082519531 173 -550 355.977783203125 153 -550 440.4815673828125 153 -469.73919677734375 440.4815673828125 153 -490.89227294921875 425.4762268066406 153 -507.28424072265625 405.3785095214844 153 -517.7305908203125 381.640625 153 -521.4766235351562 355.977783203125 153 -469.480712890625 -439.43341064453125 173 -550 -439.43341064453125 173 -550 -440.4815673828125 153 -469.73919677734375 -440.4815673828125 153 -550 -439.43341064453125 173 -550 -359.192626953125 173 -520.3412475585938 -359.192626953125 173 -469.480712890625 -439.43341064453125 173 -489.7266540527344 -425.12841796875 173 -505.60516357421875 -406.09149169921875 173 -516.0448608398438 -383.6072082519531 173 -550 -440.4815673828125 153 -521.4766235351562 -355.977783203125 153 -469.73919677734375 -440.4815673828125 153 -490.89227294921875 -425.4762268066406 153 -507.28424072265625 -405.3785095214844 153 -517.7305908203125 -381.640625 153 -550 -355.977783203125 153 -354.25555419921875 355.9705810546875 234.48004150390625 -495.74444580078125 355.9705810546875 234.48004150390625 -356.1611633300781 358.1057434082031 193.73873901367188 -358.1209716796875 360.24078369140625 153 -491.8790283203125 360.24078369140625 153 -493.8388366699219 358.1057434082031 193.73873901367188 -496.0928649902344 363.00323486328125 230.71255493164062 -494.906005859375 375.9446105957031 223.77967834472656 -491.101318359375 389.1824645996094 216.68795776367188 -484.50439453125 401.9212951660156 209.8636016845703 -475.270263671875 413.2933044433594 203.7714385986328 -463.9027099609375 422.5310974121094 198.82261657714844 -451.1689147949219 429.130615234375 195.28717041015625 -437.936279296875 432.9367980957031 193.24813842773438 -425 434.1241455078125 192.61207580566406 -412.063720703125 432.9367980957031 193.24813842773438 -398.83111572265625 429.130615234375 195.28717041015625 -386.0972900390625 422.5310974121094 198.82261657714844 -374.729736328125 413.2933044433594 203.7714385986328 -365.49560546875 401.9212951660156 209.8636016845703 -358.898681640625 389.1824645996094 216.68795776367188 -355.093994140625 375.9446105957031 223.77967834472656 -353.9071350097656 363.00323486328125 230.71255493164062 -360.8250427246094 384.41729736328125 153 -371.97760009765625 406.0375671386719 153 -390.11041259765625 422.2553405761719 153 -412.83636474609375 430.9355773925781 153 -437.16363525390625 430.9355773925781 153 -459.88958740234375 422.2553405761719 153 -478.02239990234375 406.0375671386719 153 -489.1749572753906 384.41729736328125 153 -354.25555419921875 -355.9705810546875 234.48004150390625 -495.74444580078125 -355.9705810546875 234.48004150390625 -493.8388366699219 -358.1057434082031 193.73873901367188 -491.8790283203125 -360.24078369140625 153 -358.1209716796875 -360.24078369140625 153 -356.1611633300781 -358.1057434082031 193.73873901367188 -353.9071350097656 -363.00323486328125 230.71255493164062 -355.093994140625 -375.9446105957031 223.77967834472656 -358.898681640625 -389.1824645996094 216.68795776367188 -365.49560546875 -401.9212951660156 209.8636016845703 -374.729736328125 -413.2933044433594 203.7714385986328 -386.0972900390625 -422.5310974121094 198.82261657714844 -398.83111572265625 -429.130615234375 195.28717041015625 -412.063720703125 -432.9367980957031 193.24813842773438 -425 -434.1241455078125 192.61207580566406 -437.936279296875 -432.9367980957031 193.24813842773438 -451.1689147949219 -429.130615234375 195.28717041015625 -463.9027099609375 -422.5310974121094 198.82261657714844 -475.270263671875 -413.2933044433594 203.7714385986328 -484.50439453125 -401.9212951660156 209.8636016845703 -491.101318359375 -389.1824645996094 216.68795776367188 -494.906005859375 -375.9446105957031 223.77967834472656 -496.0928649902344 -363.00323486328125 230.71255493164062 -489.1749572753906 -384.41729736328125 153 -478.02239990234375 -406.0375671386719 153 -459.88958740234375 -422.2553405761719 153 -437.16363525390625 -430.9355773925781 153 -412.83636474609375 -430.9355773925781 153 -390.11041259765625 -422.2553405761719 153 -371.97760009765625 -406.0375671386719 153 -360.8250427246094 -384.41729736328125 153 -513.1669921875 243.42776489257812 328 -512.5908813476562 244.8427734375 350 -512.5908813476562 244.5807342529297 350 -513.1669921875 243.68980407714844 328 -512.5908813476562 244.5807342529297 350 -550 244.5807342529297 350 -550 243.42776489257812 328 -513.1669921875 243.42776489257812 328 -550 285 350 -550 244.5807342529297 350 -550 -355 125 -550 355 125 -550 -352.4599609375 350 -550 -355 253 -550 243.42776489257812 328 -550 -243.42776489257812 328 -550 -359.192626953125 173 -550 -244.5807342529297 350 -550 355 253 -550 352.4599609375 350 -550 359.192626953125 173 -550 -405 350 -550 -235 350 -550 -285 375 -550 -405 375 -550 -285 400 -550 -235 400 -550 405 350 -550 405 375 -550 285 375 -550 -355.977783203125 153 -550 355.977783203125 153 -550 440.4815673828125 153 -550 439.43341064453125 173 -550 -439.43341064453125 173 -550 -440.4815673828125 153 -425 -361 195 -438.47698974609375 -364.32177734375 195 -448.86651611328125 -373.526123046875 195 -453.78857421875 -386.5044250488281 195 -452.115478515625 -400.2835388183594 195 -444.2305603027344 -411.7068176269531 195 -431.9401550292969 -418.1573181152344 195 -418.0598449707031 -418.1573181152344 195 -405.7694396972656 -411.7068176269531 195 -397.884521484375 -400.2835388183594 195 -396.21142578125 -386.5044250488281 195 -401.13348388671875 -373.526123046875 195 -411.52301025390625 -364.32177734375 195 -425 -361 153 -425 -361 195 -396 -390 153 -425 -361 153 -425 -361 195 -411.52301025390625 -364.32177734375 195 -401.13348388671875 -373.526123046875 195 -396.21142578125 -386.5044250488281 195 -397.884521484375 -400.2835388183594 195 -405.7694396972656 -411.7068176269531 195 -418.0598449707031 -418.1573181152344 195 -431.9401550292969 -418.1573181152344 195 -444.2305603027344 -411.7068176269531 195 -452.115478515625 -400.2835388183594 195 -453.78857421875 -386.5044250488281 195 -448.86651611328125 -373.526123046875 195 -438.47698974609375 -364.32177734375 195 -438.16571044921875 -364.1607971191406 153 -448.46148681640625 -372.9542236328125 153 -453.6429443359375 -385.4634094238281 153 -452.58062744140625 -398.96148681640625 153 -445.506103515625 -410.506103515625 153 -433.96148681640625 -417.58062744140625 153 -420.46337890625 -418.6429748535156 153 -407.9542236328125 -413.46148681640625 153 -399.16082763671875 -403.16571044921875 153 -398.2074890136719 -378.9021911621094 153 -404.493896484375 -369.493896484375 153 -413.90216064453125 -363.2074890136719 153 -425 -352.5 12 -425 -352.5 125 -462.5 -390 12 -425 -352.5 12 -425 -352.5 125 -407.5728759765625 -356.79541015625 125 -394.13812255859375 -368.69757080078125 125 -387.7734375 -385.4798889160156 125 -389.9368896484375 -403.29766845703125 125 -400.1329040527344 -418.06915283203125 125 -416.0256652832031 -426.4103088378906 125 -433.9743347167969 -426.4103088378906 125 -449.8670959472656 -418.06915283203125 125 -460.0631103515625 -403.29766845703125 125 -462.2265930175781 -385.4798889160156 125 -455.86187744140625 -368.69757080078125 125 -442.4271240234375 -356.79541015625 125 -439.35064697265625 -355.3545227050781 12 -451.5165100097656 -363.4834899902344 12 -459.6454772949219 -375.6493835449219 12 -458.4127502441406 -407.024658203125 12 -447.04193115234375 -420.338134765625 12 -430.8663024902344 -427.0382995605469 12 -413.411865234375 -425.66461181640625 12 -398.4834899902344 -416.5165100097656 12 -389.33538818359375 -401.588134765625 12 -387.961669921875 -384.1336975097656 12 -394.661865234375 -367.9580383300781 12 -407.975341796875 -356.5872497558594 12 -305 -510 0 -545 -510 0 -305 -270 0 -545 -270 0 -305 -510 0 -545 -510 0 -305.4190673828125 -509.5809631347656 12 -544.5809326171875 -509.5809631347656 12 -545 -510 0 -545 -270 0 -544.5809326171875 -509.5809631347656 12 -544.5809326171875 -270.4190368652344 12 -305 -270 0 -545 -270 0 -544.5809326171875 -270.4190368652344 12 -305.4190673828125 -270.4190368652344 12 -305 -510 0 -305 -270 0 -305.4190673828125 -509.5809631347656 12 -305.4190673828125 -270.4190368652344 12 -350 -342.5 375 -350 -342.5 437 -510.5 -342.5 375 -510.5 -342.5 437 -305.4190673828125 270.4190368652344 12 -544.5809326171875 270.4190368652344 12 -305.4190673828125 509.5809631347656 12 -544.5809326171875 509.5809631347656 12 -425 427.5 12 -407.975341796875 423.4127502441406 12 -394.661865234375 412.0419616699219 12 -387.961669921875 395.8663024902344 12 -389.33538818359375 378.411865234375 12 -398.4834899902344 363.4834899902344 12 -413.411865234375 354.33538818359375 12 -430.8663024902344 352.9617004394531 12 -447.04193115234375 359.661865234375 12 -458.4127502441406 372.975341796875 12 -462.5 390 12 -459.6454772949219 404.3506164550781 12 -451.5165100097656 416.5165100097656 12 -439.35064697265625 424.6454772949219 12 -510.5 -307.5 375 -510.5 -307.5 437 -510.5 -342.5 375 -510.5 -342.5 437 -350 -307.5 437 -350 -342.5 437 -510.5 -307.5 437 -510.5 -342.5 437 -305.4190673828125 -509.5809631347656 12 -544.5809326171875 -509.5809631347656 12 -305.4190673828125 -270.4190368652344 12 -544.5809326171875 -270.4190368652344 12 -425 -352.5 12 -407.975341796875 -356.5872497558594 12 -394.661865234375 -367.9580383300781 12 -387.961669921875 -384.1336975097656 12 -389.33538818359375 -401.588134765625 12 -398.4834899902344 -416.5165100097656 12 -413.411865234375 -425.66461181640625 12 -430.8663024902344 -427.0382995605469 12 -447.04193115234375 -420.338134765625 12 -458.4127502441406 -407.024658203125 12 -462.5 -390 12 -459.6454772949219 -375.6493835449219 12 -451.5165100097656 -363.4834899902344 12 -439.35064697265625 -355.3545227050781 12 -425 419 195 -438.47698974609375 415.67822265625 195 -448.86651611328125 406.473876953125 195 -453.78857421875 393.4955749511719 195 -452.115478515625 379.7164611816406 195 -444.2305603027344 368.2931823730469 195 -431.9401550292969 361.8426818847656 195 -418.0598449707031 361.8426818847656 195 -405.7694396972656 368.2931823730469 195 -397.884521484375 379.7164611816406 195 -396.21142578125 393.4955749511719 195 -401.13348388671875 406.473876953125 195 -411.52301025390625 415.67822265625 195 -425 419 153 -425 419 195 -396 390 153 -425 419 153 -425 419 195 -438.16571044921875 415.8392028808594 153 -448.46148681640625 407.0457763671875 153 -453.6429443359375 394.5365905761719 153 -452.58062744140625 381.03851318359375 153 -445.506103515625 369.493896484375 153 -433.96148681640625 362.41937255859375 153 -420.46337890625 361.3570251464844 153 -407.9542236328125 366.53851318359375 153 -399.16082763671875 376.83428955078125 153 -398.2074890136719 401.0978088378906 153 -404.493896484375 410.506103515625 153 -413.90216064453125 416.7925109863281 153 -411.52301025390625 415.67822265625 195 -401.13348388671875 406.473876953125 195 -396.21142578125 393.4955749511719 195 -397.884521484375 379.7164611816406 195 -405.7694396972656 368.2931823730469 195 -418.0598449707031 361.8426818847656 195 -431.9401550292969 361.8426818847656 195 -444.2305603027344 368.2931823730469 195 -452.115478515625 379.7164611816406 195 -453.78857421875 393.4955749511719 195 -448.86651611328125 406.473876953125 195 -438.47698974609375 415.67822265625 195 -425 427.5 12 -425 427.5 125 -462.5 390 12 -425 427.5 12 -425 427.5 125 -439.35064697265625 424.6454772949219 12 -451.5165100097656 416.5165100097656 12 -459.6454772949219 404.3506164550781 12 -458.4127502441406 372.975341796875 12 -447.04193115234375 359.661865234375 12 -430.8663024902344 352.9617004394531 12 -413.411865234375 354.33538818359375 12 -398.4834899902344 363.4834899902344 12 -389.33538818359375 378.411865234375 12 -387.961669921875 395.8663024902344 12 -394.661865234375 412.0419616699219 12 -407.975341796875 423.4127502441406 12 -407.5728759765625 423.20458984375 125 -394.13812255859375 411.30242919921875 125 -387.7734375 394.5201110839844 125 -389.9368896484375 376.70233154296875 125 -400.1329040527344 361.93084716796875 125 -416.0256652832031 353.5896911621094 125 -433.9743347167969 353.5896911621094 125 -449.8670959472656 361.93084716796875 125 -460.0631103515625 376.70233154296875 125 -462.2265930175781 394.5201110839844 125 -455.86187744140625 411.30242919921875 125 -442.4271240234375 423.20458984375 125 -305 270 0 -545 270 0 -305 510 0 -545 510 0 -305 270 0 -545 270 0 -305.4190673828125 270.4190368652344 12 -544.5809326171875 270.4190368652344 12 -545 270 0 -545 510 0 -544.5809326171875 270.4190368652344 12 -544.5809326171875 509.5809631347656 12 -305 510 0 -545 510 0 -544.5809326171875 509.5809631347656 12 -305.4190673828125 509.5809631347656 12 -305 270 0 -305 510 0 -305.4190673828125 270.4190368652344 12 -305.4190673828125 509.5809631347656 12 -350 -307.5 375 -350 -307.5 437 -510.5 -307.5 375 -510.5 -307.5 437 -350 -307.5 375 -350 -307.5 437 -350 -342.5 375 -350 -342.5 437 -50 285 350 -50 244.8427734375 350 -50 -401.948974609375 125 -50 401.948974609375 125 -50 -352.4599609375 350 -50 -355 253 -50 243.68980407714844 328 -50 -243.42776489257812 328 -50 -360.7648620605469 143 -50 -244.5807342529297 350 -50 355 253 -50 352.4599609375 350 -50 360.7648620605469 143 -50 -401.0056457519531 143 -50 401.0056457519531 143 -50 -405 350 -50 -235 350 -50 -285 375 -50 -405 375 -50 -285 400 -50 -235 400 -50 405 350 -50 405 375 -50 285 375 5870 244.5807342529297 350 5870 285 350 5370 285 350 5832.5908203125 244.8427734375 350 5370 244.8427734375 350 5832.5908203125 244.5807342529297 350 5659.0361328125 401.948974609375 125 5370 401.948974609375 125 5370 -401.948974609375 125 5659.0361328125 -401.948974609375 125 5842.94873046875 -355 125 5870 -355 125 5870 355 125 5842.94873046875 355 125 5838.759765625 383.3392639160156 125 5826.55029296875 409.2544250488281 125 5807.365234375 430.5286865234375 125 5782.84521484375 445.34228515625 125 5755.08837890625 452.4280700683594 125 5726.46826171875 451.179931640625 125 5699.43359375 441.7046203613281 125 5676.29638671875 424.8126525878906 125 5676.29638671875 -424.8126525878906 125 5699.43359375 -441.7046203613281 125 5726.46826171875 -451.179931640625 125 5755.08837890625 -452.4280700683594 125 5782.84521484375 -445.34228515625 125 5807.365234375 -430.5286865234375 125 5826.55029296875 -409.2544250488281 125 5838.759765625 -383.3392639160156 125 5745 -352.5 125 5762.42724609375 -356.79541015625 125 5775.86181640625 -368.69757080078125 125 5782.2265625 -385.4798889160156 125 5780.06298828125 -403.29766845703125 125 5769.8671875 -418.06915283203125 125 5753.97412109375 -426.4103088378906 125 5736.02587890625 -426.4103088378906 125 5720.1328125 -418.06915283203125 125 5709.93701171875 -403.29766845703125 125 5707.7734375 -385.4798889160156 125 5714.13818359375 -368.69757080078125 125 5727.57275390625 -356.79541015625 125 5745 427.5 125 5762.42724609375 423.20458984375 125 5775.86181640625 411.30242919921875 125 5782.2265625 394.5201110839844 125 5780.06298828125 376.70233154296875 125 5769.8671875 361.93084716796875 125 5753.97412109375 353.5896911621094 125 5736.02587890625 353.5896911621094 125 5720.1328125 361.93084716796875 125 5709.93701171875 376.70233154296875 125 5707.7734375 394.5201110839844 125 5714.13818359375 411.30242919921875 125 5727.57275390625 423.20458984375 125 5370 -352.4599609375 350 5870 -352.4599609375 350 5870 -355 253 5370 -355 253 5370 243.68980407714844 328 5870 -243.42776489257812 328 5370 -243.42776489257812 328 5833.1669921875 243.68980407714844 328 5833.1669921875 243.42776489257812 328 5870 243.42776489257812 328 5370 -360.7648620605469 143 5370 -355 253 5870 -355 253 5870 -359.192626953125 173 5840.34130859375 -359.192626953125 173 5837.2060546875 -355.9705810546875 234.48004150390625 5815.74462890625 -355.9705810546875 234.48004150390625 5811.87890625 -360.24078369140625 153 5813.8388671875 -358.1057434082031 193.73873901367188 5678.12109375 -360.24078369140625 153 5674.25537109375 -355.9705810546875 234.48004150390625 5676.1611328125 -358.1057434082031 193.73873901367188 5652.7939453125 -355.9705810546875 234.48004150390625 5648.166015625 -360.7648620605469 143 5650.45166015625 -358.3676452636719 188.741455078125 5370 -243.42776489257812 328 5370 -244.5807342529297 350 5870 -244.5807342529297 350 5870 -243.42776489257812 328 5870 352.4599609375 350 5370 352.4599609375 350 5370 355 253 5870 355 253 5370 244.8427734375 350 5833.1669921875 243.68980407714844 328 5370 243.68980407714844 328 5832.5908203125 244.8427734375 350 5370 355 253 5370 360.7648620605469 143 5648.166015625 360.7648620605469 143 5652.7939453125 355.9705810546875 234.48004150390625 5650.45166015625 358.3676452636719 188.741455078125 5674.25537109375 355.9705810546875 234.48004150390625 5678.12109375 360.24078369140625 153 5676.1611328125 358.1057434082031 193.73873901367188 5811.87890625 360.24078369140625 153 5815.74462890625 355.9705810546875 234.48004150390625 5813.8388671875 358.1057434082031 193.73873901367188 5837.2060546875 355.9705810546875 234.48004150390625 5840.34130859375 359.192626953125 173 5870 359.192626953125 173 5870 355 253 5370 -401.0056457519531 143 5648.166015625 -360.7648620605469 143 5370 -360.7648620605469 143 5659.59765625 -401.0056457519531 143 5651.6865234375 -381.5088195800781 143 5659.59765625 -401.0056457519531 143 5370 -401.0056457519531 143 5370 -401.948974609375 125 5659.0361328125 -401.948974609375 125 5370 360.7648620605469 143 5370 401.0056457519531 143 5659.59765625 401.0056457519531 143 5648.166015625 360.7648620605469 143 5651.6865234375 381.5088195800781 143 5370 401.948974609375 125 5659.59765625 401.0056457519531 143 5370 401.0056457519531 143 5659.0361328125 401.948974609375 125 5870 -405 350 5370 -352.4599609375 350 5370 -405 350 5870 -352.4599609375 350 5870 -235 350 5870 -244.5807342529297 350 5370 -235 350 5370 -244.5807342529297 350 5370 -285 375 5370 -405 375 5870 -285 375 5870 -405 375 5670 -307.5 375 5670 -342.5 375 5830.5 -342.5 375 5830.5 -307.5 375 5870 -405 350 5870 -405 375 5370 -405 350 5370 -405 375 5370 -285 375 5370 -285 400 5870 -285 400 5870 -285 375 5370 -235 400 5370 -285 400 5870 -235 400 5870 -285 400 5370 -235 400 5870 -235 400 5370 -235 350 5870 -235 350 5370 352.4599609375 350 5370 405 350 5870 352.4599609375 350 5870 405 350 5870 285 375 5870 405 375 5370 285 375 5370 405 375 5370 285 375 5370 285 350 5870 285 375 5870 285 350 5870 405 375 5870 405 350 5370 405 375 5370 405 350 5678.12109375 -360.24078369140625 153 5811.87890625 -360.24078369140625 153 5809.1748046875 -384.41729736328125 153 5798.0224609375 -406.0375671386719 153 5779.8896484375 -422.2553405761719 153 5757.16357421875 -430.9355773925781 153 5732.83642578125 -430.9355773925781 153 5710.1103515625 -422.2553405761719 153 5691.9775390625 -406.0375671386719 153 5680.8251953125 -384.41729736328125 153 5745 -361 153 5733.90234375 -363.2074890136719 153 5724.49365234375 -369.493896484375 153 5718.20751953125 -378.9021911621094 153 5716 -390 153 5719.16064453125 -403.16571044921875 153 5727.9541015625 -413.46148681640625 153 5740.46337890625 -418.6429748535156 153 5753.96142578125 -417.58062744140625 153 5765.505859375 -410.506103515625 153 5772.58056640625 -398.96148681640625 153 5773.64306640625 -385.4634094238281 153 5768.46142578125 -372.9542236328125 153 5758.16552734375 -364.1607971191406 153 5811.87890625 360.24078369140625 153 5678.12109375 360.24078369140625 153 5680.8251953125 384.41729736328125 153 5691.9775390625 406.0375671386719 153 5710.1103515625 422.2553405761719 153 5732.83642578125 430.9355773925781 153 5757.16357421875 430.9355773925781 153 5779.8896484375 422.2553405761719 153 5798.0224609375 406.0375671386719 153 5809.1748046875 384.41729736328125 153 5745 419 153 5733.90234375 416.7925109863281 153 5724.49365234375 410.506103515625 153 5718.20751953125 401.0978088378906 153 5716 390 153 5719.16064453125 376.83428955078125 153 5727.9541015625 366.53851318359375 153 5740.46337890625 361.3570251464844 153 5753.96142578125 362.41937255859375 153 5765.505859375 369.493896484375 153 5772.58056640625 381.03851318359375 153 5773.64306640625 394.5365905761719 153 5768.46142578125 407.0457763671875 153 5758.16552734375 415.8392028808594 153 5870 -355.977783203125 153 5841.4765625 -355.977783203125 153 5870 -355 125 5842.94873046875 -355 125 5842.2138671875 -355.4888916015625 139.00006103515625 5842.94873046875 355 125 5652.7939453125 355.9705810546875 234.48004150390625 5650.45166015625 358.3676452636719 188.741455078125 5648.166015625 360.7648620605469 143 5840.34130859375 359.192626953125 173 5837.2060546875 355.9705810546875 234.48004150390625 5659.59765625 401.0056457519531 143 5659.0361328125 401.948974609375 125 5789.48095703125 439.43341064453125 173 5809.7265625 425.12841796875 173 5825.60498046875 406.09149169921875 173 5836.044921875 383.6072082519531 173 5651.6865234375 381.5088195800781 143 5676.29638671875 424.8126525878906 125 5699.43359375 441.7046203613281 125 5726.46826171875 451.179931640625 125 5755.08837890625 452.4280700683594 125 5782.84521484375 445.34228515625 125 5807.365234375 430.5286865234375 125 5826.55029296875 409.2544250488281 125 5838.759765625 383.3392639160156 125 5841.4765625 355.977783203125 153 5837.73046875 381.640625 153 5827.2841796875 405.3785095214844 153 5810.89208984375 425.4762268066406 153 5789.7392578125 440.4815673828125 153 5842.2138671875 355.4888916015625 139.00006103515625 5837.220703125 357.5901794433594 233.61241149902344 5835.6806640625 374.37750244140625 224.61920166015625 5830.74560546875 391.5494079589844 215.41995239257812 5822.18798828125 408.0740051269531 206.56748962402344 5810.2099609375 422.8255920410156 198.66485595703125 5795.4638671875 434.8087158203125 192.24533081054688 5778.94580078125 443.3695068359375 187.65919494628906 5761.78076171875 448.30682373046875 185.0142059326172 5745 449.8470153808594 184.18910217285156 5728.21923828125 448.30682373046875 185.0142059326172 5711.05419921875 443.3695068359375 187.65919494628906 5694.5361328125 434.8087158203125 192.24533081054688 5679.7900390625 422.8255920410156 198.66485595703125 5667.81201171875 408.0740051269531 206.56748962402344 5659.25439453125 391.5494079589844 215.41995239257812 5654.3193359375 374.37750244140625 224.61920166015625 5652.779296875 357.5901794433594 233.61241149902344 5842.94873046875 -355 125 5837.2060546875 -355.9705810546875 234.48004150390625 5840.34130859375 -359.192626953125 173 5648.166015625 -360.7648620605469 143 5650.45166015625 -358.3676452636719 188.741455078125 5652.7939453125 -355.9705810546875 234.48004150390625 5659.0361328125 -401.948974609375 125 5659.59765625 -401.0056457519531 143 5841.4765625 -355.977783203125 153 5842.2138671875 -355.4888916015625 139.00006103515625 5836.044921875 -383.6072082519531 173 5825.60498046875 -406.09149169921875 173 5809.7265625 -425.12841796875 173 5789.48095703125 -439.43341064453125 173 5789.7392578125 -440.4815673828125 153 5810.89208984375 -425.4762268066406 153 5827.2841796875 -405.3785095214844 153 5837.73046875 -381.640625 153 5838.759765625 -383.3392639160156 125 5826.55029296875 -409.2544250488281 125 5807.365234375 -430.5286865234375 125 5782.84521484375 -445.34228515625 125 5755.08837890625 -452.4280700683594 125 5726.46826171875 -451.179931640625 125 5699.43359375 -441.7046203613281 125 5676.29638671875 -424.8126525878906 125 5651.6865234375 -381.5088195800781 143 5652.779296875 -357.5901794433594 233.61241149902344 5654.3193359375 -374.37750244140625 224.61920166015625 5659.25439453125 -391.5494079589844 215.41995239257812 5667.81201171875 -408.0740051269531 206.56748962402344 5679.7900390625 -422.8255920410156 198.66485595703125 5694.5361328125 -434.8087158203125 192.24533081054688 5711.05419921875 -443.3695068359375 187.65919494628906 5728.21923828125 -448.30682373046875 185.0142059326172 5745 -449.8470153808594 184.18910217285156 5761.78076171875 -448.30682373046875 185.0142059326172 5778.94580078125 -443.3695068359375 187.65919494628906 5795.4638671875 -434.8087158203125 192.24533081054688 5810.2099609375 -422.8255920410156 198.66485595703125 5822.18798828125 -408.0740051269531 206.56748962402344 5830.74560546875 -391.5494079589844 215.41995239257812 5835.6806640625 -374.37750244140625 224.61920166015625 5837.220703125 -357.5901794433594 233.61241149902344 5815.74462890625 -355.9705810546875 234.48004150390625 5652.7939453125 -355.9705810546875 234.48004150390625 5674.25537109375 -355.9705810546875 234.48004150390625 5673.9072265625 -363.00323486328125 230.71255493164062 5675.09423828125 -375.9446105957031 223.77967834472656 5678.8984375 -389.1824645996094 216.68795776367188 5685.49560546875 -401.9212951660156 209.8636016845703 5694.72998046875 -413.2933044433594 203.7714385986328 5706.09716796875 -422.5310974121094 198.82261657714844 5718.8310546875 -429.130615234375 195.28717041015625 5732.0634765625 -432.9367980957031 193.24813842773438 5745 -434.1241455078125 192.61207580566406 5757.93603515625 -432.9367980957031 193.24813842773438 5771.1689453125 -429.130615234375 195.28717041015625 5783.90283203125 -422.5310974121094 198.82261657714844 5795.27001953125 -413.2933044433594 203.7714385986328 5804.50439453125 -401.9212951660156 209.8636016845703 5811.10107421875 -389.1824645996094 216.68795776367188 5814.90576171875 -375.9446105957031 223.77967834472656 5816.0927734375 -363.00323486328125 230.71255493164062 5837.2060546875 -355.9705810546875 234.48004150390625 5837.220703125 -357.5901794433594 233.61241149902344 5835.6806640625 -374.37750244140625 224.61920166015625 5830.74560546875 -391.5494079589844 215.41995239257812 5822.18798828125 -408.0740051269531 206.56748962402344 5810.2099609375 -422.8255920410156 198.66485595703125 5795.4638671875 -434.8087158203125 192.24533081054688 5778.94580078125 -443.3695068359375 187.65919494628906 5761.78076171875 -448.30682373046875 185.0142059326172 5745 -449.8470153808594 184.18910217285156 5728.21923828125 -448.30682373046875 185.0142059326172 5711.05419921875 -443.3695068359375 187.65919494628906 5694.5361328125 -434.8087158203125 192.24533081054688 5679.7900390625 -422.8255920410156 198.66485595703125 5667.81201171875 -408.0740051269531 206.56748962402344 5659.25439453125 -391.5494079589844 215.41995239257812 5654.3193359375 -374.37750244140625 224.61920166015625 5652.779296875 -357.5901794433594 233.61241149902344 5870 355 125 5870 355.977783203125 153 5841.4765625 355.977783203125 153 5842.94873046875 355 125 5842.2138671875 355.4888916015625 139.00006103515625 5674.25537109375 355.9705810546875 234.48004150390625 5837.2060546875 355.9705810546875 234.48004150390625 5815.74462890625 355.9705810546875 234.48004150390625 5816.0927734375 363.00323486328125 230.71255493164062 5814.90576171875 375.9446105957031 223.77967834472656 5811.10107421875 389.1824645996094 216.68795776367188 5804.50439453125 401.9212951660156 209.8636016845703 5795.27001953125 413.2933044433594 203.7714385986328 5783.90283203125 422.5310974121094 198.82261657714844 5771.1689453125 429.130615234375 195.28717041015625 5757.93603515625 432.9367980957031 193.24813842773438 5745 434.1241455078125 192.61207580566406 5732.0634765625 432.9367980957031 193.24813842773438 5718.8310546875 429.130615234375 195.28717041015625 5706.09716796875 422.5310974121094 198.82261657714844 5694.72998046875 413.2933044433594 203.7714385986328 5685.49560546875 401.9212951660156 209.8636016845703 5678.8984375 389.1824645996094 216.68795776367188 5675.09423828125 375.9446105957031 223.77967834472656 5673.9072265625 363.00323486328125 230.71255493164062 5652.7939453125 355.9705810546875 234.48004150390625 5652.779296875 357.5901794433594 233.61241149902344 5654.3193359375 374.37750244140625 224.61920166015625 5659.25439453125 391.5494079589844 215.41995239257812 5667.81201171875 408.0740051269531 206.56748962402344 5679.7900390625 422.8255920410156 198.66485595703125 5694.5361328125 434.8087158203125 192.24533081054688 5711.05419921875 443.3695068359375 187.65919494628906 5728.21923828125 448.30682373046875 185.0142059326172 5745 449.8470153808594 184.18910217285156 5761.78076171875 448.30682373046875 185.0142059326172 5778.94580078125 443.3695068359375 187.65919494628906 5795.4638671875 434.8087158203125 192.24533081054688 5810.2099609375 422.8255920410156 198.66485595703125 5822.18798828125 408.0740051269531 206.56748962402344 5830.74560546875 391.5494079589844 215.41995239257812 5835.6806640625 374.37750244140625 224.61920166015625 5837.220703125 357.5901794433594 233.61241149902344 5870 440.4815673828125 153 5789.48095703125 439.43341064453125 173 5789.7392578125 440.4815673828125 153 5870 439.43341064453125 173 5870 359.192626953125 173 5870 439.43341064453125 173 5840.34130859375 359.192626953125 173 5789.48095703125 439.43341064453125 173 5809.7265625 425.12841796875 173 5825.60498046875 406.09149169921875 173 5836.044921875 383.6072082519531 173 5870 355.977783203125 153 5870 440.4815673828125 153 5789.7392578125 440.4815673828125 153 5810.89208984375 425.4762268066406 153 5827.2841796875 405.3785095214844 153 5837.73046875 381.640625 153 5841.4765625 355.977783203125 153 5789.48095703125 -439.43341064453125 173 5870 -439.43341064453125 173 5870 -440.4815673828125 153 5789.7392578125 -440.4815673828125 153 5870 -439.43341064453125 173 5870 -359.192626953125 173 5840.34130859375 -359.192626953125 173 5789.48095703125 -439.43341064453125 173 5809.7265625 -425.12841796875 173 5825.60498046875 -406.09149169921875 173 5836.044921875 -383.6072082519531 173 5870 -440.4815673828125 153 5841.4765625 -355.977783203125 153 5789.7392578125 -440.4815673828125 153 5810.89208984375 -425.4762268066406 153 5827.2841796875 -405.3785095214844 153 5837.73046875 -381.640625 153 5870 -355.977783203125 153 5674.25537109375 355.9705810546875 234.48004150390625 5815.74462890625 355.9705810546875 234.48004150390625 5676.1611328125 358.1057434082031 193.73873901367188 5678.12109375 360.24078369140625 153 5811.87890625 360.24078369140625 153 5813.8388671875 358.1057434082031 193.73873901367188 5816.0927734375 363.00323486328125 230.71255493164062 5814.90576171875 375.9446105957031 223.77967834472656 5811.10107421875 389.1824645996094 216.68795776367188 5804.50439453125 401.9212951660156 209.8636016845703 5795.27001953125 413.2933044433594 203.7714385986328 5783.90283203125 422.5310974121094 198.82261657714844 5771.1689453125 429.130615234375 195.28717041015625 5757.93603515625 432.9367980957031 193.24813842773438 5745 434.1241455078125 192.61207580566406 5732.0634765625 432.9367980957031 193.24813842773438 5718.8310546875 429.130615234375 195.28717041015625 5706.09716796875 422.5310974121094 198.82261657714844 5694.72998046875 413.2933044433594 203.7714385986328 5685.49560546875 401.9212951660156 209.8636016845703 5678.8984375 389.1824645996094 216.68795776367188 5675.09423828125 375.9446105957031 223.77967834472656 5673.9072265625 363.00323486328125 230.71255493164062 5680.8251953125 384.41729736328125 153 5691.9775390625 406.0375671386719 153 5710.1103515625 422.2553405761719 153 5732.83642578125 430.9355773925781 153 5757.16357421875 430.9355773925781 153 5779.8896484375 422.2553405761719 153 5798.0224609375 406.0375671386719 153 5809.1748046875 384.41729736328125 153 5674.25537109375 -355.9705810546875 234.48004150390625 5815.74462890625 -355.9705810546875 234.48004150390625 5813.8388671875 -358.1057434082031 193.73873901367188 5811.87890625 -360.24078369140625 153 5678.12109375 -360.24078369140625 153 5676.1611328125 -358.1057434082031 193.73873901367188 5673.9072265625 -363.00323486328125 230.71255493164062 5675.09423828125 -375.9446105957031 223.77967834472656 5678.8984375 -389.1824645996094 216.68795776367188 5685.49560546875 -401.9212951660156 209.8636016845703 5694.72998046875 -413.2933044433594 203.7714385986328 5706.09716796875 -422.5310974121094 198.82261657714844 5718.8310546875 -429.130615234375 195.28717041015625 5732.0634765625 -432.9367980957031 193.24813842773438 5745 -434.1241455078125 192.61207580566406 5757.93603515625 -432.9367980957031 193.24813842773438 5771.1689453125 -429.130615234375 195.28717041015625 5783.90283203125 -422.5310974121094 198.82261657714844 5795.27001953125 -413.2933044433594 203.7714385986328 5804.50439453125 -401.9212951660156 209.8636016845703 5811.10107421875 -389.1824645996094 216.68795776367188 5814.90576171875 -375.9446105957031 223.77967834472656 5816.0927734375 -363.00323486328125 230.71255493164062 5809.1748046875 -384.41729736328125 153 5798.0224609375 -406.0375671386719 153 5779.8896484375 -422.2553405761719 153 5757.16357421875 -430.9355773925781 153 5732.83642578125 -430.9355773925781 153 5710.1103515625 -422.2553405761719 153 5691.9775390625 -406.0375671386719 153 5680.8251953125 -384.41729736328125 153 5833.1669921875 243.42776489257812 328 5832.5908203125 244.8427734375 350 5832.5908203125 244.5807342529297 350 5833.1669921875 243.68980407714844 328 5832.5908203125 244.5807342529297 350 5870 244.5807342529297 350 5870 243.42776489257812 328 5833.1669921875 243.42776489257812 328 5870 285 350 5870 244.5807342529297 350 5870 -355 125 5870 355 125 5870 -352.4599609375 350 5870 -355 253 5870 243.42776489257812 328 5870 -243.42776489257812 328 5870 -359.192626953125 173 5870 -244.5807342529297 350 5870 355 253 5870 352.4599609375 350 5870 359.192626953125 173 5870 -405 350 5870 -235 350 5870 -285 375 5870 -405 375 5870 -285 400 5870 -235 400 5870 405 350 5870 405 375 5870 285 375 5870 -355.977783203125 153 5870 355.977783203125 153 5870 440.4815673828125 153 5870 439.43341064453125 173 5870 -439.43341064453125 173 5870 -440.4815673828125 153 5745 -361 195 5758.47705078125 -364.32177734375 195 5768.86669921875 -373.526123046875 195 5773.78857421875 -386.5044250488281 195 5772.115234375 -400.2835388183594 195 5764.23046875 -411.7068176269531 195 5751.93994140625 -418.1573181152344 195 5738.06005859375 -418.1573181152344 195 5725.76953125 -411.7068176269531 195 5717.88427734375 -400.2835388183594 195 5716.21142578125 -386.5044250488281 195 5721.13330078125 -373.526123046875 195 5731.52294921875 -364.32177734375 195 5745 -361 153 5745 -361 195 5716 -390 153 5745 -361 153 5745 -361 195 5731.52294921875 -364.32177734375 195 5721.13330078125 -373.526123046875 195 5716.21142578125 -386.5044250488281 195 5717.88427734375 -400.2835388183594 195 5725.76953125 -411.7068176269531 195 5738.06005859375 -418.1573181152344 195 5751.93994140625 -418.1573181152344 195 5764.23046875 -411.7068176269531 195 5772.115234375 -400.2835388183594 195 5773.78857421875 -386.5044250488281 195 5768.86669921875 -373.526123046875 195 5758.47705078125 -364.32177734375 195 5758.16552734375 -364.1607971191406 153 5768.46142578125 -372.9542236328125 153 5773.64306640625 -385.4634094238281 153 5772.58056640625 -398.96148681640625 153 5765.505859375 -410.506103515625 153 5753.96142578125 -417.58062744140625 153 5740.46337890625 -418.6429748535156 153 5727.9541015625 -413.46148681640625 153 5719.16064453125 -403.16571044921875 153 5718.20751953125 -378.9021911621094 153 5724.49365234375 -369.493896484375 153 5733.90234375 -363.2074890136719 153 5745 -352.5 12 5745 -352.5 125 5782.5 -390 12 5745 -352.5 12 5745 -352.5 125 5727.57275390625 -356.79541015625 125 5714.13818359375 -368.69757080078125 125 5707.7734375 -385.4798889160156 125 5709.93701171875 -403.29766845703125 125 5720.1328125 -418.06915283203125 125 5736.02587890625 -426.4103088378906 125 5753.97412109375 -426.4103088378906 125 5769.8671875 -418.06915283203125 125 5780.06298828125 -403.29766845703125 125 5782.2265625 -385.4798889160156 125 5775.86181640625 -368.69757080078125 125 5762.42724609375 -356.79541015625 125 5759.3505859375 -355.3545227050781 12 5771.5166015625 -363.4834899902344 12 5779.6455078125 -375.6493835449219 12 5778.41259765625 -407.024658203125 12 5767.0419921875 -420.338134765625 12 5750.8662109375 -427.0382995605469 12 5733.41162109375 -425.66461181640625 12 5718.4833984375 -416.5165100097656 12 5709.33544921875 -401.588134765625 12 5707.9619140625 -384.1336975097656 12 5714.66162109375 -367.9580383300781 12 5727.9755859375 -356.5872497558594 12 5625 -510 0 5865 -510 0 5625 -270 0 5865 -270 0 5625 -510 0 5865 -510 0 5625.4189453125 -509.5809631347656 12 5864.5810546875 -509.5809631347656 12 5865 -510 0 5865 -270 0 5864.5810546875 -509.5809631347656 12 5864.5810546875 -270.4190368652344 12 5625 -270 0 5865 -270 0 5864.5810546875 -270.4190368652344 12 5625.4189453125 -270.4190368652344 12 5625 -510 0 5625 -270 0 5625.4189453125 -509.5809631347656 12 5625.4189453125 -270.4190368652344 12 5670 -342.5 375 5670 -342.5 437 5830.5 -342.5 375 5830.5 -342.5 437 5625.4189453125 270.4190368652344 12 5864.5810546875 270.4190368652344 12 5625.4189453125 509.5809631347656 12 5864.5810546875 509.5809631347656 12 5745 427.5 12 5727.9755859375 423.4127502441406 12 5714.66162109375 412.0419616699219 12 5707.9619140625 395.8663024902344 12 5709.33544921875 378.411865234375 12 5718.4833984375 363.4834899902344 12 5733.41162109375 354.33538818359375 12 5750.8662109375 352.9617004394531 12 5767.0419921875 359.661865234375 12 5778.41259765625 372.975341796875 12 5782.5 390 12 5779.6455078125 404.3506164550781 12 5771.5166015625 416.5165100097656 12 5759.3505859375 424.6454772949219 12 5830.5 -307.5 375 5830.5 -307.5 437 5830.5 -342.5 375 5830.5 -342.5 437 5670 -307.5 437 5670 -342.5 437 5830.5 -307.5 437 5830.5 -342.5 437 5625.4189453125 -509.5809631347656 12 5864.5810546875 -509.5809631347656 12 5625.4189453125 -270.4190368652344 12 5864.5810546875 -270.4190368652344 12 5745 -352.5 12 5727.9755859375 -356.5872497558594 12 5714.66162109375 -367.9580383300781 12 5707.9619140625 -384.1336975097656 12 5709.33544921875 -401.588134765625 12 5718.4833984375 -416.5165100097656 12 5733.41162109375 -425.66461181640625 12 5750.8662109375 -427.0382995605469 12 5767.0419921875 -420.338134765625 12 5778.41259765625 -407.024658203125 12 5782.5 -390 12 5779.6455078125 -375.6493835449219 12 5771.5166015625 -363.4834899902344 12 5759.3505859375 -355.3545227050781 12 5745 419 195 5758.47705078125 415.67822265625 195 5768.86669921875 406.473876953125 195 5773.78857421875 393.4955749511719 195 5772.115234375 379.7164611816406 195 5764.23046875 368.2931823730469 195 5751.93994140625 361.8426818847656 195 5738.06005859375 361.8426818847656 195 5725.76953125 368.2931823730469 195 5717.88427734375 379.7164611816406 195 5716.21142578125 393.4955749511719 195 5721.13330078125 406.473876953125 195 5731.52294921875 415.67822265625 195 5745 419 153 5745 419 195 5716 390 153 5745 419 153 5745 419 195 5758.16552734375 415.8392028808594 153 5768.46142578125 407.0457763671875 153 5773.64306640625 394.5365905761719 153 5772.58056640625 381.03851318359375 153 5765.505859375 369.493896484375 153 5753.96142578125 362.41937255859375 153 5740.46337890625 361.3570251464844 153 5727.9541015625 366.53851318359375 153 5719.16064453125 376.83428955078125 153 5718.20751953125 401.0978088378906 153 5724.49365234375 410.506103515625 153 5733.90234375 416.7925109863281 153 5731.52294921875 415.67822265625 195 5721.13330078125 406.473876953125 195 5716.21142578125 393.4955749511719 195 5717.88427734375 379.7164611816406 195 5725.76953125 368.2931823730469 195 5738.06005859375 361.8426818847656 195 5751.93994140625 361.8426818847656 195 5764.23046875 368.2931823730469 195 5772.115234375 379.7164611816406 195 5773.78857421875 393.4955749511719 195 5768.86669921875 406.473876953125 195 5758.47705078125 415.67822265625 195 5745 427.5 12 5745 427.5 125 5782.5 390 12 5745 427.5 12 5745 427.5 125 5759.3505859375 424.6454772949219 12 5771.5166015625 416.5165100097656 12 5779.6455078125 404.3506164550781 12 5778.41259765625 372.975341796875 12 5767.0419921875 359.661865234375 12 5750.8662109375 352.9617004394531 12 5733.41162109375 354.33538818359375 12 5718.4833984375 363.4834899902344 12 5709.33544921875 378.411865234375 12 5707.9619140625 395.8663024902344 12 5714.66162109375 412.0419616699219 12 5727.9755859375 423.4127502441406 12 5727.57275390625 423.20458984375 125 5714.13818359375 411.30242919921875 125 5707.7734375 394.5201110839844 125 5709.93701171875 376.70233154296875 125 5720.1328125 361.93084716796875 125 5736.02587890625 353.5896911621094 125 5753.97412109375 353.5896911621094 125 5769.8671875 361.93084716796875 125 5780.06298828125 376.70233154296875 125 5782.2265625 394.5201110839844 125 5775.86181640625 411.30242919921875 125 5762.42724609375 423.20458984375 125 5625 270 0 5865 270 0 5625 510 0 5865 510 0 5625 270 0 5865 270 0 5625.4189453125 270.4190368652344 12 5864.5810546875 270.4190368652344 12 5865 270 0 5865 510 0 5864.5810546875 270.4190368652344 12 5864.5810546875 509.5809631347656 12 5625 510 0 5865 510 0 5864.5810546875 509.5809631347656 12 5625.4189453125 509.5809631347656 12 5625 270 0 5625 510 0 5625.4189453125 270.4190368652344 12 5625.4189453125 509.5809631347656 12 5670 -307.5 375 5670 -307.5 437 5830.5 -307.5 375 5830.5 -307.5 437 5670 -307.5 375 5670 -307.5 437 5670 -342.5 375 5670 -342.5 437 5370 285 350 5370 244.8427734375 350 5370 -401.948974609375 125 5370 401.948974609375 125 5370 -352.4599609375 350 5370 -355 253 5370 243.68980407714844 328 5370 -243.42776489257812 328 5370 -360.7648620605469 143 5370 -244.5807342529297 350 5370 355 253 5370 352.4599609375 350 5370 360.7648620605469 143 5370 -401.0056457519531 143 5370 401.0056457519531 143 5370 -405 350 5370 -235 350 5370 -285 375 5370 -405 375 5370 -285 400 5370 -235 400 5370 405 350 5370 405 375 5370 285 375</float_array>
          <technique_common>
            <accessor count="1928" offset="0" source="#lib-position-array-a2bb1ed8-3f30-4347-a0af-a6ce1ebe0f34" stride="3">
              <param name="X" type="float" />
              <param name="Y" type="float" />
              <param name="Z" type="float" />
            </accessor>
          </technique_common>
        </source>
        <source id="lib-normal-a2bb1ed8-3f30-4347-a0af-a6ce1ebe0f34" name="normal">
          <float_array id="lib-normal-array-a2bb1ed8-3f30-4347-a0af-a6ce1ebe0f34" count="5784">0.000000 0.000000 1.000000 0.000000 0.000000 1.000000 0.000000 0.000000 1.000000 0.000000 0.000000 1.000000 0.000000 0.000000 -1.000000 0.000000 0.000000 -1.000000 0.000000 0.000000 -1.000000 0.000000 0.000000 -1.000000 -0.000000 -0.999657 0.026177 -0.000000 -0.999657 0.026177 -0.000000 -0.999657 0.026177 -0.000000 -0.999657 0.026177 0.000000 -0.000000 1.000000 0.000000 -0.000000 1.000000 0.000000 -0.000000 1.000000 0.000000 -0.000000 1.000000 0.000000 -0.000000 1.000000 0.000000 -0.000000 1.000000 0.000000 -0.000000 1.000000 0.000000 -0.000000 1.000000 0.000000 -0.000000 1.000000 0.000000 -0.000000 1.000000 0.000000 -0.000000 1.000000 0.000000 -0.000000 1.000000 0.000000 -0.000000 1.000000 0.000000 -0.000000 1.000000 0.000000 -0.000000 1.000000 0.000000 -0.000000 1.000000 0.000000 -0.000000 1.000000 0.000000 -0.000000 1.000000 0.000000 -0.000000 1.000000 0.000000 -0.000000 1.000000 0.000000 -0.000000 1.000000 0.000000 -0.000000 1.000000 0.000000 -0.000000 1.000000 0.000000 -0.000000 1.000000 0.000000 -0.000000 1.000000 0.000000 -0.000000 1.000000 0.000000 -0.000000 1.000000 0.000000 -0.000000 1.000000 0.000000 -0.000000 1.000000 0.000000 -0.000000 1.000000 0.000000 -0.000000 1.000000 0.000000 -0.000000 1.000000 0.000000 -0.000000 1.000000 0.000000 -0.000000 1.000000 0.000000 -0.000000 1.000000 0.000000 -0.000000 1.000000 0.000000 -0.000000 1.000000 0.000000 -0.000000 1.000000 0.000000 -0.000000 1.000000 0.000000 -0.000000 1.000000 0.000000 -0.000000 1.000000 0.000000 -0.000000 1.000000 0.000000 -0.000000 1.000000 0.000000 -0.000000 1.000000 0.000000 -0.000000 1.000000 0.000000 -0.000000 1.000000 0.000000 -0.000000 1.000000 0.000000 -0.000000 1.000000 0.000000 -0.000000 1.000000 0.000000 -0.000000 1.000000 0.000000 -0.000000 1.000000 0.000000 -0.000000 1.000000 -0.000000 -0.998630 0.052336 -0.000000 -0.998630 0.052336 -0.000000 -0.998630 0.052336 -0.000000 -0.998630 0.052336 0.000000 0.998630 0.052336 0.000000 0.998630 0.052336 0.000000 0.998630 0.052336 0.000000 0.998630 0.052336 -0.000000 0.999657 0.026177 -0.000000 0.999657 0.026177 -0.000000 0.999657 0.026177 -0.000000 0.999657 0.026177 0.000000 -0.998630 0.052336 0.000000 -0.998630 0.052336 0.000000 -0.998630 0.052336 0.000000 -0.998630 0.052336 -0.000000 0.998630 0.052336 -0.000000 0.998630 0.052336 -0.000000 0.998630 0.052336 -0.000000 0.998630 0.052336 0.000000 0.000000 1.000000 0.000000 0.000000 1.000000 0.000000 0.000000 1.000000 0.000000 0.000000 1.000000 0.000000 -0.998630 0.052336 0.000000 -0.998630 0.052336 0.000000 -0.998630 0.052336 0.000000 -0.998630 0.052336 0.000000 0.000000 1.000000 0.000000 0.000000 1.000000 0.000000 0.000000 1.000000 0.000000 0.000000 1.000000 -0.000000 0.998630 0.052336 -0.000000 0.998630 0.052336 -0.000000 0.998630 0.052336 -0.000000 0.998630 0.052336 0.000000 0.000000 -1.000000 0.000000 0.000000 -1.000000 0.000000 0.000000 -1.000000 0.000000 0.000000 -1.000000 0.000000 0.000000 -1.000000 0.000000 0.000000 -1.000000 0.000000 0.000000 -1.000000 0.000000 0.000000 -1.000000 0.000000 0.000000 1.000000 0.000000 0.000000 1.000000 0.000000 0.000000 1.000000 0.000000 0.000000 1.000000 0.000000 -1.000000 0.000000 0.000000 -1.000000 0.000000 0.000000 -1.000000 0.000000 0.000000 -1.000000 0.000000 0.000000 -1.000000 0.000000 0.000000 -1.000000 0.000000 0.000000 -1.000000 0.000000 0.000000 -1.000000 0.000000 0.000000 0.000000 1.000000 0.000000 0.000000 1.000000 0.000000 0.000000 1.000000 0.000000 0.000000 1.000000 0.000000 1.000000 0.000000 0.000000 1.000000 0.000000 0.000000 1.000000 0.000000 0.000000 1.000000 0.000000 0.000000 0.000000 -1.000000 0.000000 0.000000 -1.000000 0.000000 0.000000 -1.000000 0.000000 0.000000 -1.000000 0.000000 0.000000 1.000000 0.000000 0.000000 1.000000 0.000000 0.000000 1.000000 0.000000 0.000000 1.000000 -0.000000 -1.000000 -0.000000 -0.000000 -1.000000 -0.000000 -0.000000 -1.000000 -0.000000 -0.000000 -1.000000 -0.000000 0.000000 1.000000 0.000000 0.000000 1.000000 0.000000 0.000000 1.000000 0.000000 0.000000 1.000000 0.000000 -1.000000 0.000000 0.000000 -1.000000 0.000000 0.000000 -1.000000 0.000000 0.000000 -1.000000 0.000000 0.000000 -1.000000 0.000000 0.000000 -1.000000 0.000000 0.000000 -1.000000 0.000000 0.000000 -1.000000 0.000000 0.000000 -1.000000 0.000000 0.000000 -1.000000 0.000000 0.000000 -1.000000 0.000000 0.000000 -1.000000 0.000000 0.000000 -1.000000 0.000000 0.000000 -1.000000 0.000000 0.000000 -1.000000 0.000000 0.000000 -1.000000 0.000000 0.000000 -1.000000 0.000000 0.000000 -1.000000 0.000000 0.000000 -1.000000 0.000000 0.000000 -1.000000 0.000000 0.000000 -1.000000 0.000000 0.000000 -1.000000 0.000000 0.000000 -1.000000 0.000000 0.000000 -1.000000 0.000000 0.000000 0.000000 -1.000000 0.000000 0.000000 -1.000000 0.000000 -0.511359 -0.859367 -0.000000 -0.511359 -0.859367 -0.000000 -0.869298 -0.494288 -0.000000 -0.869298 -0.494288 -0.000000 -1.000000 -0.000000 -0.000000 -1.000000 -0.000000 -0.000000 -0.859367 0.511359 0.000000 -0.859367 0.511359 0.000000 -0.494288 0.869298 0.000000 -0.494288 0.869298 0.000000 -0.000000 1.000000 0.000000 -0.000000 1.000000 0.000000 0.511359 0.859367 0.000000 0.511359 0.859367 0.000000 0.869298 0.494288 0.000000 0.869298 0.494288 0.000000 1.000000 0.000000 0.000000 1.000000 0.000000 0.000000 0.859367 -0.511359 0.000000 0.859367 -0.511359 0.000000 0.494288 -0.869298 0.000000 0.494288 -0.869298 0.000000 0.000000 -1.000000 0.000000 0.000000 -1.000000 0.000000 0.000000 -1.000000 0.000000 0.000000 -1.000000 0.000000 -0.511359 -0.859367 -0.000000 -0.511359 -0.859367 -0.000000 -0.869298 -0.494288 -0.000000 -0.869298 -0.494288 -0.000000 -1.000000 -0.000000 -0.000000 -1.000000 -0.000000 -0.000000 -0.859367 0.511359 0.000000 -0.859367 0.511359 0.000000 -0.494288 0.869298 0.000000 -0.494288 0.869298 0.000000 -0.000000 1.000000 0.000000 -0.000000 1.000000 0.000000 0.511359 0.859367 0.000000 0.511359 0.859367 0.000000 0.869298 0.494288 0.000000 0.869298 0.494288 0.000000 1.000000 0.000000 0.000000 1.000000 0.000000 0.000000 0.859367 -0.511359 0.000000 0.859367 -0.511359 0.000000 0.494288 -0.869298 0.000000 0.494288 -0.869298 0.000000 0.000000 -1.000000 0.000000 0.000000 -1.000000 0.000000 0.000000 0.000000 1.000000 0.000000 0.000000 1.000000 0.000000 0.000000 1.000000 0.000000 0.000000 1.000000 0.000000 0.000000 1.000000 0.000000 0.000000 1.000000 0.000000 0.000000 1.000000 0.000000 0.000000 1.000000 0.000000 0.000000 1.000000 0.000000 0.000000 1.000000 0.000000 0.000000 1.000000 0.000000 0.000000 1.000000 0.000000 0.000000 1.000000 0.000000 0.000000 1.000000 0.000000 0.000000 1.000000 0.000000 0.000000 1.000000 0.000000 0.000000 1.000000 0.000000 0.000000 1.000000 0.000000 0.000000 1.000000 0.000000 0.000000 1.000000 0.000000 0.000000 1.000000 0.000000 0.000000 1.000000 0.000000 0.000000 1.000000 0.000000 0.000000 1.000000 0.000000 -1.000000 0.000000 0.000000 -1.000000 0.000000 -0.511359 -0.859367 -0.000000 -0.511359 -0.859367 -0.000000 -0.869298 -0.494288 -0.000000 -0.869298 -0.494288 -0.000000 -1.000000 -0.000000 -0.000000 -1.000000 -0.000000 -0.000000 -0.859367 0.511359 0.000000 -0.859367 0.511359 0.000000 -0.494288 0.869298 0.000000 -0.494288 0.869298 0.000000 -0.000000 1.000000 0.000000 -0.000000 1.000000 0.000000 0.511359 0.859367 0.000000 0.511359 0.859367 0.000000 0.869298 0.494288 0.000000 0.869298 0.494288 0.000000 1.000000 0.000000 0.000000 1.000000 0.000000 0.000000 0.859367 -0.511359 0.000000 0.859367 -0.511359 0.000000 0.494288 -0.869298 0.000000 0.494288 -0.869298 0.000000 0.000000 -1.000000 0.000000 0.000000 -1.000000 0.000000 0.000000 -1.000000 0.000000 0.000000 -1.000000 0.000000 -0.511359 -0.859367 -0.000000 -0.511359 -0.859367 -0.000000 -0.869298 -0.494288 -0.000000 -0.869298 -0.494288 -0.000000 -1.000000 -0.000000 -0.000000 -1.000000 -0.000000 -0.000000 -0.859367 0.511359 0.000000 -0.859367 0.511359 0.000000 -0.494288 0.869298 0.000000 -0.494288 0.869298 0.000000 -0.000000 1.000000 0.000000 -0.000000 1.000000 0.000000 0.511359 0.859367 0.000000 0.511359 0.859367 0.000000 0.869298 0.494288 0.000000 0.869298 0.494288 0.000000 1.000000 0.000000 0.000000 1.000000 0.000000 0.000000 0.859367 -0.511359 0.000000 0.859367 -0.511359 0.000000 0.494288 -0.869298 0.000000 0.494288 -0.869298 0.000000 0.000000 -1.000000 0.000000 0.000000 -1.000000 0.000000 0.000000 0.000000 1.000000 0.000000 0.000000 1.000000 0.000000 0.000000 1.000000 0.000000 0.000000 1.000000 0.000000 0.000000 1.000000 0.000000 0.000000 1.000000 0.000000 0.000000 1.000000 0.000000 0.000000 1.000000 0.000000 0.000000 1.000000 0.000000 0.000000 1.000000 0.000000 0.000000 1.000000 0.000000 0.000000 1.000000 0.000000 0.000000 1.000000 0.000000 0.000000 1.000000 0.000000 0.000000 1.000000 0.000000 0.000000 1.000000 0.000000 0.000000 1.000000 0.000000 0.000000 1.000000 0.000000 0.000000 1.000000 0.000000 0.000000 1.000000 0.000000 0.000000 1.000000 0.000000 0.000000 1.000000 0.000000 0.000000 1.000000 0.000000 0.000000 1.000000 1.000000 0.000000 0.000000 1.000000 0.000000 0.000000 1.000000 0.000000 0.000000 1.000000 0.000000 0.000000 1.000000 0.000000 0.000000 1.000000 0.000000 0.000000 1.000000 0.000000 0.000000 1.000000 0.000000 0.000000 1.000000 0.000000 0.000000 1.000000 0.000000 0.000000 1.000000 0.000000 0.000000 1.000000 0.000000 0.000000 1.000000 0.000000 0.000000 1.000000 0.000000 0.000000 1.000000 0.000000 0.000000 1.000000 0.000000 0.000000 1.000000 0.000000 0.000000 1.000000 0.000000 0.000000 1.000000 0.000000 0.000000 1.000000 0.000000 0.000000 1.000000 0.000000 0.000000 1.000000 0.000000 0.000000 1.000000 0.000000 0.000000 1.000000 0.000000 0.000000 0.000000 0.000000 1.000000 0.000000 0.000000 1.000000 0.000000 0.000000 1.000000 0.000000 0.000000 1.000000 0.000000 0.000000 1.000000 0.000000 0.000000 1.000000 0.000000 0.000000 -1.000000 0.000000 0.000000 -1.000000 0.000000 0.000000 -1.000000 0.000000 0.000000 -1.000000 0.000000 0.000000 -1.000000 0.000000 0.000000 -1.000000 0.000000 0.000000 -1.000000 0.000000 0.000000 -1.000000 0.000000 0.000000 -1.000000 0.000000 0.000000 -1.000000 0.000000 0.000000 -1.000000 0.000000 0.000000 -1.000000 0.000000 0.000000 -1.000000 0.000000 0.000000 -1.000000 0.000000 0.000000 -1.000000 0.000000 0.000000 -1.000000 0.000000 0.000000 -1.000000 0.000000 0.000000 -1.000000 0.000000 0.000000 -1.000000 0.000000 0.000000 -1.000000 0.000000 0.000000 -1.000000 0.000000 0.000000 -1.000000 0.000000 0.000000 -1.000000 0.000000 0.000000 -1.000000 0.000000 0.000000 -1.000000 0.000000 0.000000 -1.000000 0.000000 0.000000 -1.000000 0.000000 0.000000 -1.000000 0.000000 0.000000 -1.000000 0.000000 0.000000 -1.000000 0.000000 0.000000 -1.000000 0.000000 0.000000 -1.000000 0.000000 0.000000 -1.000000 0.000000 0.000000 -1.000000 0.000000 0.000000 -1.000000 0.000000 0.000000 -1.000000 0.000000 0.000000 -1.000000 0.000000 0.000000 -1.000000 0.000000 0.000000 -1.000000 0.000000 0.000000 -1.000000 0.000000 0.000000 -1.000000 0.000000 0.000000 -1.000000 0.000000 0.000000 -1.000000 0.000000 0.000000 -1.000000 0.000000 0.000000 -1.000000 0.000000 0.000000 -1.000000 0.000000 0.000000 -1.000000 0.000000 0.000000 -1.000000 0.000000 0.000000 -1.000000 0.000000 0.000000 -1.000000 -0.000000 -0.999657 0.026177 -0.000000 -0.999657 0.026177 -0.000000 -0.999657 0.026177 -0.000000 -0.999657 0.026177 0.000000 -0.000000 1.000000 0.000000 -0.000000 1.000000 0.000000 -0.000000 1.000000 0.000000 -0.000000 1.000000 0.000000 -0.000000 1.000000 0.000000 -0.000000 1.000000 -0.000000 -0.998630 0.052336 -0.000000 -0.998630 0.052336 -0.000000 -0.998630 0.052336 -0.000000 -0.998630 0.052336 -0.000000 -0.998630 0.052336 -0.000000 -0.998630 0.052336 -0.000000 -0.998630 0.052336 -0.000000 -0.998630 0.052336 -0.000000 -0.998630 0.052336 -0.000000 -0.998630 0.052336 -0.000000 -0.998630 0.052336 -0.000000 -0.998630 0.052336 -0.000000 -0.998630 0.052336 -0.000000 -0.998630 0.052336 -0.000000 -0.998630 0.052336 -0.000000 0.998630 0.052336 0.000000 0.998630 0.052336 0.000000 0.998630 0.052336 0.000000 0.998630 0.052336 -0.000000 0.999657 0.026177 -0.000000 0.999657 0.026177 -0.000000 0.999657 0.026177 -0.000000 0.999657 0.026177 0.000000 -0.998630 0.052336 0.000000 -0.998630 0.052336 0.000000 -0.998630 0.052336 0.000000 -0.998630 0.052336 -0.000000 0.998630 0.052336 -0.000000 0.998630 0.052336 -0.000000 0.998630 0.052336 -0.000000 0.998630 0.052336 -0.000000 0.998630 0.052336 -0.000000 0.998630 0.052336 -0.000000 0.998630 0.052336 -0.000000 0.998630 0.052336 -0.000000 0.998630 0.052336 -0.000000 0.998630 0.052336 -0.000000 0.998630 0.052336 -0.000000 0.998630 0.052336 -0.000000 0.998630 0.052336 -0.000000 0.998630 0.052336 -0.000000 0.998630 0.052336 -0.000000 0.000000 1.000000 0.000000 0.000000 1.000000 0.000000 0.000000 1.000000 0.000000 0.000000 1.000000 0.000000 0.000000 1.000000 0.000000 -0.998630 0.052336 0.000000 -0.998630 0.052336 0.000000 -0.998630 0.052336 0.000000 -0.998630 0.052336 0.000000 0.000000 1.000000 0.000000 0.000000 1.000000 0.000000 0.000000 1.000000 0.000000 0.000000 1.000000 0.000000 0.000000 1.000000 -0.000000 0.998630 0.052336 -0.000000 0.998630 0.052336 -0.000000 0.998630 0.052336 -0.000000 0.998630 0.052336 0.000000 0.000000 -1.000000 -0.000000 -0.000000 -1.000000 0.000000 0.000000 -1.000000 0.000000 0.000000 -1.000000 0.000000 0.000000 -1.000000 0.000000 0.000000 -1.000000 0.000000 0.000000 -1.000000 0.000000 0.000000 -1.000000 0.000000 0.000000 1.000000 0.000000 0.000000 1.000000 0.000000 0.000000 1.000000 0.000000 0.000000 1.000000 0.000000 0.000000 1.000000 0.000000 0.000000 1.000000 0.000000 0.000000 1.000000 0.000000 0.000000 1.000000 -0.000000 -1.000000 0.000000 0.000000 -1.000000 0.000000 -0.000000 -1.000000 0.000000 0.000000 -1.000000 0.000000 0.000000 -1.000000 0.000000 0.000000 -1.000000 0.000000 0.000000 -1.000000 0.000000 0.000000 -1.000000 0.000000 -0.000000 0.000000 1.000000 0.000000 0.000000 1.000000 -0.000000 0.000000 1.000000 0.000000 0.000000 1.000000 0.000000 1.000000 0.000000 0.000000 1.000000 0.000000 0.000000 1.000000 0.000000 0.000000 1.000000 0.000000 -0.000000 0.000000 -1.000000 0.000000 0.000000 -1.000000 -0.000000 0.000000 -1.000000 0.000000 0.000000 -1.000000 0.000000 0.000000 1.000000 0.000000 0.000000 1.000000 0.000000 0.000000 1.000000 0.000000 0.000000 1.000000 -0.000000 -1.000000 -0.000000 -0.000000 -1.000000 -0.000000 -0.000000 -1.000000 -0.000000 0.000000 -1.000000 0.000000 0.000000 1.000000 0.000000 0.000000 1.000000 0.000000 0.000000 1.000000 0.000000 0.000000 1.000000 0.000000 0.000000 0.000000 1.000000 0.000000 0.000000 1.000000 0.000000 0.000000 1.000000 0.000000 0.000000 1.000000 0.000000 0.000000 1.000000 0.000000 0.000000 1.000000 0.000000 0.000000 1.000000 0.000000 0.000000 1.000000 0.000000 0.000000 1.000000 0.000000 0.000000 1.000000 0.000000 0.000000 1.000000 0.000000 0.000000 1.000000 0.000000 0.000000 1.000000 0.000000 0.000000 1.000000 0.000000 0.000000 1.000000 0.000000 0.000000 1.000000 0.000000 0.000000 1.000000 0.000000 0.000000 1.000000 0.000000 0.000000 1.000000 0.000000 0.000000 1.000000 0.000000 0.000000 1.000000 0.000000 0.000000 1.000000 0.000000 0.000000 1.000000 0.000000 0.000000 1.000000 0.000000 0.000000 1.000000 0.000000 0.000000 1.000000 0.000000 0.000000 1.000000 0.000000 0.000000 1.000000 0.000000 0.000000 1.000000 0.000000 0.000000 1.000000 0.000000 0.000000 1.000000 0.000000 0.000000 1.000000 0.000000 0.000000 1.000000 0.000000 0.000000 1.000000 0.000000 0.000000 1.000000 0.000000 0.000000 1.000000 0.000000 0.000000 1.000000 0.000000 0.000000 1.000000 0.000000 0.000000 1.000000 0.000000 0.000000 1.000000 0.000000 0.000000 1.000000 0.000000 0.000000 1.000000 0.000000 0.000000 1.000000 0.000000 0.000000 1.000000 0.000000 0.000000 1.000000 0.000000 0.000000 1.000000 0.000000 0.000000 1.000000 0.000000 0.000000 1.000000 -0.000000 -0.999391 -0.034899 -0.000000 -0.999391 -0.034899 -0.000000 -0.999391 -0.034899 -0.000000 -0.999391 -0.034899 -0.000000 -0.999391 -0.034899 -0.998630 -0.000000 0.052336 0.998574 0.010511 0.052336 0.997997 0.035547 0.052336 0.996865 0.059347 0.052336 -0.997665 0.043872 0.052336 -0.998574 0.010511 0.052336 0.879180 0.473607 0.052336 0.876437 0.478664 0.052336 -0.465453 0.883524 0.052336 -0.677310 0.733834 0.052336 -0.843465 0.534629 0.052336 -0.952707 0.299350 0.052336 0.960619 0.272896 0.052336 0.700462 0.711768 0.052336 0.464570 0.883989 0.052336 0.188938 0.980593 0.052336 -0.102854 0.993319 0.052336 -0.385849 0.921076 0.052336 -0.635839 0.770046 0.052336 -0.831439 0.553146 0.052336 -0.955918 0.288930 0.052336 -0.998578 0.010120 0.052336 -0.959806 0.275743 0.052336 -0.851681 0.521441 0.052336 -0.682016 0.729462 0.052336 -0.463072 0.884774 0.052336 -0.998617 0.005022 0.052336 -0.998236 0.028037 0.052336 -0.976590 0.208646 0.052336 -0.918682 0.391516 0.052336 -0.822898 0.565773 0.052336 -0.692119 0.719883 0.052336 -0.533720 0.844040 0.052336 -0.358118 0.932208 0.052336 -0.176767 0.982860 0.052336 -0.000000 0.998630 0.052336 0.176767 0.982860 0.052336 0.358118 0.932208 0.052336 0.533720 0.844040 0.052336 0.692119 0.719883 0.052336 0.822898 0.565773 0.052336 0.918682 0.391516 0.052336 0.976590 0.208646 0.052336 0.998236 0.028037 0.052336 -0.998630 -0.000000 0.052336 -0.998574 -0.010511 0.052336 -0.997665 -0.043872 0.052336 0.996865 -0.059347 0.052336 0.997997 -0.035547 0.052336 0.998574 -0.010511 0.052336 0.876437 -0.478664 0.052336 0.879180 -0.473607 0.052336 -0.998578 -0.010120 0.052336 -0.998617 -0.005022 0.052336 -0.952707 -0.299350 0.052336 -0.843465 -0.534629 0.052336 -0.677310 -0.733834 0.052336 -0.465453 -0.883524 0.052336 -0.463072 -0.884774 0.052336 -0.682016 -0.729462 0.052336 -0.851681 -0.521441 0.052336 -0.959806 -0.275743 0.052336 -0.955918 -0.288930 0.052336 -0.831439 -0.553146 0.052336 -0.635839 -0.770046 0.052336 -0.385849 -0.921076 0.052336 -0.102854 -0.993319 0.052336 0.188938 -0.980593 0.052336 0.464570 -0.883989 0.052336 0.700462 -0.711768 0.052336 0.960619 -0.272896 0.052336 0.998236 -0.028037 0.052336 0.976590 -0.208646 0.052336 0.918682 -0.391516 0.052336 0.822898 -0.565773 0.052336 0.692119 -0.719883 0.052336 0.533720 -0.844040 0.052336 0.358118 -0.932208 0.052336 0.176767 -0.982860 0.052336 0.000000 -0.998630 0.052336 -0.176767 -0.982860 0.052336 -0.358118 -0.932208 0.052336 -0.533720 -0.844040 0.052336 -0.692119 -0.719883 0.052336 -0.822898 -0.565773 0.052336 -0.918682 -0.391516 0.052336 -0.976590 -0.208646 0.052336 -0.998236 -0.028037 0.052336 0.000000 -0.472221 0.881480 0.000000 -0.472221 0.881480 0.000000 -0.472221 0.881480 0.000000 -0.472221 0.881480 0.000000 -0.472221 0.881480 0.000000 -0.472221 0.881480 0.000000 -0.472221 0.881480 0.000000 -0.472221 0.881480 0.000000 -0.472221 0.881480 0.000000 -0.472221 0.881480 0.000000 -0.472221 0.881480 0.000000 -0.472221 0.881480 0.000000 -0.472221 0.881480 0.000000 -0.472221 0.881480 0.000000 -0.472221 0.881480 0.000000 -0.472221 0.881480 0.000000 -0.472221 0.881480 0.000000 -0.472221 0.881480 0.000000 -0.472221 0.881480 0.000000 -0.472221 0.881480 0.000000 -0.472221 0.881480 0.000000 -0.472221 0.881480 0.000000 -0.472221 0.881480 0.000000 -0.472221 0.881480 0.000000 -0.472221 0.881480 0.000000 -0.472221 0.881480 0.000000 -0.472221 0.881480 0.000000 -0.472221 0.881480 0.000000 -0.472221 0.881480 0.000000 -0.472221 0.881480 0.000000 -0.472221 0.881480 0.000000 -0.472221 0.881480 0.000000 -0.472221 0.881480 0.000000 -0.472221 0.881480 0.000000 -0.472221 0.881480 0.000000 -0.472221 0.881480 0.000000 -0.472221 0.881480 0.000000 -0.472221 0.881480 -0.000000 0.999391 -0.034899 0.000000 0.999391 -0.034899 0.000000 0.999391 -0.034899 -0.000000 0.999391 -0.034899 -0.000000 0.999391 -0.034899 0.000000 0.472221 0.881480 0.000000 0.472221 0.881480 0.000000 0.472221 0.881480 0.000000 0.472221 0.881480 0.000000 0.472221 0.881480 0.000000 0.472221 0.881480 0.000000 0.472221 0.881480 0.000000 0.472221 0.881480 0.000000 0.472221 0.881480 0.000000 0.472221 0.881480 0.000000 0.472221 0.881480 0.000000 0.472221 0.881480 0.000000 0.472221 0.881480 0.000000 0.472221 0.881480 0.000000 0.472221 0.881480 0.000000 0.472221 0.881480 0.000000 0.472221 0.881480 0.000000 0.472221 0.881480 0.000000 0.472221 0.881480 0.000000 0.472221 0.881480 0.000000 0.472221 0.881480 0.000000 0.472221 0.881480 0.000000 0.472221 0.881480 0.000000 0.472221 0.881480 0.000000 0.472221 0.881480 0.000000 0.472221 0.881480 0.000000 0.472221 0.881480 0.000000 0.472221 0.881480 0.000000 0.472221 0.881480 0.000000 0.472221 0.881480 0.000000 0.472221 0.881480 0.000000 0.472221 0.881480 0.000000 0.472221 0.881480 0.000000 0.472221 0.881480 0.000000 0.472221 0.881480 0.000000 0.472221 0.881480 0.000000 0.472221 0.881480 0.000000 0.472221 0.881480 0.000000 0.998630 0.052336 0.000000 0.998630 0.052336 0.000000 0.998630 0.052336 0.000000 0.998630 0.052336 -0.000000 0.000000 1.000000 0.000000 0.000000 1.000000 0.000000 0.000000 1.000000 0.000000 0.000000 1.000000 0.000000 0.000000 1.000000 0.000000 0.000000 1.000000 0.000000 0.000000 1.000000 -0.000000 0.000000 -1.000000 -0.000000 0.000000 -1.000000 0.000000 0.000000 -1.000000 0.000000 0.000000 -1.000000 0.000000 0.000000 -1.000000 0.000000 0.000000 -1.000000 0.000000 0.000000 -1.000000 0.000000 -0.998630 0.052336 0.000000 -0.998630 0.052336 0.000000 -0.998630 0.052336 0.000000 -0.998630 0.052336 0.000000 0.000000 1.000000 0.000000 0.000000 1.000000 0.000000 0.000000 1.000000 0.000000 0.000000 1.000000 0.000000 0.000000 1.000000 0.000000 0.000000 1.000000 0.000000 0.000000 1.000000 -0.000000 0.000000 -1.000000 -0.000000 -0.000000 -1.000000 -0.000000 -0.000000 -1.000000 -0.000000 -0.000000 -1.000000 -0.000000 -0.000000 -1.000000 -0.000000 -0.000000 -1.000000 -0.000000 -0.000000 -1.000000 -0.990593 0.126434 0.052336 0.990593 0.126434 0.052336 -0.993659 0.099517 0.052336 -0.996111 0.070885 0.052336 0.996111 0.070885 0.052336 0.993659 0.099517 0.052336 0.998236 0.028043 0.052336 0.986616 -0.154433 0.052336 0.937861 -0.343041 0.052336 0.848588 -0.526459 0.052336 0.720179 -0.691811 0.052336 0.559389 -0.827251 0.052336 0.377284 -0.924618 0.052336 0.186795 -0.981004 0.052336 -0.000000 -0.998630 0.052336 -0.186795 -0.981004 0.052336 -0.377284 -0.924618 0.052336 -0.559389 -0.827251 0.052336 -0.720179 -0.691811 0.052336 -0.848588 -0.526459 0.052336 -0.937861 -0.343041 0.052336 -0.986616 -0.154433 0.052336 -0.998236 0.028043 0.052336 -0.955835 -0.289205 0.052336 -0.789727 -0.611222 0.052336 -0.519653 -0.852773 0.052336 -0.181168 -0.982059 0.052336 0.181168 -0.982059 0.052336 0.519653 -0.852773 0.052336 0.789727 -0.611222 0.052336 0.955835 -0.289205 0.052336 -0.990593 -0.126434 0.052336 0.990593 -0.126434 0.052336 0.993659 -0.099517 0.052336 0.996111 -0.070885 0.052336 -0.996111 -0.070885 0.052336 -0.993659 -0.099517 0.052336 -0.998236 -0.028045 0.052336 -0.986619 0.154418 0.052336 -0.937864 0.343034 0.052336 -0.848571 0.526486 0.052336 -0.720157 0.691835 0.052336 -0.559396 0.827247 0.052336 -0.377301 0.924611 0.052336 -0.186800 0.981003 0.052336 0.000000 0.998630 0.052336 0.186800 0.981003 0.052336 0.377301 0.924611 0.052336 0.559396 0.827247 0.052336 0.720157 0.691835 0.052336 0.848571 0.526486 0.052336 0.937864 0.343034 0.052336 0.986619 0.154418 0.052336 0.998236 -0.028045 0.052336 0.955835 0.289205 0.052336 0.789727 0.611222 0.052336 0.519653 0.852773 0.052336 0.181168 0.982059 0.052336 -0.181168 0.982059 0.052336 -0.519653 0.852773 0.052336 -0.789727 0.611222 0.052336 -0.955835 0.289205 0.052336 0.999657 0.000000 -0.026177 0.999657 0.000000 -0.026177 0.999657 0.000000 -0.026177 0.999657 0.000000 -0.026177 -0.000000 -0.998630 0.052336 -0.000000 -0.998630 0.052336 -0.000000 -0.998630 0.052336 -0.000000 -0.998630 0.052336 -1.000000 -0.000000 -0.000000 -1.000000 -0.000000 -0.000000 -1.000000 -0.000000 -0.000000 -1.000000 -0.000000 -0.000000 -1.000000 -0.000000 -0.000000 -1.000000 -0.000000 -0.000000 -1.000000 -0.000000 -0.000000 -1.000000 -0.000000 -0.000000 -1.000000 -0.000000 -0.000000 -1.000000 -0.000000 -0.000000 -1.000000 -0.000000 -0.000000 -1.000000 -0.000000 -0.000000 -1.000000 -0.000000 -0.000000 -1.000000 -0.000000 -0.000000 -1.000000 -0.000000 -0.000000 -1.000000 -0.000000 -0.000000 -1.000000 -0.000000 -0.000000 -1.000000 -0.000000 -0.000000 -1.000000 -0.000000 -0.000000 -1.000000 -0.000000 -0.000000 -1.000000 -0.000000 -0.000000 -1.000000 -0.000000 -0.000000 -1.000000 -0.000000 -0.000000 -1.000000 -0.000000 -0.000000 -1.000000 -0.000000 -0.000000 -1.000000 -0.000000 -0.000000 -1.000000 -0.000000 -0.000000 -1.000000 -0.000000 -0.000000 0.000000 0.000000 1.000000 0.000000 0.000000 1.000000 0.000000 0.000000 1.000000 0.000000 0.000000 1.000000 0.000000 0.000000 1.000000 0.000000 0.000000 1.000000 0.000000 0.000000 1.000000 0.000000 0.000000 1.000000 0.000000 0.000000 1.000000 0.000000 0.000000 1.000000 0.000000 0.000000 1.000000 0.000000 0.000000 1.000000 0.000000 0.000000 1.000000 0.000000 1.000000 0.000000 0.000000 1.000000 0.000000 1.000000 -0.000000 0.000000 0.000000 1.000000 0.000000 0.000000 1.000000 0.000000 0.464723 0.885456 0.000000 0.822984 0.568065 0.000000 0.992709 0.120537 0.000000 0.935016 -0.354605 0.000000 0.663123 -0.748511 0.000000 0.239316 -0.970942 0.000000 -0.239316 -0.970942 0.000000 -0.663123 -0.748511 0.000000 -0.935016 -0.354605 0.000000 -0.992709 0.120537 0.000000 -0.822984 0.568065 0.000000 -0.464723 0.885456 0.000000 -0.453990 0.891007 0.000000 -0.809017 0.587785 0.000000 -0.987688 0.156434 0.000000 -0.951057 -0.309017 0.000000 -0.707107 -0.707107 0.000000 -0.309017 -0.951057 0.000000 0.156434 -0.987688 0.000000 0.587785 -0.809017 0.000000 0.891007 -0.453990 0.000000 0.923880 0.382683 0.000000 0.707107 0.707107 0.000000 0.382683 0.923880 0.000000 0.000000 1.000000 0.000000 0.000000 1.000000 0.000000 -1.000000 0.000000 0.000000 0.000000 1.000000 0.000000 0.000000 1.000000 0.000000 0.464723 0.885456 0.000000 0.822984 0.568065 0.000000 0.992709 0.120537 0.000000 0.935016 -0.354605 0.000000 0.663123 -0.748511 0.000000 0.239316 -0.970942 0.000000 -0.239316 -0.970942 0.000000 -0.663123 -0.748511 0.000000 -0.935016 -0.354605 0.000000 -0.992709 0.120537 0.000000 -0.822984 0.568065 0.000000 -0.464723 0.885456 0.000000 -0.382683 0.923880 0.000000 -0.707107 0.707107 0.000000 -0.923880 0.382683 0.000000 -0.891007 -0.453990 0.000000 -0.587785 -0.809017 0.000000 -0.156434 -0.987688 0.000000 0.309017 -0.951057 0.000000 0.707107 -0.707107 0.000000 0.951057 -0.309017 0.000000 0.987688 0.156434 0.000000 0.809017 0.587785 0.000000 0.453990 0.891007 0.000000 0.000000 0.000000 -1.000000 0.000000 0.000000 -1.000000 0.000000 0.000000 -1.000000 0.000000 0.000000 -1.000000 0.000000 -0.999391 0.034899 0.000000 -0.999391 0.034899 -0.000000 -0.999391 0.034899 -0.000000 -0.999391 0.034899 -0.999391 0.000000 0.034899 -0.999391 0.000000 0.034899 -0.999391 0.000000 0.034899 -0.999391 0.000000 0.034899 -0.000000 0.999391 0.034899 -0.000000 0.999391 0.034899 -0.000000 0.999391 0.034899 -0.000000 0.999391 0.034899 0.999391 0.000000 0.034899 0.999391 0.000000 0.034899 0.999391 0.000000 0.034899 0.999391 0.000000 0.034899 -0.000000 -1.000000 0.000000 0.000000 -1.000000 0.000000 -0.000000 -1.000000 0.000000 0.000000 -1.000000 0.000000 0.000000 0.000000 1.000000 0.000000 0.000000 1.000000 0.000000 0.000000 1.000000 0.000000 0.000000 1.000000 0.000000 0.000000 1.000000 0.000000 0.000000 1.000000 0.000000 0.000000 1.000000 0.000000 0.000000 1.000000 0.000000 0.000000 1.000000 0.000000 0.000000 1.000000 0.000000 0.000000 1.000000 0.000000 0.000000 1.000000 0.000000 0.000000 1.000000 0.000000 0.000000 1.000000 0.000000 0.000000 1.000000 0.000000 0.000000 1.000000 0.000000 0.000000 1.000000 0.000000 0.000000 1.000000 -1.000000 -0.000000 0.000000 -1.000000 0.000000 0.000000 -1.000000 -0.000000 0.000000 -1.000000 0.000000 0.000000 -0.000000 0.000000 1.000000 0.000000 0.000000 1.000000 -0.000000 0.000000 1.000000 0.000000 0.000000 1.000000 0.000000 0.000000 1.000000 0.000000 0.000000 1.000000 0.000000 0.000000 1.000000 0.000000 0.000000 1.000000 0.000000 0.000000 1.000000 0.000000 0.000000 1.000000 0.000000 0.000000 1.000000 0.000000 0.000000 1.000000 0.000000 0.000000 1.000000 0.000000 0.000000 1.000000 0.000000 0.000000 1.000000 0.000000 0.000000 1.000000 0.000000 0.000000 1.000000 0.000000 0.000000 1.000000 0.000000 0.000000 1.000000 0.000000 0.000000 1.000000 0.000000 0.000000 1.000000 0.000000 0.000000 1.000000 0.000000 0.000000 1.000000 0.000000 0.000000 1.000000 0.000000 0.000000 1.000000 0.000000 0.000000 1.000000 0.000000 0.000000 1.000000 0.000000 0.000000 1.000000 0.000000 0.000000 1.000000 0.000000 0.000000 1.000000 0.000000 0.000000 1.000000 0.000000 0.000000 1.000000 0.000000 0.000000 1.000000 0.000000 0.000000 1.000000 0.000000 0.000000 1.000000 0.000000 1.000000 0.000000 0.000000 1.000000 0.000000 1.000000 -0.000000 0.000000 0.000000 1.000000 0.000000 0.000000 1.000000 0.000000 -0.453990 0.891007 0.000000 -0.809017 0.587785 0.000000 -0.987688 0.156434 0.000000 -0.951057 -0.309017 0.000000 -0.707107 -0.707107 0.000000 -0.309017 -0.951057 0.000000 0.156434 -0.987688 0.000000 0.587785 -0.809017 0.000000 0.891007 -0.453990 0.000000 0.923880 0.382683 0.000000 0.707107 0.707107 0.000000 0.382683 0.923880 0.000000 0.464723 0.885456 0.000000 0.822984 0.568065 0.000000 0.992709 0.120537 0.000000 0.935016 -0.354605 0.000000 0.663123 -0.748511 0.000000 0.239316 -0.970942 0.000000 -0.239316 -0.970942 0.000000 -0.663123 -0.748511 0.000000 -0.935016 -0.354605 0.000000 -0.992709 0.120537 0.000000 -0.822984 0.568065 0.000000 -0.464723 0.885456 0.000000 0.000000 1.000000 0.000000 0.000000 1.000000 0.000000 -1.000000 0.000000 0.000000 0.000000 1.000000 0.000000 0.000000 1.000000 0.000000 -0.382683 0.923880 0.000000 -0.707107 0.707107 0.000000 -0.923880 0.382683 0.000000 -0.891007 -0.453990 0.000000 -0.587785 -0.809017 0.000000 -0.156434 -0.987688 0.000000 0.309017 -0.951057 0.000000 0.707107 -0.707107 0.000000 0.951057 -0.309017 0.000000 0.987688 0.156434 0.000000 0.809017 0.587785 0.000000 0.453990 0.891007 0.000000 0.464723 0.885456 0.000000 0.822984 0.568065 0.000000 0.992709 0.120537 0.000000 0.935016 -0.354605 0.000000 0.663123 -0.748511 0.000000 0.239316 -0.970942 0.000000 -0.239316 -0.970942 0.000000 -0.663123 -0.748511 0.000000 -0.935016 -0.354605 0.000000 -0.992709 0.120537 0.000000 -0.822984 0.568065 0.000000 -0.464723 0.885456 0.000000 0.000000 0.000000 -1.000000 0.000000 0.000000 -1.000000 0.000000 0.000000 -1.000000 0.000000 0.000000 -1.000000 0.000000 -0.999391 0.034899 0.000000 -0.999391 0.034899 -0.000000 -0.999391 0.034899 -0.000000 -0.999391 0.034899 -0.999391 0.000000 0.034899 -0.999391 0.000000 0.034899 -0.999391 0.000000 0.034899 -0.999391 0.000000 0.034899 -0.000000 0.999391 0.034899 -0.000000 0.999391 0.034899 -0.000000 0.999391 0.034899 -0.000000 0.999391 0.034899 0.999391 0.000000 0.034899 0.999391 0.000000 0.034899 0.999391 0.000000 0.034899 0.999391 0.000000 0.034899 -0.000000 1.000000 0.000000 0.000000 1.000000 0.000000 -0.000000 1.000000 0.000000 0.000000 1.000000 0.000000 1.000000 0.000000 0.000000 1.000000 0.000000 0.000000 1.000000 0.000000 0.000000 1.000000 0.000000 0.000000 1.000000 0.000000 0.000000 1.000000 0.000000 0.000000 1.000000 0.000000 0.000000 1.000000 0.000000 0.000000 1.000000 0.000000 0.000000 1.000000 0.000000 0.000000 1.000000 0.000000 0.000000 1.000000 0.000000 0.000000 1.000000 0.000000 0.000000 1.000000 0.000000 0.000000 1.000000 0.000000 0.000000 1.000000 0.000000 0.000000 1.000000 0.000000 0.000000 1.000000 0.000000 0.000000 1.000000 0.000000 0.000000 1.000000 0.000000 0.000000 1.000000 0.000000 0.000000 1.000000 0.000000 0.000000 1.000000 0.000000 0.000000 1.000000 0.000000 0.000000 1.000000 0.000000 0.000000 1.000000 0.000000 0.000000 1.000000 0.000000 0.000000 1.000000 0.000000 0.000000 -0.000000 0.000000 1.000000 0.000000 0.000000 1.000000 0.000000 0.000000 1.000000 0.000000 0.000000 1.000000 0.000000 0.000000 1.000000 0.000000 0.000000 1.000000 0.000000 0.000000 -1.000000 0.000000 0.000000 -1.000000 0.000000 0.000000 -1.000000 0.000000 0.000000 -1.000000 0.000000 0.000000 -1.000000 0.000000 0.000000 -1.000000 0.000000 0.000000 -1.000000 0.000000 0.000000 -1.000000 0.000000 0.000000 -1.000000 0.000000 0.000000 -1.000000 0.000000 0.000000 -1.000000 0.000000 0.000000 -1.000000 0.000000 0.000000 -1.000000 0.000000 0.000000 -1.000000 0.000000 0.000000 -1.000000 0.000000 0.000000 -1.000000 0.000000 0.000000 -1.000000 0.000000 0.000000 -1.000000 0.000000 0.000000 -1.000000 0.000000 0.000000 -1.000000 0.000000 0.000000 -1.000000 0.000000 0.000000 -1.000000 0.000000 0.000000 -1.000000 0.000000 0.000000 -1.000000 0.000000 0.000000 -1.000000 0.000000 0.000000 -1.000000 0.000000 0.000000 -1.000000 0.000000 0.000000 -1.000000 0.000000 0.000000 -1.000000 0.000000 0.000000 -1.000000 0.000000 0.000000 -1.000000 0.000000 0.000000 -1.000000 0.000000 0.000000 -1.000000 0.000000 0.000000 -1.000000 0.000000 0.000000 -1.000000 0.000000 0.000000 -1.000000 0.000000 0.000000 -1.000000 0.000000 0.000000 -1.000000 0.000000 0.000000 -1.000000 0.000000 0.000000 -1.000000 0.000000 0.000000 -1.000000 0.000000 0.000000 -1.000000 0.000000 0.000000 -1.000000 0.000000 0.000000 -1.000000 0.000000 0.000000 -1.000000 0.000000 0.000000 -1.000000 0.000000 0.000000 -1.000000 0.000000 0.000000 -1.000000 0.000000 0.000000 -1.000000 0.000000 0.000000 -1.000000 0.000000 -0.999657 0.026177 0.000000 -0.999657 0.026177 0.000000 -0.999657 0.026177 0.000000 -0.999657 0.026177 0.000000 -0.000000 1.000000 0.000000 -0.000000 1.000000 0.000000 -0.000000 1.000000 0.000000 -0.000000 1.000000 0.000000 -0.000000 1.000000 0.000000 -0.000000 1.000000 0.000000 -0.998630 0.052336 0.000000 -0.998630 0.052336 0.000000 -0.998630 0.052336 0.000000 -0.998630 0.052336 0.000000 -0.998630 0.052336 0.000000 -0.998630 0.052336 0.000000 -0.998630 0.052336 0.000000 -0.998630 0.052336 0.000000 -0.998630 0.052336 0.000000 -0.998630 0.052336 0.000000 -0.998630 0.052336 0.000000 -0.998630 0.052336 0.000000 -0.998630 0.052336 0.000000 -0.998630 0.052336 0.000000 -0.998630 0.052336 0.000000 0.998630 0.052336 -0.000000 0.998630 0.052336 0.000000 0.998630 0.052336 0.000000 0.998630 0.052336 0.000000 0.999657 0.026177 0.000000 0.999657 0.026177 0.000000 0.999657 0.026177 0.000000 0.999657 0.026177 0.000000 -0.998630 0.052336 0.000000 -0.998630 0.052336 0.000000 -0.998630 0.052336 0.000000 -0.998630 0.052336 0.000000 0.998630 0.052336 0.000000 0.998630 0.052336 0.000000 0.998630 0.052336 0.000000 0.998630 0.052336 0.000000 0.998630 0.052336 0.000000 0.998630 0.052336 0.000000 0.998630 0.052336 0.000000 0.998630 0.052336 0.000000 0.998630 0.052336 0.000000 0.998630 0.052336 0.000000 0.998630 0.052336 0.000000 0.998630 0.052336 0.000000 0.998630 0.052336 0.000000 0.998630 0.052336 0.000000 0.998630 0.052336 0.000000 0.000000 1.000000 0.000000 0.000000 1.000000 0.000000 0.000000 1.000000 0.000000 0.000000 1.000000 0.000000 0.000000 1.000000 -0.000000 -0.998630 0.052336 -0.000000 -0.998630 0.052336 -0.000000 -0.998630 0.052336 -0.000000 -0.998630 0.052336 -0.000000 0.000000 1.000000 0.000000 0.000000 1.000000 0.000000 0.000000 1.000000 0.000000 0.000000 1.000000 0.000000 0.000000 1.000000 0.000000 0.998630 0.052336 0.000000 0.998630 0.052336 0.000000 0.998630 0.052336 0.000000 0.998630 0.052336 0.000000 0.000000 -1.000000 0.000000 0.000000 -1.000000 0.000000 0.000000 -1.000000 0.000000 0.000000 -1.000000 -0.000000 0.000000 -1.000000 0.000000 0.000000 -1.000000 -0.000000 0.000000 -1.000000 0.000000 0.000000 -1.000000 -0.000000 0.000000 1.000000 0.000000 0.000000 1.000000 -0.000000 0.000000 1.000000 0.000000 0.000000 1.000000 0.000000 0.000000 1.000000 0.000000 0.000000 1.000000 0.000000 0.000000 1.000000 0.000000 0.000000 1.000000 0.000000 -1.000000 0.000000 0.000000 -1.000000 0.000000 0.000000 -1.000000 0.000000 0.000000 -1.000000 0.000000 0.000000 -1.000000 0.000000 0.000000 -1.000000 0.000000 0.000000 -1.000000 0.000000 0.000000 -1.000000 0.000000 0.000000 0.000000 1.000000 0.000000 0.000000 1.000000 0.000000 0.000000 1.000000 0.000000 0.000000 1.000000 0.000000 1.000000 0.000000 0.000000 1.000000 0.000000 0.000000 1.000000 0.000000 0.000000 1.000000 0.000000 0.000000 0.000000 -1.000000 0.000000 0.000000 -1.000000 0.000000 0.000000 -1.000000 0.000000 0.000000 -1.000000 -0.000000 0.000000 1.000000 0.000000 0.000000 1.000000 -0.000000 0.000000 1.000000 0.000000 0.000000 1.000000 0.000000 -1.000000 0.000000 0.000000 -1.000000 0.000000 0.000000 -1.000000 0.000000 0.000000 -1.000000 0.000000 -0.000000 1.000000 0.000000 -0.000000 1.000000 0.000000 -0.000000 1.000000 0.000000 -0.000000 1.000000 0.000000 0.000000 0.000000 1.000000 0.000000 0.000000 1.000000 0.000000 0.000000 1.000000 0.000000 0.000000 1.000000 0.000000 0.000000 1.000000 0.000000 0.000000 1.000000 0.000000 0.000000 1.000000 0.000000 0.000000 1.000000 0.000000 0.000000 1.000000 0.000000 0.000000 1.000000 0.000000 0.000000 1.000000 0.000000 0.000000 1.000000 0.000000 0.000000 1.000000 0.000000 0.000000 1.000000 0.000000 0.000000 1.000000 0.000000 0.000000 1.000000 0.000000 0.000000 1.000000 0.000000 0.000000 1.000000 0.000000 0.000000 1.000000 0.000000 0.000000 1.000000 0.000000 0.000000 1.000000 0.000000 0.000000 1.000000 0.000000 0.000000 1.000000 0.000000 0.000000 1.000000 0.000000 0.000000 1.000000 0.000000 0.000000 1.000000 0.000000 0.000000 1.000000 0.000000 0.000000 1.000000 0.000000 0.000000 1.000000 0.000000 0.000000 1.000000 0.000000 0.000000 1.000000 0.000000 0.000000 1.000000 0.000000 0.000000 1.000000 0.000000 0.000000 1.000000 0.000000 0.000000 1.000000 0.000000 0.000000 1.000000 0.000000 0.000000 1.000000 0.000000 0.000000 1.000000 0.000000 0.000000 1.000000 0.000000 0.000000 1.000000 0.000000 0.000000 1.000000 0.000000 0.000000 1.000000 0.000000 0.000000 1.000000 0.000000 0.000000 1.000000 0.000000 0.000000 1.000000 0.000000 0.000000 1.000000 0.000000 0.000000 1.000000 0.000000 0.000000 1.000000 0.000000 -0.999391 -0.034899 0.000000 -0.999391 -0.034899 0.000000 -0.999391 -0.034899 0.000000 -0.999391 -0.034899 0.000000 -0.999391 -0.034899 0.998630 -0.000000 0.052336 -0.998574 0.010511 0.052336 -0.997997 0.035547 0.052336 -0.996865 0.059347 0.052336 0.997665 0.043872 0.052336 0.998574 0.010511 0.052336 -0.879180 0.473607 0.052336 -0.876437 0.478664 0.052336 0.465453 0.883524 0.052336 0.677310 0.733834 0.052336 0.843465 0.534629 0.052336 0.952707 0.299350 0.052336 -0.960619 0.272896 0.052336 -0.700462 0.711768 0.052336 -0.464570 0.883989 0.052336 -0.188938 0.980593 0.052336 0.102854 0.993319 0.052336 0.385849 0.921076 0.052336 0.635839 0.770046 0.052336 0.831439 0.553146 0.052336 0.955918 0.288930 0.052336 0.998578 0.010120 0.052336 0.959806 0.275743 0.052336 0.851681 0.521441 0.052336 0.682016 0.729462 0.052336 0.463072 0.884774 0.052336 0.998617 0.005022 0.052336 0.998236 0.028037 0.052336 0.976590 0.208646 0.052336 0.918682 0.391516 0.052336 0.822898 0.565773 0.052336 0.692119 0.719883 0.052336 0.533720 0.844040 0.052336 0.358118 0.932208 0.052336 0.176767 0.982860 0.052336 0.000000 0.998630 0.052336 -0.176767 0.982860 0.052336 -0.358118 0.932208 0.052336 -0.533720 0.844040 0.052336 -0.692119 0.719883 0.052336 -0.822898 0.565773 0.052336 -0.918682 0.391516 0.052336 -0.976590 0.208646 0.052336 -0.998236 0.028037 0.052336 0.998630 -0.000000 0.052336 0.998574 -0.010511 0.052336 0.997665 -0.043872 0.052336 -0.996865 -0.059347 0.052336 -0.997997 -0.035547 0.052336 -0.998574 -0.010511 0.052336 -0.876437 -0.478664 0.052336 -0.879180 -0.473607 0.052336 0.998578 -0.010120 0.052336 0.998617 -0.005022 0.052336 0.952707 -0.299350 0.052336 0.843465 -0.534629 0.052336 0.677310 -0.733834 0.052336 0.465453 -0.883524 0.052336 0.463072 -0.884774 0.052336 0.682016 -0.729462 0.052336 0.851681 -0.521441 0.052336 0.959806 -0.275743 0.052336 0.955918 -0.288930 0.052336 0.831439 -0.553146 0.052336 0.635839 -0.770046 0.052336 0.385849 -0.921076 0.052336 0.102854 -0.993319 0.052336 -0.188938 -0.980593 0.052336 -0.464570 -0.883989 0.052336 -0.700462 -0.711768 0.052336 -0.960619 -0.272896 0.052336 -0.998236 -0.028037 0.052336 -0.976590 -0.208646 0.052336 -0.918682 -0.391516 0.052336 -0.822898 -0.565773 0.052336 -0.692119 -0.719883 0.052336 -0.533720 -0.844040 0.052336 -0.358118 -0.932208 0.052336 -0.176767 -0.982860 0.052336 -0.000000 -0.998630 0.052336 0.176767 -0.982860 0.052336 0.358118 -0.932208 0.052336 0.533720 -0.844040 0.052336 0.692119 -0.719883 0.052336 0.822898 -0.565773 0.052336 0.918682 -0.391516 0.052336 0.976590 -0.208646 0.052336 0.998236 -0.028037 0.052336 0.000000 -0.472221 0.881480 0.000000 -0.472221 0.881480 0.000000 -0.472221 0.881480 0.000000 -0.472221 0.881480 0.000000 -0.472221 0.881480 0.000000 -0.472221 0.881480 0.000000 -0.472221 0.881480 0.000000 -0.472221 0.881480 0.000000 -0.472221 0.881480 0.000000 -0.472221 0.881480 0.000000 -0.472221 0.881480 0.000000 -0.472221 0.881480 0.000000 -0.472221 0.881480 0.000000 -0.472221 0.881480 0.000000 -0.472221 0.881480 0.000000 -0.472221 0.881480 0.000000 -0.472221 0.881480 0.000000 -0.472221 0.881480 0.000000 -0.472221 0.881480 0.000000 -0.472221 0.881480 0.000000 -0.472221 0.881480 0.000000 -0.472221 0.881480 0.000000 -0.472221 0.881480 0.000000 -0.472221 0.881480 0.000000 -0.472221 0.881480 0.000000 -0.472221 0.881480 0.000000 -0.472221 0.881480 0.000000 -0.472221 0.881480 0.000000 -0.472221 0.881480 0.000000 -0.472221 0.881480 0.000000 -0.472221 0.881480 0.000000 -0.472221 0.881480 0.000000 -0.472221 0.881480 0.000000 -0.472221 0.881480 0.000000 -0.472221 0.881480 0.000000 -0.472221 0.881480 0.000000 -0.472221 0.881480 0.000000 -0.472221 0.881480 0.000000 0.999391 -0.034899 0.000000 0.999391 -0.034899 0.000000 0.999391 -0.034899 0.000000 0.999391 -0.034899 0.000000 0.999391 -0.034899 0.000000 0.472221 0.881480 0.000000 0.472221 0.881480 0.000000 0.472221 0.881480 0.000000 0.472221 0.881480 0.000000 0.472221 0.881480 0.000000 0.472221 0.881480 0.000000 0.472221 0.881480 0.000000 0.472221 0.881480 0.000000 0.472221 0.881480 0.000000 0.472221 0.881480 0.000000 0.472221 0.881480 0.000000 0.472221 0.881480 0.000000 0.472221 0.881480 0.000000 0.472221 0.881480 0.000000 0.472221 0.881480 0.000000 0.472221 0.881480 0.000000 0.472221 0.881480 0.000000 0.472221 0.881480 0.000000 0.472221 0.881480 0.000000 0.472221 0.881480 0.000000 0.472221 0.881480 0.000000 0.472221 0.881480 0.000000 0.472221 0.881480 0.000000 0.472221 0.881480 0.000000 0.472221 0.881480 0.000000 0.472221 0.881480 0.000000 0.472221 0.881480 0.000000 0.472221 0.881480 0.000000 0.472221 0.881480 0.000000 0.472221 0.881480 0.000000 0.472221 0.881480 0.000000 0.472221 0.881480 0.000000 0.472221 0.881480 0.000000 0.472221 0.881480 0.000000 0.472221 0.881480 0.000000 0.472221 0.881480 0.000000 0.472221 0.881480 0.000000 0.472221 0.881480 -0.000000 0.998630 0.052336 -0.000000 0.998630 0.052336 -0.000000 0.998630 0.052336 -0.000000 0.998630 0.052336 0.000000 0.000000 1.000000 0.000000 0.000000 1.000000 0.000000 0.000000 1.000000 0.000000 0.000000 1.000000 0.000000 0.000000 1.000000 0.000000 0.000000 1.000000 0.000000 0.000000 1.000000 0.000000 0.000000 -1.000000 0.000000 0.000000 -1.000000 0.000000 0.000000 -1.000000 0.000000 0.000000 -1.000000 0.000000 0.000000 -1.000000 0.000000 0.000000 -1.000000 0.000000 0.000000 -1.000000 -0.000000 -0.998630 0.052336 -0.000000 -0.998630 0.052336 -0.000000 -0.998630 0.052336 -0.000000 -0.998630 0.052336 -0.000000 0.000000 1.000000 0.000000 0.000000 1.000000 0.000000 0.000000 1.000000 0.000000 0.000000 1.000000 0.000000 0.000000 1.000000 0.000000 0.000000 1.000000 0.000000 0.000000 1.000000 0.000000 0.000000 -1.000000 0.000000 0.000000 -1.000000 0.000000 0.000000 -1.000000 0.000000 0.000000 -1.000000 0.000000 0.000000 -1.000000 0.000000 0.000000 -1.000000 0.000000 0.000000 -1.000000 0.990593 0.126434 0.052336 -0.990593 0.126434 0.052336 0.993659 0.099517 0.052336 0.996111 0.070885 0.052336 -0.996111 0.070885 0.052336 -0.993659 0.099517 0.052336 -0.998236 0.028043 0.052336 -0.986616 -0.154433 0.052336 -0.937861 -0.343041 0.052336 -0.848588 -0.526459 0.052336 -0.720179 -0.691811 0.052336 -0.559389 -0.827251 0.052336 -0.377284 -0.924618 0.052336 -0.186795 -0.981004 0.052336 0.000000 -0.998630 0.052336 0.186795 -0.981004 0.052336 0.377284 -0.924618 0.052336 0.559389 -0.827251 0.052336 0.720179 -0.691811 0.052336 0.848588 -0.526459 0.052336 0.937861 -0.343041 0.052336 0.986616 -0.154433 0.052336 0.998236 0.028043 0.052336 0.955835 -0.289205 0.052336 0.789727 -0.611222 0.052336 0.519653 -0.852773 0.052336 0.181168 -0.982059 0.052336 -0.181168 -0.982059 0.052336 -0.519653 -0.852773 0.052336 -0.789727 -0.611222 0.052336 -0.955835 -0.289205 0.052336 0.990593 -0.126434 0.052336 -0.990593 -0.126434 0.052336 -0.993659 -0.099517 0.052336 -0.996111 -0.070885 0.052336 0.996111 -0.070885 0.052336 0.993659 -0.099517 0.052336 0.998236 -0.028045 0.052336 0.986619 0.154418 0.052336 0.937864 0.343034 0.052336 0.848571 0.526486 0.052336 0.720157 0.691835 0.052336 0.559396 0.827247 0.052336 0.377301 0.924611 0.052336 0.186800 0.981003 0.052336 -0.000000 0.998630 0.052336 -0.186800 0.981003 0.052336 -0.377301 0.924611 0.052336 -0.559396 0.827247 0.052336 -0.720157 0.691835 0.052336 -0.848571 0.526486 0.052336 -0.937864 0.343034 0.052336 -0.986619 0.154418 0.052336 -0.998236 -0.028045 0.052336 -0.955835 0.289205 0.052336 -0.789727 0.611222 0.052336 -0.519653 0.852773 0.052336 -0.181168 0.982059 0.052336 0.181168 0.982059 0.052336 0.519653 0.852773 0.052336 0.789727 0.611222 0.052336 0.955835 0.289205 0.052336 -0.999657 0.000000 -0.026177 -0.999657 0.000000 -0.026177 -0.999657 0.000000 -0.026177 -0.999657 0.000000 -0.026177 0.000000 -0.998630 0.052336 0.000000 -0.998630 0.052336 0.000000 -0.998630 0.052336 0.000000 -0.998630 0.052336 1.000000 0.000000 0.000000 1.000000 0.000000 0.000000 1.000000 0.000000 0.000000 1.000000 0.000000 0.000000 1.000000 0.000000 0.000000 1.000000 0.000000 0.000000 1.000000 0.000000 0.000000 1.000000 0.000000 0.000000 1.000000 0.000000 0.000000 1.000000 0.000000 0.000000 1.000000 0.000000 0.000000 1.000000 0.000000 0.000000 1.000000 0.000000 0.000000 1.000000 0.000000 0.000000 1.000000 0.000000 0.000000 1.000000 0.000000 0.000000 1.000000 0.000000 0.000000 1.000000 0.000000 0.000000 1.000000 0.000000 0.000000 1.000000 0.000000 0.000000 1.000000 0.000000 0.000000 1.000000 0.000000 0.000000 1.000000 0.000000 0.000000 1.000000 0.000000 0.000000 1.000000 0.000000 0.000000 1.000000 0.000000 0.000000 1.000000 0.000000 0.000000 1.000000 0.000000 0.000000 0.000000 0.000000 1.000000 0.000000 0.000000 1.000000 0.000000 0.000000 1.000000 0.000000 0.000000 1.000000 0.000000 0.000000 1.000000 0.000000 0.000000 1.000000 0.000000 0.000000 1.000000 0.000000 0.000000 1.000000 0.000000 0.000000 1.000000 0.000000 0.000000 1.000000 0.000000 0.000000 1.000000 0.000000 0.000000 1.000000 0.000000 0.000000 1.000000 0.000000 1.000000 0.000000 -0.000000 1.000000 0.000000 -1.000000 -0.000000 0.000000 0.000000 1.000000 0.000000 -0.000000 1.000000 0.000000 -0.464723 0.885456 0.000000 -0.822984 0.568065 0.000000 -0.992709 0.120537 0.000000 -0.935016 -0.354605 0.000000 -0.663123 -0.748511 0.000000 -0.239316 -0.970942 0.000000 0.239316 -0.970942 0.000000 0.663123 -0.748511 0.000000 0.935016 -0.354605 0.000000 0.992709 0.120537 0.000000 0.822984 0.568065 0.000000 0.464723 0.885456 0.000000 0.453990 0.891007 0.000000 0.809017 0.587785 0.000000 0.987688 0.156434 0.000000 0.951057 -0.309017 0.000000 0.707107 -0.707107 0.000000 0.309017 -0.951057 0.000000 -0.156434 -0.987688 0.000000 -0.587785 -0.809017 0.000000 -0.891007 -0.453990 0.000000 -0.923880 0.382683 0.000000 -0.707107 0.707107 0.000000 -0.382683 0.923880 0.000000 0.000000 1.000000 0.000000 -0.000000 1.000000 0.000000 1.000000 0.000000 0.000000 0.000000 1.000000 0.000000 -0.000000 1.000000 0.000000 -0.464723 0.885456 0.000000 -0.822984 0.568065 0.000000 -0.992709 0.120537 0.000000 -0.935016 -0.354605 0.000000 -0.663123 -0.748511 0.000000 -0.239316 -0.970942 0.000000 0.239316 -0.970942 0.000000 0.663123 -0.748511 0.000000 0.935016 -0.354605 0.000000 0.992709 0.120537 0.000000 0.822984 0.568065 0.000000 0.464723 0.885456 0.000000 0.382683 0.923880 0.000000 0.707107 0.707107 0.000000 0.923880 0.382683 0.000000 0.891007 -0.453990 0.000000 0.587785 -0.809017 0.000000 0.156434 -0.987688 0.000000 -0.309017 -0.951057 0.000000 -0.707107 -0.707107 0.000000 -0.951057 -0.309017 0.000000 -0.987688 0.156434 0.000000 -0.809017 0.587785 0.000000 -0.453990 0.891007 0.000000 0.000000 0.000000 -1.000000 0.000000 0.000000 -1.000000 0.000000 0.000000 -1.000000 0.000000 0.000000 -1.000000 0.000000 -0.999391 0.034899 0.000000 -0.999391 0.034899 0.000000 -0.999391 0.034899 0.000000 -0.999391 0.034899 0.999391 0.000000 0.034899 0.999391 0.000000 0.034899 0.999391 0.000000 0.034899 0.999391 0.000000 0.034899 0.000000 0.999391 0.034899 0.000000 0.999391 0.034899 0.000000 0.999391 0.034899 0.000000 0.999391 0.034899 -0.999391 0.000000 0.034899 -0.999391 0.000000 0.034899 -0.999391 0.000000 0.034899 -0.999391 0.000000 0.034899 0.000000 -1.000000 0.000000 0.000000 -1.000000 0.000000 0.000000 -1.000000 0.000000 0.000000 -1.000000 0.000000 0.000000 0.000000 1.000000 0.000000 0.000000 1.000000 0.000000 0.000000 1.000000 0.000000 0.000000 1.000000 0.000000 0.000000 1.000000 0.000000 0.000000 1.000000 0.000000 0.000000 1.000000 0.000000 0.000000 1.000000 0.000000 0.000000 1.000000 0.000000 0.000000 1.000000 0.000000 0.000000 1.000000 0.000000 0.000000 1.000000 0.000000 0.000000 1.000000 0.000000 0.000000 1.000000 0.000000 0.000000 1.000000 0.000000 0.000000 1.000000 0.000000 0.000000 1.000000 0.000000 0.000000 1.000000 1.000000 -0.000000 0.000000 1.000000 0.000000 0.000000 1.000000 -0.000000 0.000000 1.000000 0.000000 0.000000 0.000000 0.000000 1.000000 0.000000 0.000000 1.000000 0.000000 0.000000 1.000000 0.000000 0.000000 1.000000 0.000000 0.000000 1.000000 0.000000 0.000000 1.000000 0.000000 0.000000 1.000000 0.000000 0.000000 1.000000 0.000000 0.000000 1.000000 0.000000 0.000000 1.000000 0.000000 0.000000 1.000000 0.000000 0.000000 1.000000 0.000000 0.000000 1.000000 0.000000 0.000000 1.000000 0.000000 0.000000 1.000000 0.000000 0.000000 1.000000 0.000000 0.000000 1.000000 0.000000 0.000000 1.000000 0.000000 0.000000 1.000000 0.000000 0.000000 1.000000 0.000000 0.000000 1.000000 0.000000 0.000000 1.000000 0.000000 0.000000 1.000000 0.000000 0.000000 1.000000 0.000000 0.000000 1.000000 0.000000 0.000000 1.000000 0.000000 0.000000 1.000000 0.000000 0.000000 1.000000 0.000000 0.000000 1.000000 0.000000 0.000000 1.000000 0.000000 0.000000 1.000000 0.000000 0.000000 1.000000 0.000000 0.000000 1.000000 0.000000 0.000000 1.000000 0.000000 0.000000 1.000000 0.000000 1.000000 0.000000 -0.000000 1.000000 0.000000 -1.000000 -0.000000 0.000000 0.000000 1.000000 0.000000 -0.000000 1.000000 0.000000 0.453990 0.891007 0.000000 0.809017 0.587785 0.000000 0.987688 0.156434 0.000000 0.951057 -0.309017 0.000000 0.707107 -0.707107 0.000000 0.309017 -0.951057 0.000000 -0.156434 -0.987688 0.000000 -0.587785 -0.809017 0.000000 -0.891007 -0.453990 0.000000 -0.923880 0.382683 0.000000 -0.707107 0.707107 0.000000 -0.382683 0.923880 0.000000 -0.464723 0.885456 0.000000 -0.822984 0.568065 0.000000 -0.992709 0.120537 0.000000 -0.935016 -0.354605 0.000000 -0.663123 -0.748511 0.000000 -0.239316 -0.970942 0.000000 0.239316 -0.970942 0.000000 0.663123 -0.748511 0.000000 0.935016 -0.354605 0.000000 0.992709 0.120537 0.000000 0.822984 0.568065 0.000000 0.464723 0.885456 0.000000 0.000000 1.000000 0.000000 -0.000000 1.000000 0.000000 1.000000 0.000000 0.000000 0.000000 1.000000 0.000000 -0.000000 1.000000 0.000000 0.382683 0.923880 0.000000 0.707107 0.707107 0.000000 0.923880 0.382683 0.000000 0.891007 -0.453990 0.000000 0.587785 -0.809017 0.000000 0.156434 -0.987688 0.000000 -0.309017 -0.951057 0.000000 -0.707107 -0.707107 0.000000 -0.951057 -0.309017 0.000000 -0.987688 0.156434 0.000000 -0.809017 0.587785 0.000000 -0.453990 0.891007 0.000000 -0.464723 0.885456 0.000000 -0.822984 0.568065 0.000000 -0.992709 0.120537 0.000000 -0.935016 -0.354605 0.000000 -0.663123 -0.748511 0.000000 -0.239316 -0.970942 0.000000 0.239316 -0.970942 0.000000 0.663123 -0.748511 0.000000 0.935016 -0.354605 0.000000 0.992709 0.120537 0.000000 0.822984 0.568065 0.000000 0.464723 0.885456 0.000000 0.000000 0.000000 -1.000000 0.000000 0.000000 -1.000000 0.000000 0.000000 -1.000000 0.000000 0.000000 -1.000000 0.000000 -0.999391 0.034899 0.000000 -0.999391 0.034899 0.000000 -0.999391 0.034899 0.000000 -0.999391 0.034899 0.999391 0.000000 0.034899 0.999391 0.000000 0.034899 0.999391 0.000000 0.034899 0.999391 0.000000 0.034899 0.000000 0.999391 0.034899 0.000000 0.999391 0.034899 0.000000 0.999391 0.034899 0.000000 0.999391 0.034899 -0.999391 0.000000 0.034899 -0.999391 0.000000 0.034899 -0.999391 0.000000 0.034899 -0.999391 0.000000 0.034899 0.000000 1.000000 0.000000 0.000000 1.000000 0.000000 0.000000 1.000000 0.000000 0.000000 1.000000 0.000000 -1.000000 0.000000 0.000000 -1.000000 -0.000000 -0.000000 -1.000000 0.000000 0.000000 -1.000000 -0.000000 -0.000000 -1.000000 0.000000 0.000000 -1.000000 0.000000 0.000000 -1.000000 0.000000 0.000000 -1.000000 0.000000 0.000000 -1.000000 0.000000 0.000000 -1.000000 0.000000 0.000000 -1.000000 0.000000 0.000000 -1.000000 0.000000 0.000000 -1.000000 0.000000 0.000000 -1.000000 0.000000 0.000000 -1.000000 0.000000 0.000000 -1.000000 0.000000 0.000000 -1.000000 0.000000 0.000000 -1.000000 0.000000 0.000000 -1.000000 0.000000 0.000000 -1.000000 0.000000 0.000000 -1.000000 0.000000 0.000000 -1.000000 0.000000 0.000000 -1.000000 0.000000 0.000000 -1.000000 0.000000 0.000000 -1.000000 0.000000 0.000000 -1.000000 0.000000 0.000000 -1.000000 0.000000 0.000000 -1.000000 0.000000 0.000000</float_array>
          <technique_common>
            <accessor count="1928" offset="0" source="#lib-normal-array-a2bb1ed8-3f30-4347-a0af-a6ce1ebe0f34" stride="3">
              <param name="X" type="float" />
              <param name="Y" type="float" />
              <param name="Z" type="float" />
            </accessor>
          </technique_common>
        </source>
        <source id="lib-map1-a2bb1ed8-3f30-4347-a0af-a6ce1ebe0f34" name="map1">
          <float_array id="lib-map1-array-a2bb1ed8-3f30-4347-a0af-a6ce1ebe0f34" count="3856">0.000000 0.000000 0.000000 1.000000 1.000000 0.000000 1.000000 1.000000 0.000000 0.000000 0.000000 1.000000 1.000000 0.000000 1.000000 1.000000 0.000000 0.000000 0.000000 1.000000 1.000000 0.000000 1.000000 1.000000 0.000000 0.000000 0.000000 1.000000 1.000000 0.000000 1.000000 1.000000 0.115352 0.433579 0.116073 0.433815 0.117947 0.433980 0.120484 0.434041 0.123108 0.433976 0.124945 0.433807 0.125616 0.433579 0.124894 0.433343 0.123021 0.433178 0.120484 0.433118 0.117859 0.433183 0.116022 0.433351 0.874922 0.461255 0.875644 0.461490 0.877517 0.461656 0.880054 0.461716 0.882679 0.461651 0.884516 0.461483 0.885186 0.461255 0.884465 0.461019 0.882591 0.460854 0.880054 0.460793 0.877430 0.460858 0.875593 0.461027 0.115352 0.525830 0.116073 0.526066 0.117947 0.526231 0.120484 0.526291 0.123108 0.526227 0.124945 0.526058 0.125616 0.525830 0.124894 0.525594 0.123021 0.525429 0.120484 0.525369 0.117859 0.525434 0.116022 0.525602 0.874922 0.553506 0.875644 0.553741 0.877517 0.553907 0.880054 0.553967 0.882679 0.553902 0.884516 0.553734 0.885186 0.553506 0.884465 0.553270 0.882591 0.553105 0.880054 0.553044 0.877430 0.553109 0.875593 0.553278 0.000000 0.000000 0.000000 1.000000 1.000000 0.000000 1.000000 1.000000 0.000000 0.000000 0.000000 1.000000 1.000000 0.000000 1.000000 1.000000 0.000000 0.000000 0.000000 1.000000 1.000000 0.000000 1.000000 1.000000 0.000000 0.000000 0.000000 1.000000 1.000000 0.000000 1.000000 1.000000 0.000000 0.000000 0.000000 1.000000 1.000000 0.000000 1.000000 1.000000 0.000000 0.000000 0.000000 1.000000 1.000000 0.000000 1.000000 1.000000 0.000000 0.000000 0.000000 1.000000 1.000000 0.000000 1.000000 1.000000 0.000000 0.000000 0.000000 1.000000 1.000000 0.000000 1.000000 1.000000 0.000000 0.000000 0.000000 1.000000 1.000000 0.000000 1.000000 1.000000 0.000000 0.000000 0.000000 1.000000 1.000000 0.000000 1.000000 1.000000 0.000000 0.000000 0.000000 1.000000 1.000000 0.000000 1.000000 1.000000 0.000000 0.000000 0.000000 1.000000 1.000000 0.000000 1.000000 1.000000 0.000000 0.000000 0.000000 1.000000 1.000000 0.000000 1.000000 1.000000 0.000000 0.000000 0.000000 1.000000 1.000000 0.000000 1.000000 1.000000 0.000000 0.000000 0.000000 1.000000 1.000000 0.000000 1.000000 1.000000 0.000000 0.000000 0.000000 1.000000 1.000000 0.000000 1.000000 1.000000 0.000000 0.000000 0.000000 1.000000 1.000000 0.000000 1.000000 1.000000 0.000000 0.000000 0.000000 1.000000 1.000000 0.000000 1.000000 1.000000 0.000000 0.000000 0.000000 1.000000 1.000000 0.000000 1.000000 1.000000 0.000000 0.000000 0.000000 1.000000 1.000000 0.000000 1.000000 1.000000 0.818182 0.148148 0.818182 0.197725 0.000000 0.996233 0.000000 0.003767 0.818182 0.935136 0.465455 0.938272 0.738182 0.199148 0.738182 0.800528 0.065455 0.945389 0.818182 0.801952 0.465455 0.061728 0.818182 0.064864 0.065455 0.054611 0.065455 0.995069 0.065455 0.004931 0.818182 1.000000 0.818182 0.790123 0.909091 0.851852 0.909091 1.000000 1.000000 0.851852 1.000000 0.790123 0.818182 0.000000 0.909091 0.000000 0.909091 0.148148 0.000000 0.000000 0.000000 1.000000 0.085429 0.000000 0.085429 1.000000 0.167714 0.000000 0.167714 1.000000 0.250000 0.000000 0.250000 1.000000 0.335429 0.000000 0.335429 1.000000 0.417714 0.000000 0.417714 1.000000 0.500000 0.000000 0.500000 1.000000 0.585429 0.000000 0.585429 1.000000 0.667714 0.000000 0.667714 1.000000 0.750000 0.000000 0.750000 1.000000 0.835429 0.000000 0.835429 1.000000 0.917714 0.000000 0.917714 1.000000 1.000000 0.000000 1.000000 1.000000 0.000000 0.000000 0.000000 1.000000 0.085429 0.000000 0.085429 1.000000 0.167714 0.000000 0.167714 1.000000 0.250000 0.000000 0.250000 1.000000 0.335429 0.000000 0.335429 1.000000 0.417714 0.000000 0.417714 1.000000 0.500000 0.000000 0.500000 1.000000 0.585429 0.000000 0.585429 1.000000 0.667714 0.000000 0.667714 1.000000 0.750000 0.000000 0.750000 1.000000 0.835429 0.000000 0.835429 1.000000 0.917714 0.000000 0.917714 1.000000 1.000000 0.000000 1.000000 1.000000 0.500000 0.990196 0.249334 0.921259 0.073873 0.742298 0.009804 0.500000 0.078741 0.249334 0.257702 0.073873 0.500000 0.009804 0.750666 0.078741 0.926127 0.257702 0.990196 0.500000 0.921259 0.750666 0.742298 0.926127 0.500000 0.990196 0.249334 0.921259 0.073873 0.742298 0.009804 0.500000 0.078741 0.249334 0.257702 0.073873 0.500000 0.009804 0.750666 0.078741 0.926127 0.257702 0.990196 0.500000 0.921259 0.750666 0.742298 0.926127 0.000000 0.000000 0.000000 1.000000 0.085429 0.000000 0.085429 1.000000 0.167714 0.000000 0.167714 1.000000 0.250000 0.000000 0.250000 1.000000 0.335429 0.000000 0.335429 1.000000 0.417714 0.000000 0.417714 1.000000 0.500000 0.000000 0.500000 1.000000 0.585429 0.000000 0.585429 1.000000 0.667714 0.000000 0.667714 1.000000 0.750000 0.000000 0.750000 1.000000 0.835429 0.000000 0.835429 1.000000 0.917714 0.000000 0.917714 1.000000 1.000000 0.000000 1.000000 1.000000 0.000000 0.000000 0.000000 1.000000 0.085429 0.000000 0.085429 1.000000 0.167714 0.000000 0.167714 1.000000 0.250000 0.000000 0.250000 1.000000 0.335429 0.000000 0.335429 1.000000 0.417714 0.000000 0.417714 1.000000 0.500000 0.000000 0.500000 1.000000 0.585429 0.000000 0.585429 1.000000 0.667714 0.000000 0.667714 1.000000 0.750000 0.000000 0.750000 1.000000 0.835429 0.000000 0.835429 1.000000 0.917714 0.000000 0.917714 1.000000 1.000000 0.000000 1.000000 1.000000 0.500000 0.990196 0.249334 0.921259 0.073873 0.742298 0.009804 0.500000 0.078741 0.249334 0.257702 0.073873 0.500000 0.009804 0.750666 0.078741 0.926127 0.257702 0.990196 0.500000 0.921259 0.750666 0.742298 0.926127 0.500000 0.990196 0.249334 0.921259 0.073873 0.742298 0.009804 0.500000 0.078741 0.249334 0.257702 0.073873 0.500000 0.009804 0.750666 0.078741 0.926127 0.257702 0.990196 0.500000 0.921259 0.750666 0.742298 0.926127 0.818182 0.148148 0.818182 0.197725 0.000000 0.996233 0.000000 0.003767 0.818182 0.935136 0.465455 0.938272 0.738182 0.199148 0.738182 0.800528 0.065455 0.945389 0.818182 0.801952 0.465455 0.061728 0.818182 0.064864 0.065455 0.054611 0.065455 0.995069 0.065455 0.004931 0.818182 1.000000 0.818182 0.790123 0.909091 0.851852 0.909091 1.000000 1.000000 0.851852 1.000000 0.790123 0.818182 0.000000 0.909091 0.000000 0.909091 0.148148 0.084178 0.093550 0.084178 0.906450 0.915822 0.906450 0.146400 0.098820 0.915822 0.098820 0.146400 0.093550 0.856920 0.435072 0.856920 0.915822 0.143080 0.915822 0.143080 0.435072 0.184769 0.129172 0.184769 0.084178 0.815231 0.084178 0.815231 0.129172 0.840395 0.136140 0.863407 0.156448 0.882298 0.188358 0.895452 0.229141 0.901744 0.275309 0.900636 0.322913 0.892222 0.367879 0.877223 0.406363 0.122777 0.406363 0.107778 0.367879 0.099364 0.322913 0.098256 0.275309 0.104548 0.229141 0.117702 0.188358 0.136593 0.156448 0.159605 0.136140 0.186989 0.292089 0.183175 0.263103 0.172606 0.240757 0.157704 0.230171 0.141882 0.233769 0.128765 0.250728 0.121359 0.277162 0.121359 0.307016 0.128765 0.333450 0.141882 0.350409 0.157704 0.354008 0.172606 0.343421 0.183175 0.321075 0.879609 0.292089 0.875795 0.263103 0.865226 0.240757 0.850324 0.230171 0.834502 0.233769 0.821385 0.250728 0.813978 0.277162 0.813978 0.307016 0.821385 0.333450 0.834502 0.350409 0.850324 0.354008 0.865226 0.343421 0.875795 0.321075 0.912239 0.915822 0.912239 0.084178 0.087761 0.084178 0.087761 0.915822 0.084201 0.915822 0.915799 0.084178 0.915799 0.915822 0.084201 0.145442 0.084648 0.145442 0.084648 0.084178 0.087334 0.915822 0.912666 0.915822 0.912666 0.084178 0.312424 0.084178 0.312424 0.133509 0.773711 0.138724 0.773711 0.174421 0.162364 0.180850 0.468028 0.177590 0.162364 0.403328 0.773711 0.409757 0.468028 0.406588 0.773711 0.445455 0.087334 0.453152 0.430533 0.449350 0.102595 0.915822 0.897405 0.915822 0.897405 0.084178 0.102595 0.084178 0.087761 0.084178 0.087761 0.915822 0.912239 0.915822 0.912239 0.084178 0.102595 0.915755 0.897405 0.084245 0.897405 0.915755 0.102595 0.085280 0.087334 0.915822 0.912666 0.915822 0.912666 0.453152 0.226289 0.445455 0.569467 0.449350 0.226289 0.409757 0.837636 0.403328 0.531972 0.406588 0.837636 0.180850 0.226289 0.174421 0.531972 0.177590 0.226289 0.138724 0.687576 0.133509 0.687576 0.084178 0.087334 0.084178 0.084790 0.093594 0.882429 0.906406 0.084790 0.906406 0.915210 0.093594 0.892525 0.487405 0.106636 0.084790 0.106636 0.915210 0.893364 0.915210 0.893364 0.086400 0.084790 0.093594 0.084790 0.906406 0.915210 0.906406 0.882429 0.093594 0.892525 0.512595 0.106636 0.915210 0.893364 0.084790 0.893364 0.915210 0.106636 0.086400 0.084178 0.908762 0.915822 0.091238 0.915822 0.908762 0.084178 0.091238 0.084178 0.123283 0.084178 0.876717 0.915822 0.123283 0.915822 0.876717 0.084178 0.086831 0.084178 0.913168 0.915822 0.086831 0.915822 0.913168 0.583164 0.241770 0.583164 0.482785 0.850122 0.482785 0.850122 0.241770 0.084178 0.099605 0.084178 0.900395 0.915822 0.099605 0.915822 0.900395 0.099605 0.084178 0.900395 0.084178 0.900395 0.915822 0.099605 0.915822 0.084178 0.091631 0.084178 0.908369 0.915822 0.091631 0.915822 0.908369 0.091631 0.084178 0.091631 0.915822 0.908369 0.084178 0.908369 0.915822 0.084178 0.091238 0.084178 0.908762 0.915822 0.091238 0.915822 0.908762 0.084178 0.086831 0.084178 0.913168 0.915822 0.086831 0.915822 0.913168 0.084178 0.099605 0.084178 0.900395 0.915822 0.099605 0.915822 0.900395 0.084178 0.099605 0.084178 0.900395 0.915822 0.099605 0.915822 0.900395 0.901195 0.910854 0.098805 0.910854 0.115026 0.634197 0.181928 0.386791 0.290704 0.201208 0.427033 0.101878 0.572967 0.101878 0.709296 0.201208 0.818072 0.386791 0.884974 0.634197 0.500000 0.902166 0.566574 0.876905 0.623012 0.804968 0.660723 0.697307 0.673966 0.570312 0.655005 0.419654 0.602254 0.301838 0.527214 0.242545 0.446242 0.254701 0.376988 0.335657 0.334549 0.467764 0.328176 0.622226 0.359259 0.765371 0.421021 0.865996 0.098805 0.089146 0.901195 0.089146 0.884974 0.365803 0.818072 0.613209 0.709296 0.798792 0.572967 0.898122 0.427033 0.898122 0.290704 0.798792 0.181928 0.613209 0.115026 0.365803 0.500000 0.761541 0.566574 0.736280 0.623012 0.664343 0.660723 0.556682 0.673966 0.429688 0.655005 0.279029 0.602254 0.161213 0.527214 0.101920 0.446242 0.114076 0.376988 0.195032 0.334549 0.327139 0.328176 0.481601 0.359259 0.624746 0.421021 0.725371 0.098396 0.097664 0.098396 0.902336 0.901604 0.097664 0.901604 0.860799 0.499998 0.881532 0.500000 0.908844 0.998325 0.855606 0.994334 0.877848 0.990536 0.900091 0.506994 0.885503 0.501675 0.855606 0.921358 0.900091 0.920442 0.908844 0.672831 0.885503 0.631372 0.885503 0.589913 0.885503 0.548453 0.885503 0.955947 0.900091 0.873726 0.908844 0.827010 0.908844 0.780294 0.908844 0.733579 0.908844 0.686863 0.908844 0.640147 0.908844 0.593431 0.908844 0.546716 0.908844 0.501613 0.895228 0.544525 0.895228 0.587436 0.895228 0.630348 0.895228 0.673259 0.895228 0.500800 0.902036 0.504469 0.856028 0.533499 0.860406 0.564118 0.864883 0.595861 0.869184 0.628129 0.873022 0.660259 0.876148 0.691625 0.878381 0.721679 0.879664 0.750000 0.880062 0.778321 0.879664 0.808375 0.878381 0.839741 0.876148 0.871871 0.873022 0.904139 0.869184 0.935882 0.864883 0.966501 0.860406 0.995531 0.856028 0.500000 0.908844 0.498325 0.855606 0.493006 0.885503 0.009464 0.900091 0.005667 0.877848 0.001675 0.855606 0.079558 0.908844 0.078642 0.900091 0.498387 0.895228 0.499200 0.902036 0.451547 0.885503 0.410087 0.885503 0.368628 0.885503 0.327169 0.885503 0.326741 0.895228 0.369652 0.895228 0.412564 0.895228 0.455475 0.895228 0.453284 0.908844 0.406569 0.908844 0.359853 0.908844 0.313137 0.908844 0.266421 0.908844 0.219706 0.908844 0.172990 0.908844 0.126274 0.908844 0.044053 0.900091 0.004469 0.856028 0.033499 0.860406 0.064118 0.864883 0.095861 0.869184 0.128129 0.873022 0.160259 0.876148 0.191625 0.878381 0.221679 0.879664 0.250000 0.880062 0.278321 0.879664 0.308374 0.878381 0.339741 0.876148 0.371871 0.873022 0.404139 0.869184 0.435882 0.864883 0.466501 0.860406 0.495531 0.856028 0.088646 0.182117 0.088646 0.914320 0.088646 0.817883 0.150278 0.819449 0.263693 0.814116 0.379706 0.797020 0.491346 0.767377 0.591007 0.725885 0.671965 0.674806 0.729801 0.617588 0.763158 0.558128 0.773563 0.500000 0.763158 0.441872 0.729801 0.382412 0.671965 0.325194 0.591007 0.274115 0.491346 0.232623 0.379706 0.202980 0.263693 0.185884 0.150278 0.180551 0.088646 0.085680 0.102839 0.085616 0.249959 0.092534 0.400449 0.114711 0.545267 0.153162 0.674546 0.206986 0.779563 0.273245 0.854587 0.347467 0.897856 0.424597 0.911354 0.500000 0.897856 0.575403 0.854587 0.652533 0.779563 0.726755 0.674546 0.793014 0.545267 0.846838 0.400449 0.885289 0.249959 0.907466 0.102839 0.914384 0.098396 0.097664 0.901604 0.097664 0.901604 0.902336 0.098396 0.860799 0.500002 0.881532 0.911354 0.817883 0.911354 0.085680 0.911354 0.182117 0.849722 0.180551 0.736307 0.185884 0.620294 0.202980 0.508654 0.232623 0.408993 0.274115 0.328035 0.325194 0.270199 0.382412 0.236842 0.441872 0.226437 0.500000 0.236842 0.558128 0.270199 0.617588 0.328035 0.674806 0.408993 0.725885 0.508654 0.767377 0.620294 0.797020 0.736307 0.814116 0.849722 0.819449 0.911354 0.914320 0.897161 0.914384 0.750041 0.907466 0.599551 0.885289 0.454733 0.846838 0.325454 0.793014 0.220437 0.726755 0.145413 0.652533 0.102144 0.575403 0.088646 0.500000 0.102144 0.424597 0.145413 0.347467 0.220437 0.273245 0.325454 0.206986 0.454733 0.153162 0.599551 0.114711 0.750041 0.092534 0.897161 0.085616 0.104424 0.088525 0.895576 0.911475 0.104424 0.908833 0.895576 0.088525 0.911475 0.088543 0.911475 0.911457 0.608347 0.088543 0.088525 0.911457 0.295449 0.764751 0.457736 0.569517 0.564435 0.338928 0.911458 0.088283 0.911458 0.911717 0.088542 0.911717 0.305425 0.765500 0.473492 0.569661 0.580599 0.338351 0.619007 0.088283 0.104424 0.911475 0.104424 0.088525 0.895576 0.088525 0.895576 0.908833 0.088525 0.088543 0.088525 0.911457 0.391653 0.911457 0.911475 0.088543 0.704551 0.235249 0.542264 0.430483 0.435565 0.661072 0.088542 0.088283 0.380993 0.911717 0.911458 0.088283 0.694575 0.234500 0.526508 0.430339 0.419401 0.661649 0.088542 0.911717 0.229796 0.908752 0.770204 0.908752 0.234113 0.881545 0.238693 0.854340 0.761307 0.854340 0.765887 0.881545 0.754470 0.906235 0.725288 0.901602 0.694192 0.896863 0.661624 0.892305 0.628197 0.888240 0.594630 0.884940 0.561660 0.882582 0.529947 0.881220 0.500000 0.880793 0.470053 0.881220 0.438340 0.882582 0.405370 0.884940 0.371803 0.888240 0.338376 0.892305 0.305808 0.896863 0.274712 0.901602 0.245530 0.906235 0.296761 0.854340 0.354830 0.854340 0.412898 0.854340 0.470966 0.854340 0.529034 0.854340 0.587102 0.854340 0.645170 0.854340 0.703239 0.854340 0.770204 0.911535 0.229796 0.911535 0.234113 0.499987 0.238693 0.088465 0.761307 0.088465 0.765887 0.499987 0.754470 0.873466 0.725291 0.803378 0.694193 0.731706 0.661619 0.662823 0.628192 0.601331 0.594631 0.551322 0.561663 0.515601 0.529947 0.495020 0.500000 0.488606 0.470053 0.495020 0.438337 0.515601 0.405369 0.551322 0.371808 0.601331 0.338381 0.662823 0.305807 0.731706 0.274709 0.803378 0.245530 0.873466 0.296761 0.088465 0.354830 0.088465 0.412898 0.088465 0.470966 0.088465 0.529034 0.088465 0.587102 0.088465 0.645170 0.088465 0.703239 0.088465 0.102174 0.742528 0.897826 0.257472 0.897826 0.347297 0.102174 0.652703 0.102595 0.094350 0.102595 0.905650 0.897405 0.905650 0.897405 0.106844 0.235824 0.769281 0.235824 0.731091 0.915133 0.164580 0.915133 0.835420 0.235824 0.166980 0.528682 0.164580 0.302246 0.730001 0.302246 0.269999 0.770214 0.160619 0.235824 0.268909 0.528682 0.835420 0.235824 0.833020 0.770214 0.839381 0.235824 0.117338 0.235824 0.277961 0.160346 0.230719 0.160346 0.117338 0.084867 0.230719 0.084867 0.277961 0.235824 0.882662 0.160346 0.882662 0.160346 0.769281 0.830597 0.163656 0.830597 0.836344 0.830597 0.916187 0.770214 0.915196 0.770214 0.084804 0.830597 0.083813 0.909493 0.500000 0.862588 0.690301 0.732619 0.837007 0.549359 0.906508 0.354792 0.882883 0.193490 0.771544 0.102406 0.597998 0.102406 0.402002 0.193490 0.228456 0.354792 0.117117 0.549359 0.093492 0.732619 0.162993 0.862588 0.309699 0.000000 0.093175 0.000000 0.906825 0.750000 0.093175 1.000000 0.093175 1.000000 0.906825 0.923077 0.906825 0.846154 0.906825 0.769231 0.906825 0.692308 0.906825 0.615385 0.906825 0.538462 0.906825 0.461538 0.906825 0.384615 0.906825 0.307692 0.906825 0.230769 0.906825 0.153846 0.906825 0.076923 0.906825 0.075000 0.093175 0.150000 0.093175 0.225000 0.093175 0.300000 0.093175 0.375000 0.093175 0.450000 0.093175 0.525000 0.093175 0.600000 0.093175 0.675000 0.093175 0.812500 0.093175 0.875000 0.093175 0.937500 0.093175 0.000000 0.087046 0.000000 0.912954 0.250000 0.087046 1.000000 0.087046 1.000000 0.912954 0.923077 0.912954 0.846154 0.912954 0.769231 0.912954 0.692308 0.912954 0.615385 0.912954 0.538462 0.912954 0.461538 0.912954 0.384615 0.912954 0.307692 0.912954 0.230769 0.912954 0.153846 0.912954 0.076923 0.912954 0.062500 0.087046 0.125000 0.087046 0.187500 0.087046 0.325000 0.087046 0.400000 0.087046 0.475000 0.087046 0.550000 0.087046 0.625000 0.087046 0.700000 0.087046 0.775000 0.087046 0.850000 0.087046 0.925000 0.087046 0.085090 0.085090 0.085090 0.914910 0.914910 0.085090 0.914910 0.914910 0.116864 0.085090 0.116864 0.914910 0.883136 0.086539 0.883136 0.913461 0.116864 0.085090 0.116864 0.914910 0.883136 0.086539 0.883136 0.913461 0.883136 0.085090 0.883136 0.914910 0.116864 0.913461 0.116864 0.086539 0.883136 0.085090 0.883136 0.914910 0.116864 0.086539 0.116864 0.913461 0.085954 0.090051 0.085954 0.909949 0.914046 0.090051 0.914046 0.909949 0.085096 0.085096 0.085096 0.914904 0.914904 0.085096 0.914904 0.914904 0.630112 0.500000 0.615931 0.440930 0.576478 0.394737 0.520354 0.371490 0.459793 0.376256 0.407997 0.407997 0.376256 0.459793 0.371490 0.520354 0.394737 0.576478 0.440930 0.615931 0.500000 0.630112 0.549792 0.620208 0.592003 0.592003 0.620208 0.549792 0.095087 0.090051 0.095087 0.909949 0.904913 0.090051 0.904913 0.909949 0.085954 0.095087 0.085954 0.904913 0.914046 0.095087 0.914046 0.904913 0.085096 0.085096 0.085096 0.914904 0.914904 0.085096 0.914904 0.914904 0.630112 0.500000 0.615931 0.440930 0.576478 0.394737 0.520354 0.371490 0.459793 0.376256 0.407997 0.407997 0.376256 0.459793 0.371490 0.520354 0.394737 0.576478 0.440930 0.615931 0.500000 0.630112 0.549792 0.620208 0.592003 0.592003 0.620208 0.549792 0.909493 0.500000 0.862588 0.690301 0.732619 0.837007 0.549359 0.906508 0.354792 0.882883 0.193490 0.771544 0.102406 0.597998 0.102406 0.402002 0.193490 0.228456 0.354792 0.117117 0.549359 0.093492 0.732619 0.162993 0.862588 0.309699 0.000000 0.093175 0.000000 0.906825 0.750000 0.093175 1.000000 0.093175 1.000000 0.906825 0.075000 0.093175 0.150000 0.093175 0.225000 0.093175 0.300000 0.093175 0.375000 0.093175 0.450000 0.093175 0.525000 0.093175 0.600000 0.093175 0.675000 0.093175 0.812500 0.093175 0.875000 0.093175 0.937500 0.093175 0.923077 0.906825 0.846154 0.906825 0.769231 0.906825 0.692308 0.906825 0.615385 0.906825 0.538462 0.906825 0.461538 0.906825 0.384615 0.906825 0.307692 0.906825 0.230769 0.906825 0.153846 0.906825 0.076923 0.906825 0.000000 0.087046 0.000000 0.912954 0.250000 0.087046 1.000000 0.087046 1.000000 0.912954 0.062500 0.087046 0.125000 0.087046 0.187500 0.087046 0.325000 0.087046 0.400000 0.087046 0.475000 0.087046 0.550000 0.087046 0.625000 0.087046 0.700000 0.087046 0.775000 0.087046 0.850000 0.087046 0.925000 0.087046 0.923077 0.912954 0.846154 0.912954 0.769231 0.912954 0.692308 0.912954 0.615385 0.912954 0.538462 0.912954 0.461538 0.912954 0.384615 0.912954 0.307692 0.912954 0.230769 0.912954 0.153846 0.912954 0.076923 0.912954 0.085090 0.085090 0.085090 0.914910 0.914910 0.085090 0.914910 0.914910 0.116864 0.085090 0.116864 0.914910 0.883136 0.086539 0.883136 0.913461 0.116864 0.085090 0.116864 0.914910 0.883136 0.086539 0.883136 0.913461 0.883136 0.085090 0.883136 0.914910 0.116864 0.913461 0.116864 0.086539 0.883136 0.085090 0.883136 0.914910 0.116864 0.086539 0.116864 0.913461 0.085954 0.090051 0.085954 0.909949 0.914046 0.090051 0.914046 0.909949 0.095087 0.090051 0.095087 0.909949 0.904913 0.090051 0.904913 0.909949 0.764176 0.207157 0.764176 0.248420 0.084867 0.913010 0.084867 0.086990 0.764176 0.862159 0.471318 0.864769 0.697754 0.249604 0.697754 0.750126 0.139212 0.870692 0.764176 0.751311 0.471318 0.135231 0.764176 0.137841 0.139212 0.129308 0.139212 0.912040 0.139212 0.087960 0.764176 0.916145 0.764176 0.741467 0.839654 0.792843 0.839654 0.916145 0.915133 0.792843 0.915133 0.741467 0.764176 0.083855 0.839654 0.083855 0.839654 0.207157 0.084178 0.093550 0.084178 0.906450 0.915822 0.906450 0.146400 0.098820 0.915822 0.098820 0.146400 0.093550 0.856920 0.435072 0.856920 0.915822 0.143080 0.915822 0.143080 0.435072 0.184769 0.129172 0.184769 0.084178 0.815231 0.084178 0.815231 0.129172 0.840395 0.136140 0.863407 0.156448 0.882298 0.188358 0.895452 0.229141 0.901744 0.275309 0.900636 0.322913 0.892222 0.367879 0.877223 0.406363 0.122777 0.406363 0.107778 0.367879 0.099364 0.322913 0.098256 0.275309 0.104548 0.229141 0.117702 0.188358 0.136593 0.156448 0.159605 0.136140 0.186989 0.292089 0.183175 0.263103 0.172606 0.240757 0.157704 0.230171 0.141882 0.233769 0.128765 0.250728 0.121359 0.277162 0.121359 0.307016 0.128765 0.333450 0.141882 0.350409 0.157704 0.354008 0.172606 0.343421 0.183175 0.321075 0.879609 0.292089 0.875795 0.263103 0.865226 0.240757 0.850324 0.230171 0.834502 0.233769 0.821385 0.250728 0.813978 0.277162 0.813978 0.307016 0.821385 0.333450 0.834502 0.350409 0.850324 0.354008 0.865226 0.343421 0.875795 0.321075 0.912239 0.915822 0.912239 0.084178 0.087761 0.084178 0.087761 0.915822 0.084201 0.915822 0.915799 0.084178 0.915799 0.915822 0.084201 0.145442 0.084648 0.145442 0.084648 0.084178 0.087334 0.915822 0.912666 0.915822 0.912666 0.084178 0.312424 0.084178 0.312424 0.133509 0.773711 0.138724 0.773711 0.174421 0.162364 0.180850 0.468028 0.177590 0.162364 0.403328 0.773711 0.409757 0.468028 0.406588 0.773711 0.445455 0.087334 0.453152 0.430533 0.449350 0.102595 0.915822 0.897405 0.915822 0.897405 0.084178 0.102595 0.084178 0.087761 0.084178 0.087761 0.915822 0.912239 0.915822 0.912239 0.084178 0.102595 0.915755 0.897405 0.084245 0.897405 0.915755 0.102595 0.085280 0.087334 0.915822 0.912666 0.915822 0.912666 0.453152 0.226289 0.445455 0.569467 0.449350 0.226289 0.409757 0.837636 0.403328 0.531972 0.406588 0.837636 0.180850 0.226289 0.174421 0.531972 0.177590 0.226289 0.138724 0.687576 0.133509 0.687576 0.084178 0.087334 0.084178 0.084790 0.093594 0.882429 0.906406 0.084790 0.906406 0.915210 0.093594 0.892525 0.487405 0.106636 0.084790 0.106636 0.915210 0.893364 0.915210 0.893364 0.086400 0.084790 0.093594 0.084790 0.906406 0.915210 0.906406 0.882429 0.093594 0.892525 0.512595 0.106636 0.915210 0.893364 0.084790 0.893364 0.915210 0.106636 0.086400 0.084178 0.908762 0.915822 0.091238 0.915822 0.908762 0.084178 0.091238 0.084178 0.123283 0.084178 0.876717 0.915822 0.123283 0.915822 0.876717 0.084178 0.086831 0.084178 0.913168 0.915822 0.086831 0.915822 0.913168 0.583164 0.241770 0.583164 0.482785 0.850122 0.482785 0.850122 0.241770 0.084178 0.099605 0.084178 0.900395 0.915822 0.099605 0.915822 0.900395 0.099605 0.084178 0.900395 0.084178 0.900395 0.915822 0.099605 0.915822 0.084178 0.091631 0.084178 0.908369 0.915822 0.091631 0.915822 0.908369 0.091631 0.084178 0.091631 0.915822 0.908369 0.084178 0.908369 0.915822 0.084178 0.091238 0.084178 0.908762 0.915822 0.091238 0.915822 0.908762 0.084178 0.086831 0.084178 0.913168 0.915822 0.086831 0.915822 0.913168 0.084178 0.099605 0.084178 0.900395 0.915822 0.099605 0.915822 0.900395 0.084178 0.099605 0.084178 0.900395 0.915822 0.099605 0.915822 0.900395 0.901195 0.910854 0.098805 0.910854 0.115026 0.634197 0.181928 0.386791 0.290704 0.201208 0.427033 0.101878 0.572967 0.101878 0.709296 0.201208 0.818072 0.386791 0.884974 0.634197 0.500000 0.902166 0.566574 0.876905 0.623012 0.804968 0.660723 0.697307 0.673966 0.570312 0.655005 0.419654 0.602254 0.301838 0.527214 0.242545 0.446242 0.254701 0.376988 0.335657 0.334549 0.467764 0.328176 0.622226 0.359259 0.765371 0.421021 0.865996 0.098805 0.089146 0.901195 0.089146 0.884974 0.365803 0.818072 0.613209 0.709296 0.798792 0.572967 0.898122 0.427033 0.898122 0.290704 0.798792 0.181928 0.613209 0.115026 0.365803 0.500000 0.761541 0.566574 0.736280 0.623012 0.664343 0.660723 0.556682 0.673966 0.429688 0.655005 0.279029 0.602254 0.161213 0.527214 0.101920 0.446242 0.114076 0.376988 0.195032 0.334549 0.327139 0.328176 0.481601 0.359259 0.624746 0.421021 0.725371 0.098396 0.097664 0.098396 0.902336 0.901604 0.097664 0.901604 0.860799 0.499998 0.881532 0.500000 0.908844 0.998325 0.855606 0.994334 0.877848 0.990536 0.900091 0.506994 0.885503 0.501675 0.855606 0.921358 0.900091 0.920442 0.908844 0.672831 0.885503 0.631372 0.885503 0.589913 0.885503 0.548453 0.885503 0.955947 0.900091 0.873726 0.908844 0.827010 0.908844 0.780294 0.908844 0.733579 0.908844 0.686863 0.908844 0.640147 0.908844 0.593431 0.908844 0.546716 0.908844 0.501613 0.895228 0.544525 0.895228 0.587436 0.895228 0.630348 0.895228 0.673259 0.895228 0.500800 0.902036 0.504469 0.856028 0.533499 0.860406 0.564118 0.864883 0.595861 0.869184 0.628129 0.873022 0.660259 0.876148 0.691625 0.878381 0.721679 0.879664 0.750000 0.880062 0.778321 0.879664 0.808375 0.878381 0.839741 0.876148 0.871871 0.873022 0.904139 0.869184 0.935882 0.864883 0.966501 0.860406 0.995531 0.856028 0.500000 0.908844 0.498325 0.855606 0.493006 0.885503 0.009464 0.900091 0.005667 0.877848 0.001675 0.855606 0.079558 0.908844 0.078642 0.900091 0.498387 0.895228 0.499200 0.902036 0.451547 0.885503 0.410087 0.885503 0.368628 0.885503 0.327169 0.885503 0.326741 0.895228 0.369652 0.895228 0.412564 0.895228 0.455475 0.895228 0.453284 0.908844 0.406569 0.908844 0.359853 0.908844 0.313137 0.908844 0.266421 0.908844 0.219706 0.908844 0.172990 0.908844 0.126274 0.908844 0.044053 0.900091 0.004469 0.856028 0.033499 0.860406 0.064118 0.864883 0.095861 0.869184 0.128129 0.873022 0.160259 0.876148 0.191625 0.878381 0.221679 0.879664 0.250000 0.880062 0.278321 0.879664 0.308374 0.878381 0.339741 0.876148 0.371871 0.873022 0.404139 0.869184 0.435882 0.864883 0.466501 0.860406 0.495531 0.856028 0.088646 0.182117 0.088646 0.914320 0.088646 0.817883 0.150278 0.819449 0.263693 0.814116 0.379706 0.797020 0.491346 0.767377 0.591007 0.725885 0.671965 0.674806 0.729801 0.617588 0.763158 0.558128 0.773563 0.500000 0.763158 0.441872 0.729801 0.382412 0.671965 0.325194 0.591007 0.274115 0.491346 0.232623 0.379706 0.202980 0.263693 0.185884 0.150278 0.180551 0.088646 0.085680 0.102839 0.085616 0.249959 0.092534 0.400449 0.114711 0.545267 0.153162 0.674546 0.206986 0.779563 0.273245 0.854587 0.347467 0.897856 0.424597 0.911354 0.500000 0.897856 0.575403 0.854587 0.652533 0.779563 0.726755 0.674546 0.793014 0.545267 0.846838 0.400449 0.885289 0.249959 0.907466 0.102839 0.914384 0.098396 0.097664 0.901604 0.097664 0.901604 0.902336 0.098396 0.860799 0.500002 0.881532 0.911354 0.817883 0.911354 0.085680 0.911354 0.182117 0.849722 0.180551 0.736307 0.185884 0.620294 0.202980 0.508654 0.232623 0.408993 0.274115 0.328035 0.325194 0.270199 0.382412 0.236842 0.441872 0.226437 0.500000 0.236842 0.558128 0.270199 0.617588 0.328035 0.674806 0.408993 0.725885 0.508654 0.767377 0.620294 0.797020 0.736307 0.814116 0.849722 0.819449 0.911354 0.914320 0.897161 0.914384 0.750041 0.907466 0.599551 0.885289 0.454733 0.846838 0.325454 0.793014 0.220437 0.726755 0.145413 0.652533 0.102144 0.575403 0.088646 0.500000 0.102144 0.424597 0.145413 0.347467 0.220437 0.273245 0.325454 0.206986 0.454733 0.153162 0.599551 0.114711 0.750041 0.092534 0.897161 0.085616 0.104424 0.088525 0.895576 0.911475 0.104424 0.908833 0.895576 0.088525 0.911475 0.088543 0.911475 0.911457 0.608347 0.088543 0.088525 0.911457 0.295449 0.764751 0.457736 0.569517 0.564435 0.338928 0.911458 0.088283 0.911458 0.911717 0.088542 0.911717 0.305425 0.765500 0.473492 0.569661 0.580599 0.338351 0.619007 0.088283 0.104424 0.911475 0.104424 0.088525 0.895576 0.088525 0.895576 0.908833 0.088525 0.088543 0.088525 0.911457 0.391653 0.911457 0.911475 0.088543 0.704551 0.235249 0.542264 0.430483 0.435565 0.661072 0.088542 0.088283 0.380993 0.911717 0.911458 0.088283 0.694575 0.234500 0.526508 0.430339 0.419401 0.661649 0.088542 0.911717 0.229796 0.908752 0.770204 0.908752 0.234113 0.881545 0.238693 0.854340 0.761307 0.854340 0.765887 0.881545 0.754470 0.906235 0.725288 0.901602 0.694192 0.896863 0.661624 0.892305 0.628197 0.888240 0.594630 0.884940 0.561660 0.882582 0.529947 0.881220 0.500000 0.880793 0.470053 0.881220 0.438340 0.882582 0.405370 0.884940 0.371803 0.888240 0.338376 0.892305 0.305808 0.896863 0.274712 0.901602 0.245530 0.906235 0.296761 0.854340 0.354830 0.854340 0.412898 0.854340 0.470966 0.854340 0.529034 0.854340 0.587102 0.854340 0.645170 0.854340 0.703239 0.854340 0.770204 0.911535 0.229796 0.911535 0.234113 0.499987 0.238693 0.088465 0.761307 0.088465 0.765887 0.499987 0.754470 0.873466 0.725291 0.803378 0.694193 0.731706 0.661619 0.662823 0.628192 0.601331 0.594631 0.551322 0.561663 0.515601 0.529947 0.495020 0.500000 0.488606 0.470053 0.495020 0.438337 0.515601 0.405369 0.551322 0.371808 0.601331 0.338381 0.662823 0.305807 0.731706 0.274709 0.803378 0.245530 0.873466 0.296761 0.088465 0.354830 0.088465 0.412898 0.088465 0.470966 0.088465 0.529034 0.088465 0.587102 0.088465 0.645170 0.088465 0.703239 0.088465 0.102174 0.742528 0.897826 0.257472 0.897826 0.347297 0.102174 0.652703 0.102595 0.094350 0.102595 0.905650 0.897405 0.905650 0.897405 0.106844 0.235824 0.769281 0.235824 0.731091 0.915133 0.164580 0.915133 0.835420 0.235824 0.166980 0.528682 0.164580 0.302246 0.730001 0.302246 0.269999 0.770214 0.160619 0.235824 0.268909 0.528682 0.835420 0.235824 0.833020 0.770214 0.839381 0.235824 0.117338 0.235824 0.277961 0.160346 0.230719 0.160346 0.117338 0.084867 0.230719 0.084867 0.277961 0.235824 0.882662 0.160346 0.882662 0.160346 0.769281 0.830597 0.163656 0.830597 0.836344 0.830597 0.916187 0.770214 0.915196 0.770214 0.084804 0.830597 0.083813 0.909493 0.500000 0.862588 0.690301 0.732619 0.837007 0.549359 0.906508 0.354792 0.882883 0.193490 0.771544 0.102406 0.597998 0.102406 0.402002 0.193490 0.228456 0.354792 0.117117 0.549359 0.093492 0.732619 0.162993 0.862588 0.309699 0.000000 0.093175 0.000000 0.906825 0.750000 0.093175 1.000000 0.093175 1.000000 0.906825 0.923077 0.906825 0.846154 0.906825 0.769231 0.906825 0.692308 0.906825 0.615385 0.906825 0.538462 0.906825 0.461538 0.906825 0.384615 0.906825 0.307692 0.906825 0.230769 0.906825 0.153846 0.906825 0.076923 0.906825 0.075000 0.093175 0.150000 0.093175 0.225000 0.093175 0.300000 0.093175 0.375000 0.093175 0.450000 0.093175 0.525000 0.093175 0.600000 0.093175 0.675000 0.093175 0.812500 0.093175 0.875000 0.093175 0.937500 0.093175 0.000000 0.087046 0.000000 0.912954 0.250000 0.087046 1.000000 0.087046 1.000000 0.912954 0.923077 0.912954 0.846154 0.912954 0.769231 0.912954 0.692308 0.912954 0.615385 0.912954 0.538462 0.912954 0.461538 0.912954 0.384615 0.912954 0.307692 0.912954 0.230769 0.912954 0.153846 0.912954 0.076923 0.912954 0.062500 0.087046 0.125000 0.087046 0.187500 0.087046 0.325000 0.087046 0.400000 0.087046 0.475000 0.087046 0.550000 0.087046 0.625000 0.087046 0.700000 0.087046 0.775000 0.087046 0.850000 0.087046 0.925000 0.087046 0.085090 0.085090 0.085090 0.914910 0.914910 0.085090 0.914910 0.914910 0.116864 0.085090 0.116864 0.914910 0.883136 0.086539 0.883136 0.913461 0.116864 0.085090 0.116864 0.914910 0.883136 0.086539 0.883136 0.913461 0.883136 0.085090 0.883136 0.914910 0.116864 0.913461 0.116864 0.086539 0.883136 0.085090 0.883136 0.914910 0.116864 0.086539 0.116864 0.913461 0.085954 0.090051 0.085954 0.909949 0.914046 0.090051 0.914046 0.909949 0.085096 0.085096 0.085096 0.914904 0.914904 0.085096 0.914904 0.914904 0.630112 0.500000 0.615931 0.440930 0.576478 0.394737 0.520354 0.371490 0.459793 0.376256 0.407997 0.407997 0.376256 0.459793 0.371490 0.520354 0.394737 0.576478 0.440930 0.615931 0.500000 0.630112 0.549792 0.620208 0.592003 0.592003 0.620208 0.549792 0.095087 0.090051 0.095087 0.909949 0.904913 0.090051 0.904913 0.909949 0.085954 0.095087 0.085954 0.904913 0.914046 0.095087 0.914046 0.904913 0.085096 0.085096 0.085096 0.914904 0.914904 0.085096 0.914904 0.914904 0.630112 0.500000 0.615931 0.440930 0.576478 0.394737 0.520354 0.371490 0.459793 0.376256 0.407997 0.407997 0.376256 0.459793 0.371490 0.520354 0.394737 0.576478 0.440930 0.615931 0.500000 0.630112 0.549792 0.620208 0.592003 0.592003 0.620208 0.549792 0.909493 0.500000 0.862588 0.690301 0.732619 0.837007 0.549359 0.906508 0.354792 0.882883 0.193490 0.771544 0.102406 0.597998 0.102406 0.402002 0.193490 0.228456 0.354792 0.117117 0.549359 0.093492 0.732619 0.162993 0.862588 0.309699 0.000000 0.093175 0.000000 0.906825 0.750000 0.093175 1.000000 0.093175 1.000000 0.906825 0.075000 0.093175 0.150000 0.093175 0.225000 0.093175 0.300000 0.093175 0.375000 0.093175 0.450000 0.093175 0.525000 0.093175 0.600000 0.093175 0.675000 0.093175 0.812500 0.093175 0.875000 0.093175 0.937500 0.093175 0.923077 0.906825 0.846154 0.906825 0.769231 0.906825 0.692308 0.906825 0.615385 0.906825 0.538462 0.906825 0.461538 0.906825 0.384615 0.906825 0.307692 0.906825 0.230769 0.906825 0.153846 0.906825 0.076923 0.906825 0.000000 0.087046 0.000000 0.912954 0.250000 0.087046 1.000000 0.087046 1.000000 0.912954 0.062500 0.087046 0.125000 0.087046 0.187500 0.087046 0.325000 0.087046 0.400000 0.087046 0.475000 0.087046 0.550000 0.087046 0.625000 0.087046 0.700000 0.087046 0.775000 0.087046 0.850000 0.087046 0.925000 0.087046 0.923077 0.912954 0.846154 0.912954 0.769231 0.912954 0.692308 0.912954 0.615385 0.912954 0.538462 0.912954 0.461538 0.912954 0.384615 0.912954 0.307692 0.912954 0.230769 0.912954 0.153846 0.912954 0.076923 0.912954 0.085090 0.085090 0.085090 0.914910 0.914910 0.085090 0.914910 0.914910 0.116864 0.085090 0.116864 0.914910 0.883136 0.086539 0.883136 0.913461 0.116864 0.085090 0.116864 0.914910 0.883136 0.086539 0.883136 0.913461 0.883136 0.085090 0.883136 0.914910 0.116864 0.913461 0.116864 0.086539 0.883136 0.085090 0.883136 0.914910 0.116864 0.086539 0.116864 0.913461 0.085954 0.090051 0.085954 0.909949 0.914046 0.090051 0.914046 0.909949 0.095087 0.090051 0.095087 0.909949 0.904913 0.090051 0.904913 0.909949 0.764176 0.207157 0.764176 0.248420 0.084867 0.913010 0.084867 0.086990 0.764176 0.862159 0.471318 0.864769 0.697754 0.249604 0.697754 0.750126 0.139212 0.870692 0.764176 0.751311 0.471318 0.135231 0.764176 0.137841 0.139212 0.129308 0.139212 0.912040 0.139212 0.087960 0.764176 0.916145 0.764176 0.741467 0.839654 0.792843 0.839654 0.916145 0.915133 0.792843 0.915133 0.741467 0.764176 0.083855 0.839654 0.083855 0.839654 0.207157</float_array>
          <technique_common>
            <accessor count="1928" offset="0" source="#lib-map1-array-a2bb1ed8-3f30-4347-a0af-a6ce1ebe0f34" stride="2">
              <param name="S" type="float" />
              <param name="T" type="float" />
            </accessor>
          </technique_common>
        </source>
        <vertices id="lib-vertices-a2bb1ed8-3f30-4347-a0af-a6ce1ebe0f34">
          <input semantic="POSITION" source="#lib-position-a2bb1ed8-3f30-4347-a0af-a6ce1ebe0f34" />
        </vertices>
        <triangles count="1628" material="material-a0000000-0000-0000-0000-000000000000">
          <input offset="0" semantic="VERTEX" source="#lib-vertices-a2bb1ed8-3f30-4347-a0af-a6ce1ebe0f34" />
          <input offset="1" semantic="NORMAL" source="#lib-normal-a2bb1ed8-3f30-4347-a0af-a6ce1ebe0f34" />
          <input offset="2" semantic="TEXCOORD" source="#lib-map1-a2bb1ed8-3f30-4347-a0af-a6ce1ebe0f34" />
          <p>1 1 1 0 0 0 2 2 2 5 5 5 4 4 4 6 6 6 9 9 9 11 11 11 10 10 10 27 27 27 12 12 12 26 26 26 25 25 25 26 26 26 12 12 12 16 16 16 12 12 12 27 27 27 50 50 50 17 17 17 18 18 18 51 51 51 16 16 16 17 17 17 40 40 40 12 12 12 16 16 16 12 12 12 24 24 24 25 25 25 12 12 12 23 23 23 24 24 24 48 48 48 19 19 19 20 20 20 46 46 46 21 21 21 22 22 22 47 47 47 20 20 20 21 21 21 22 22 22 23 23 23 12 12 12 22 22 22 12 12 12 14 14 14 49 49 49 18 18 18 19 19 19 16 16 16 51 51 51 40 40 40 17 17 17 50 50 50 51 51 51 42 42 42 13 13 13 41 41 41 40 40 40 41 41 41 13 13 13 43 43 43 13 13 13 42 42 42 12 12 12 40 40 40 13 13 13 19 19 19 48 48 48 49 49 49 20 20 20 47 47 47 48 48 48 13 13 13 43 43 43 44 44 44 13 13 13 45 45 45 46 46 46 13 13 13 44 44 44 45 45 45 46 46 46 47 47 47 21 21 21 49 49 49 50 50 50 18 18 18 52 52 52 13 13 13 46 46 46 46 46 46 22 22 22 28 28 28 14 14 14 38 38 38 39 39 39 14 14 14 37 37 37 38 38 38 62 62 62 29 29 29 30 30 30 63 63 63 28 28 28 29 29 29 14 14 14 39 39 39 28 28 28 35 35 35 36 36 36 14 14 14 34 34 34 35 35 35 14 14 14 60 60 60 31 31 31 32 32 32 58 58 58 33 33 33 34 34 34 59 59 59 32 32 32 33 33 33 14 14 14 15 15 15 34 34 34 14 14 14 36 36 36 37 37 37 14 14 14 28 28 28 22 22 22 61 61 61 30 30 30 31 31 31 29 29 29 62 62 62 63 63 63 30 30 30 61 61 61 62 62 62 15 15 15 53 53 53 54 54 54 15 15 15 52 52 52 53 53 53 28 28 28 63 63 63 52 52 52 32 32 32 59 59 59 60 60 60 33 33 33 58 58 58 59 59 59 15 15 15 55 55 55 56 56 56 56 56 56 57 57 57 15 15 15 58 58 58 15 15 15 57 57 57 54 54 54 55 55 55 15 15 15 60 60 60 61 61 61 31 31 31 13 13 13 52 52 52 15 15 15 65 65 65 67 67 67 66 66 66 69 69 69 68 68 68 70 70 70 73 73 73 75 75 75 74 74 74 77 77 77 76 76 76 78 78 78 81 81 81 83 83 83 82 82 82 85 85 85 87 87 87 86 86 86 89 89 89 88 88 88 90 90 90 93 93 93 95 95 95 94 94 94 97 97 97 96 96 96 98 98 98 101 101 101 100 100 100 102 102 102 105 105 105 104 104 104 106 106 106 109 109 109 108 108 108 110 110 110 113 113 113 112 112 112 114 114 114 117 117 117 116 116 116 118 118 118 121 121 121 120 120 120 122 122 122 125 125 125 124 124 124 126 126 126 129 129 129 128 128 128 130 130 130 133 133 133 132 132 132 134 134 134 137 137 137 136 136 136 138 138 138 141 141 141 140 140 140 142 142 142 156 156 156 158 158 158 147 147 147 146 146 146 152 152 152 156 156 156 150 150 150 154 154 154 151 151 151 155 155 155 154 154 154 150 150 150 154 154 154 156 156 156 152 152 152 157 157 157 152 152 152 146 146 146 148 148 148 151 151 151 149 149 149 151 151 151 148 148 148 153 153 153 155 155 155 150 150 150 144 144 144 166 166 166 165 165 165 155 155 155 167 167 167 155 155 155 144 144 144 145 145 145 144 144 144 150 150 150 166 166 166 155 155 155 167 167 167 148 148 148 162 162 162 161 161 161 161 161 161 153 153 153 148 148 148 161 161 161 160 160 160 153 153 153 159 159 159 162 162 162 148 148 148 164 164 164 161 161 161 163 163 163 160 160 160 161 161 161 164 164 164 170 170 170 168 168 168 169 169 169 172 172 172 170 170 170 171 171 171 176 176 176 174 174 174 175 175 175 178 178 178 176 176 176 177 177 177 174 174 174 172 172 172 173 173 173 180 180 180 178 178 178 179 179 179 184 184 184 182 182 182 183 183 183 186 186 186 184 184 184 185 185 185 190 190 190 188 188 188 189 189 189 192 192 192 190 190 190 191 191 191 188 188 188 186 186 186 187 187 187 182 182 182 180 180 180 181 181 181 196 196 196 194 194 194 195 195 195 198 198 198 196 196 196 197 197 197 202 202 202 200 200 200 201 201 201 204 204 204 202 202 202 203 203 203 200 200 200 198 198 198 199 199 199 206 206 206 204 204 204 205 205 205 210 210 210 208 208 208 209 209 209 212 212 212 210 210 210 211 211 211 216 216 216 214 214 214 215 215 215 218 218 218 216 216 216 217 217 217 214 214 214 212 212 212 213 213 213 208 208 208 206 206 206 207 207 207 226 226 226 225 225 225 224 224 224 228 228 228 224 224 224 222 222 222 223 223 223 222 222 222 224 224 224 230 230 230 222 222 222 221 221 221 226 226 226 224 224 224 227 227 227 222 222 222 230 230 230 228 228 228 229 229 229 228 228 228 230 230 230 231 231 231 230 230 230 220 220 220 230 230 230 221 221 221 220 220 220 227 227 227 224 224 224 228 228 228 238 238 238 237 237 237 236 236 236 240 240 240 236 236 236 234 234 234 235 235 235 234 234 234 236 236 236 242 242 242 234 234 234 233 233 233 238 238 238 236 236 236 240 240 240 234 234 234 242 242 242 240 240 240 241 241 241 240 240 240 242 242 242 243 243 243 242 242 242 232 232 232 242 242 242 233 233 233 232 232 232 239 239 239 238 238 238 240 240 240 246 246 246 244 244 244 245 245 245 248 248 248 246 246 246 247 247 247 252 252 252 250 250 250 251 251 251 254 254 254 252 252 252 253 253 253 250 250 250 248 248 248 249 249 249 256 256 256 254 254 254 255 255 255 260 260 260 258 258 258 259 259 259 262 262 262 260 260 260 261 261 261 266 266 266 264 264 264 265 265 265 268 268 268 266 266 266 267 267 267 264 264 264 262 262 262 263 263 263 258 258 258 256 256 256 257 257 257 272 272 272 270 270 270 271 271 271 274 274 274 272 272 272 273 273 273 278 278 278 276 276 276 277 277 277 280 280 280 278 278 278 279 279 279 276 276 276 274 274 274 275 275 275 282 282 282 280 280 280 281 281 281 286 286 286 284 284 284 285 285 285 288 288 288 286 286 286 287 287 287 292 292 292 290 290 290 291 291 291 294 294 294 292 292 292 293 293 293 290 290 290 288 288 288 289 289 289 284 284 284 282 282 282 283 283 283 302 302 302 301 301 301 300 300 300 304 304 304 300 300 300 298 298 298 299 299 299 298 298 298 300 300 300 304 304 304 298 298 298 297 297 297 302 302 302 300 300 300 303 303 303 297 297 297 306 306 306 304 304 304 305 305 305 304 304 304 306 306 306 307 307 307 306 306 306 296 296 296 306 306 306 297 297 297 296 296 296 303 303 303 300 300 300 304 304 304 314 314 314 313 313 313 312 312 312 316 316 316 312 312 312 310 310 310 311 311 311 310 310 310 312 312 312 308 308 308 310 310 310 309 309 309 314 314 314 312 312 312 316 316 316 310 310 310 318 318 318 316 316 316 317 317 317 316 316 316 318 318 318 319 319 319 318 318 318 308 308 308 318 318 318 310 310 310 308 308 308 315 315 315 314 314 314 316 316 316 332 332 332 323 323 323 334 334 334 332 332 332 328 328 328 322 322 322 326 326 326 327 327 327 330 330 330 331 331 331 326 326 326 330 330 330 328 328 328 332 332 332 330 330 330 333 333 333 322 322 322 328 328 328 324 324 324 325 325 325 327 327 327 327 327 327 329 329 329 324 324 324 331 331 331 320 320 320 326 326 326 342 342 342 331 331 331 341 341 341 343 343 343 320 320 320 331 331 331 321 321 321 326 326 326 320 320 320 342 342 342 343 343 343 331 331 331 324 324 324 337 337 337 338 338 338 337 337 337 324 324 324 329 329 329 337 337 337 329 329 329 336 336 336 335 335 335 324 324 324 338 338 338 340 340 340 339 339 339 337 337 337 336 336 336 340 340 340 337 337 337 347 347 347 345 345 345 344 344 344 349 349 349 347 347 347 344 344 344 347 347 347 348 348 348 346 346 346 371 371 371 378 378 378 370 370 370 371 371 371 377 377 377 378 378 378 369 369 369 370 370 370 379 379 379 378 378 378 379 379 379 370 370 370 379 379 379 380 380 380 369 369 369 377 377 377 371 371 371 372 372 372 354 354 354 357 357 357 375 375 375 377 377 377 373 373 373 354 354 354 354 354 354 376 376 376 377 377 377 354 354 354 375 375 375 376 376 376 374 374 374 375 375 375 393 393 393 372 372 372 373 373 373 377 377 377 368 368 368 369 369 369 381 381 381 380 380 380 381 381 381 369 369 369 382 382 382 368 368 368 381 381 381 383 383 383 366 366 366 367 367 367 368 368 368 382 382 382 367 367 367 382 382 382 383 383 383 367 367 367 385 385 385 386 386 386 395 395 395 395 395 395 353 353 353 385 385 385 353 353 353 366 366 366 384 384 384 353 353 353 350 350 350 351 351 351 384 384 384 385 385 385 353 353 353 384 384 384 366 366 366 383 383 383 394 394 394 386 386 386 374 374 374 354 354 354 355 355 355 356 356 356 391 391 391 357 357 357 358 358 358 375 375 375 357 357 357 393 393 393 357 357 357 391 391 391 392 392 392 391 391 391 359 359 359 390 390 390 359 359 359 391 391 391 358 358 358 393 393 393 357 357 357 392 392 392 389 389 389 390 390 390 360 360 360 361 361 361 389 389 389 360 360 360 389 389 389 361 361 361 388 388 388 362 362 362 388 388 388 361 361 361 359 359 359 360 360 360 390 390 390 362 362 362 387 387 387 388 388 388 395 395 395 350 350 350 353 353 353 374 374 374 393 393 393 394 394 394 350 350 350 396 396 396 397 397 397 365 365 365 350 350 350 397 397 397 395 395 395 396 396 396 350 350 350 363 363 363 399 399 399 387 387 387 362 362 362 363 363 363 387 387 387 398 398 398 399 399 399 363 363 363 364 364 364 397 397 397 398 398 398 364 364 364 365 365 365 397 397 397 364 364 364 398 398 398 363 363 363 394 394 394 395 395 395 386 386 386 403 403 403 400 400 400 401 401 401 408 408 408 404 404 404 407 407 407 406 406 406 408 408 408 405 405 405 409 409 409 405 405 405 408 408 408 404 404 404 408 408 408 406 406 406 424 424 424 423 423 423 410 410 410 419 419 419 421 421 421 418 418 418 411 411 411 424 424 424 410 410 410 414 414 414 415 415 415 413 413 413 420 420 420 412 412 412 416 416 416 415 415 415 416 416 416 412 412 412 415 415 415 412 412 412 413 413 413 420 420 420 416 416 416 418 418 418 418 418 418 421 421 421 420 420 420 422 422 422 424 424 424 411 411 411 412 412 412 420 420 420 422 422 422 422 422 422 411 411 411 412 412 412 425 425 425 428 428 428 427 427 427 430 430 430 431 431 431 432 432 432 433 433 433 436 436 436 435 435 435 446 446 446 448 448 448 451 451 451 449 449 449 450 450 450 448 448 448 442 442 442 446 446 446 451 451 451 437 437 437 440 440 440 451 451 451 442 442 442 451 451 451 440 440 440 441 441 441 440 440 440 437 437 437 447 447 447 446 446 446 442 442 442 442 442 442 444 444 444 447 447 447 450 450 450 451 451 451 448 448 448 445 445 445 447 447 447 443 443 443 437 437 437 438 438 438 441 441 441 447 447 447 444 444 444 443 443 443 441 441 441 438 438 438 439 439 439 456 456 456 452 452 452 454 454 454 454 454 454 453 453 453 456 456 456 452 452 452 456 456 456 455 455 455 458 458 458 457 457 457 460 460 460 465 465 465 461 461 461 462 462 462 462 462 462 463 463 463 465 465 465 461 461 461 465 465 465 464 464 464 466 466 466 469 469 469 468 468 468 470 470 470 473 473 473 471 471 471 475 475 475 474 474 474 476 476 476 483 483 483 478 478 478 482 482 482 480 480 480 482 482 482 478 478 478 481 481 481 479 479 479 483 483 483 478 478 478 483 483 483 479 479 479 484 484 484 485 485 485 480 480 480 482 482 482 480 480 480 485 485 485 483 483 483 484 484 484 481 481 481 480 480 480 481 481 481 484 484 484 487 487 487 486 486 486 488 488 488 493 493 493 490 490 490 491 491 491 495 495 495 494 494 494 496 496 496 499 499 499 498 498 498 500 500 500 503 503 503 502 502 502 504 504 504 507 507 507 506 506 506 508 508 508 511 511 511 510 510 510 512 512 512 515 515 515 514 514 514 516 516 516 537 537 537 538 538 538 521 521 521 522 522 522 537 537 537 521 521 521 520 520 520 521 521 521 538 538 538 537 537 537 522 522 522 536 536 536 523 523 523 536 536 536 522 522 522 535 535 535 536 536 536 523 523 523 520 520 520 540 540 540 519 519 519 538 538 538 539 539 539 520 520 520 539 539 539 540 540 540 520 520 520 519 519 519 541 541 541 528 528 528 519 519 519 540 540 540 541 541 541 518 518 518 519 519 519 528 528 528 525 525 525 534 534 534 535 535 535 523 523 523 524 524 524 535 535 535 524 524 524 525 525 525 535 535 535 526 526 526 533 533 533 525 525 525 534 534 534 525 525 525 533 533 533 532 532 532 533 533 533 526 526 526 518 518 518 530 530 530 531 531 531 518 518 518 529 529 529 530 530 530 531 531 531 527 527 527 518 518 518 526 526 526 527 527 527 532 532 532 532 532 532 527 527 527 531 531 531 528 528 528 529 529 529 518 518 518 563 563 563 551 551 551 562 562 562 542 542 542 562 562 562 551 551 551 550 550 550 551 551 551 563 563 563 542 542 542 561 561 561 562 562 562 542 542 542 560 560 560 561 561 561 560 560 560 542 542 542 559 559 559 549 549 549 550 550 550 564 564 564 563 563 563 564 564 564 550 550 550 565 565 565 549 549 549 564 564 564 548 548 548 565 565 565 552 552 552 547 547 547 548 548 548 552 552 552 549 549 549 565 565 565 548 548 548 543 543 543 558 558 558 559 559 559 543 543 543 557 557 557 558 558 558 556 556 556 557 557 557 544 544 544 543 543 543 544 544 544 557 557 557 545 545 545 556 556 556 544 544 544 543 543 543 559 559 559 542 542 542 546 546 546 547 547 547 553 553 553 554 554 554 546 546 546 553 553 553 553 553 553 547 547 547 552 552 552 554 554 554 545 545 545 546 546 546 556 556 556 545 545 545 555 555 555 555 555 555 545 545 545 554 554 554 570 570 570 567 567 567 566 566 566 569 569 569 570 570 570 568 568 568 566 566 566 568 568 568 570 570 570 575 575 575 576 576 576 598 598 598 582 582 582 575 575 575 599 599 599 598 598 598 599 599 599 575 575 575 600 600 600 582 582 582 599 599 599 580 580 580 601 601 601 602 602 602 581 581 581 600 600 600 601 601 601 581 581 581 601 601 601 580 580 580 603 603 603 580 580 580 602 602 602 580 580 580 603 603 603 579 579 579 594 594 594 595 595 595 590 590 590 582 582 582 600 600 600 581 581 581 591 591 591 597 597 597 593 593 593 593 593 593 597 597 597 592 592 592 591 591 591 571 571 571 597 597 597 593 593 593 594 594 594 591 591 591 588 588 588 589 589 589 596 596 596 596 596 596 579 579 579 604 604 604 579 579 579 603 603 603 604 604 604 610 610 610 584 584 584 609 609 609 588 588 588 604 604 604 605 605 605 585 585 585 608 608 608 609 609 609 573 573 573 614 614 614 572 572 572 573 573 573 613 613 613 614 614 614 612 612 612 577 577 577 611 611 611 612 612 612 613 613 613 583 583 583 584 584 584 610 610 610 611 611 611 574 574 574 613 613 613 573 573 573 586 586 586 606 606 606 607 607 607 587 587 587 588 588 588 605 605 605 606 606 606 586 586 586 587 587 587 607 607 607 608 608 608 586 586 586 606 606 606 587 587 587 605 605 605 578 578 578 611 611 611 577 577 577 583 583 583 577 577 577 612 612 612 586 586 586 608 608 608 585 585 585 578 578 578 584 584 584 611 611 611 585 585 585 609 609 609 584 584 584 583 583 583 613 613 613 574 574 574 596 596 596 604 604 604 588 588 588 619 619 619 620 620 620 642 642 642 643 643 643 618 618 618 619 619 619 642 642 642 643 643 643 619 619 619 643 643 643 644 644 644 641 641 641 646 646 646 640 640 640 645 645 645 645 645 645 622 622 622 644 644 644 636 636 636 651 651 651 652 652 652 648 648 648 639 639 639 647 647 647 647 647 647 640 640 640 646 646 646 641 641 641 618 618 618 643 643 643 622 622 622 645 645 645 621 621 621 621 621 621 645 645 645 640 640 640 641 641 641 644 644 644 622 622 622 638 638 638 639 639 639 648 648 648 647 647 647 639 639 639 640 640 640 650 650 650 638 638 638 649 649 649 650 650 650 637 637 637 638 638 638 651 651 651 637 637 637 650 650 650 637 637 637 651 651 651 636 636 636 648 648 648 649 649 649 638 638 638 636 636 636 652 652 652 629 629 629 654 654 654 655 655 655 627 627 627 627 627 627 628 628 628 653 653 653 652 652 652 653 653 653 628 628 628 654 654 654 627 627 627 653 653 653 627 627 627 655 655 655 626 626 626 658 658 658 617 617 617 657 657 657 625 625 625 657 657 657 617 617 617 625 625 625 626 626 626 656 656 656 655 655 655 656 656 656 626 626 626 657 657 657 625 625 625 656 656 656 617 617 617 658 658 658 616 616 616 629 629 629 630 630 630 635 635 635 634 634 634 635 635 635 630 630 630 633 633 633 634 634 634 631 631 631 624 624 624 632 632 632 623 623 623 624 624 624 633 633 633 632 632 632 633 633 633 624 624 624 615 615 615 652 652 652 628 628 628 629 629 629 659 659 659 679 679 679 680 680 680 680 680 680 678 678 678 659 659 659 678 678 678 680 680 680 681 681 681 677 677 677 681 681 681 682 682 682 677 677 677 682 682 682 676 676 676 682 682 682 675 675 675 676 676 676 683 683 683 675 675 675 682 682 682 678 678 678 681 681 681 677 677 677 696 696 696 661 661 661 662 662 662 660 660 660 661 661 661 696 696 696 695 695 695 696 696 696 662 662 662 695 695 695 662 662 662 663 663 663 694 694 694 663 663 663 664 664 664 665 665 665 694 694 694 664 664 664 695 695 695 663 663 663 694 694 694 694 694 694 665 665 665 693 693 693 674 674 674 675 675 675 683 683 683 673 673 673 674 674 674 684 684 684 683 683 683 684 684 684 674 674 674 673 673 673 685 685 685 672 672 672 685 685 685 673 673 673 684 684 684 672 672 672 686 686 686 671 671 671 670 670 670 671 671 671 687 687 687 686 686 686 687 687 687 671 671 671 688 688 688 670 670 670 687 687 687 685 685 685 686 686 686 672 672 672 691 691 691 692 692 692 667 667 667 692 692 692 693 693 693 666 666 666 666 666 666 693 693 693 665 665 665 667 667 667 692 692 692 666 666 666 691 691 691 667 667 667 668 668 668 669 669 669 670 670 670 689 689 689 688 688 688 689 689 689 670 670 670 668 668 668 690 690 690 691 691 691 689 689 689 690 690 690 669 669 669 669 669 669 690 690 690 668 668 668 701 701 701 700 700 700 697 697 697 699 699 699 701 701 701 698 698 698 697 697 697 698 698 698 701 701 701 733 733 733 712 712 712 732 732 732 731 731 731 732 732 732 713 713 713 711 711 711 733 733 733 734 734 734 710 710 710 735 735 735 709 709 709 736 736 736 709 709 709 735 735 735 711 711 711 712 712 712 733 733 733 710 710 710 711 711 711 734 734 734 710 710 710 734 734 734 735 735 735 712 712 712 713 713 713 732 732 732 730 730 730 713 713 713 714 714 714 730 730 730 714 714 714 729 729 729 715 715 715 728 728 728 729 729 729 715 715 715 729 729 729 714 714 714 731 731 731 713 713 713 730 730 730 728 728 728 716 716 716 727 727 727 726 726 726 727 727 727 717 717 717 716 716 716 717 717 717 727 727 727 717 717 717 718 718 718 726 726 726 715 715 715 716 716 716 728 728 728 737 737 737 708 708 708 736 736 736 737 737 737 706 706 706 707 707 707 706 706 706 737 737 737 738 738 738 707 707 707 708 708 708 737 737 737 704 704 704 739 739 739 703 703 703 738 738 738 739 739 739 705 705 705 704 704 704 705 705 705 739 739 739 706 706 706 738 738 738 705 705 705 720 720 720 725 725 725 719 719 719 718 718 718 719 719 719 725 725 725 724 724 724 725 725 725 720 720 720 726 726 726 718 718 718 725 725 725 723 723 723 721 721 721 702 702 702 724 724 724 721 721 721 723 723 723 722 722 722 723 723 723 702 702 702 720 720 720 721 721 721 724 724 724 736 736 736 708 708 708 709 709 709 742 742 742 740 740 740 743 743 743 745 745 745 749 749 749 748 748 748 745 745 745 748 748 748 747 747 747 750 750 750 744 744 744 746 746 746 749 749 749 745 745 745 750 750 750 744 744 744 750 750 750 745 745 745 752 752 752 754 754 754 755 755 755 752 752 752 753 753 753 754 754 754 756 756 756 757 757 757 751 751 751 755 755 755 756 756 756 752 752 752 751 751 751 752 752 752 756 756 756 758 758 758 759 759 759 761 761 761 764 764 764 763 763 763 768 768 768 762 762 762 768 768 768 763 763 763 762 762 762 765 765 765 766 766 766 762 762 762 767 767 767 768 768 768 762 762 762 766 766 766 767 767 767 770 770 770 774 774 774 775 775 775 769 769 769 775 775 775 774 774 774 769 769 769 772 772 772 771 771 771 769 769 769 774 774 774 773 773 773 769 769 769 773 773 773 772 772 772 779 779 779 778 778 778 798 798 798 779 779 779 797 797 797 799 799 799 801 801 801 800 800 800 794 794 794 790 790 790 802 802 802 791 791 791 792 792 792 802 802 802 801 801 801 800 800 800 799 799 799 795 795 795 792 792 792 791 791 791 802 802 802 799 799 799 797 797 797 796 796 796 778 778 778 776 776 776 798 798 798 779 779 779 798 798 798 797 797 797 801 801 801 793 793 793 792 792 792 800 800 800 795 795 795 794 794 794 801 801 801 794 794 794 793 793 793 795 795 795 799 799 799 796 796 796 788 788 788 803 803 803 789 789 789 803 803 803 790 790 790 789 789 789 804 804 804 803 803 803 788 788 788 802 802 802 790 790 790 803 803 803 806 806 806 805 805 805 785 785 785 783 783 783 780 780 780 806 806 806 805 805 805 804 804 804 786 786 786 782 782 782 781 781 781 780 780 780 804 804 804 788 788 788 787 787 787 805 805 805 786 786 786 785 785 785 786 786 786 804 804 804 787 787 787 806 806 806 784 784 784 783 783 783 781 781 781 782 782 782 777 777 777 782 782 782 780 780 780 783 783 783 784 784 784 806 806 806 785 785 785 810 810 810 809 809 809 829 829 829 810 810 810 828 828 828 830 830 830 832 832 832 831 831 831 825 825 825 821 821 821 833 833 833 822 822 822 823 823 823 833 833 833 832 832 832 831 831 831 830 830 830 826 826 826 823 823 823 822 822 822 833 833 833 830 830 830 828 828 828 827 827 827 809 809 809 808 808 808 829 829 829 810 810 810 829 829 829 828 828 828 832 832 832 824 824 824 823 823 823 831 831 831 826 826 826 825 825 825 832 832 832 825 825 825 824 824 824 826 826 826 830 830 830 827 827 827 819 819 819 834 834 834 820 820 820 834 834 834 821 821 821 820 820 820 835 835 835 834 834 834 819 819 819 833 833 833 821 821 821 834 834 834 837 837 837 836 836 836 816 816 816 814 814 814 811 811 811 837 837 837 836 836 836 835 835 835 817 817 817 813 813 813 812 812 812 811 811 811 835 835 835 819 819 819 818 818 818 836 836 836 817 817 817 816 816 816 817 817 817 835 835 835 818 818 818 837 837 837 815 815 815 814 814 814 812 812 812 813 813 813 807 807 807 813 813 813 811 811 811 814 814 814 815 815 815 837 837 837 816 816 816 840 840 840 838 838 838 841 841 841 841 841 841 839 839 839 840 840 840 843 843 843 844 844 844 845 845 845 861 861 861 863 863 863 864 864 864 861 861 861 855 855 855 850 850 850 860 860 860 861 861 861 864 864 864 855 855 855 853 853 853 850 850 850 859 859 859 862 862 862 850 850 850 855 855 855 861 861 861 860 860 860 857 857 857 867 867 867 866 866 866 852 852 852 846 846 846 857 857 857 857 857 857 866 866 866 865 865 865 846 846 846 867 867 867 857 857 857 852 852 852 847 847 847 846 846 846 851 851 851 853 853 853 852 852 852 850 850 850 853 853 853 851 851 851 873 873 873 872 872 872 854 854 854 858 858 858 869 869 869 868 868 868 854 854 854 851 851 851 856 856 856 869 869 869 849 849 849 848 848 848 857 857 857 856 856 856 852 852 852 871 871 871 870 870 870 858 858 858 880 880 880 881 881 881 886 886 886 881 881 881 882 882 882 885 885 885 879 879 879 880 880 880 878 878 878 880 880 880 876 876 876 878 878 878 885 885 885 882 882 882 883 883 883 881 881 881 885 885 885 886 886 886 876 876 876 880 880 880 886 886 886 877 877 877 878 878 878 876 876 876 876 876 876 874 874 874 875 875 875 876 876 876 886 886 886 874 874 874 885 885 885 883 883 883 884 884 884 887 887 887 904 904 904 888 888 888 904 904 904 905 905 905 903 903 903 906 906 906 907 907 907 901 901 901 908 908 908 909 909 909 899 899 899 907 907 907 908 908 908 900 900 900 905 905 905 906 906 906 902 902 902 909 909 909 910 910 910 898 898 898 910 910 910 911 911 911 897 897 897 911 911 911 912 912 912 896 896 896 894 894 894 889 889 889 913 913 913 914 914 914 915 915 915 892 892 892 893 893 893 913 913 913 914 914 914 912 912 912 889 889 889 895 895 895 913 913 913 893 893 893 894 894 894 891 891 891 892 892 892 915 915 915 916 916 916 933 933 933 917 917 917 933 933 933 934 934 934 932 932 932 930 930 930 935 935 935 918 918 918 936 936 936 937 937 937 928 928 928 918 918 918 936 936 936 929 929 929 931 931 931 934 934 934 935 935 935 927 927 927 928 928 928 937 937 937 930 930 930 931 931 931 935 935 935 938 938 938 939 939 939 926 926 926 939 939 939 940 940 940 925 925 925 941 941 941 942 942 942 923 923 923 943 943 943 944 944 944 921 921 921 942 942 942 943 943 943 922 922 922 940 940 940 941 941 941 924 924 924 920 920 920 921 921 921 944 944 944 946 946 946 948 948 948 947 947 947 950 950 950 949 949 949 951 951 951 954 954 954 953 953 953 955 955 955 959 959 959 960 960 960 957 957 957 964 964 964 963 963 963 961 961 961 966 966 966 968 968 968 967 967 967 980 980 980 969 969 969 979 979 979 978 978 978 979 979 979 969 969 969 969 969 969 977 977 977 978 978 978 977 977 977 969 969 969 976 976 976 981 981 981 970 970 970 980 980 980 969 969 969 980 980 980 970 970 970 970 970 970 982 982 982 983 983 983 970 970 970 981 981 981 982 982 982 972 972 972 970 970 970 983 983 983 971 971 971 975 975 975 976 976 976 973 973 973 974 974 974 971 971 971 975 975 975 971 971 971 974 974 974 971 971 971 976 976 976 969 969 969 972 972 972 984 984 984 985 985 985 972 972 972 986 986 986 973 973 973 971 971 971 972 972 972 973 973 973 985 985 985 986 986 986 972 972 972 983 983 983 984 984 984 972 972 972 988 988 988 987 987 987 989 989 989 992 992 992 991 991 991 993 993 993 1006 1006 1006 995 995 995 1005 1005 1005 1004 1004 1004 1005 1005 1005 995 995 995 995 995 995 1003 1003 1003 1004 1004 1004 1003 1003 1003 995 995 995 1002 1002 1002 1007 1007 1007 996 996 996 1006 1006 1006 995 995 995 1006 1006 1006 996 996 996 996 996 996 1008 1008 1008 1009 1009 1009 996 996 996 1007 1007 1007 1008 1008 1008 998 998 998 996 996 996 1009 1009 1009 997 997 997 1001 1001 1001 1002 1002 1002 999 999 999 1000 1000 1000 997 997 997 1001 1001 1001 997 997 997 1000 1000 1000 997 997 997 1002 1002 1002 995 995 995 998 998 998 1010 1010 1010 1011 1011 1011 998 998 998 1012 1012 1012 999 999 999 997 997 997 998 998 998 999 999 999 1011 1011 1011 1012 1012 1012 998 998 998 1009 1009 1009 1010 1010 1010 998 998 998 1019 1019 1019 1020 1020 1020 1025 1025 1025 1020 1020 1020 1021 1021 1021 1024 1024 1024 1018 1018 1018 1019 1019 1019 1017 1017 1017 1019 1019 1019 1015 1015 1015 1017 1017 1017 1024 1024 1024 1021 1021 1021 1022 1022 1022 1020 1020 1020 1024 1024 1024 1025 1025 1025 1015 1015 1015 1019 1019 1019 1025 1025 1025 1016 1016 1016 1017 1017 1017 1015 1015 1015 1015 1015 1015 1013 1013 1013 1014 1014 1014 1015 1015 1015 1025 1025 1025 1013 1013 1013 1024 1024 1024 1022 1022 1022 1023 1023 1023 1026 1026 1026 1031 1031 1031 1027 1027 1027 1031 1031 1031 1032 1032 1032 1054 1054 1054 1033 1033 1033 1034 1034 1034 1052 1052 1052 1035 1035 1035 1036 1036 1036 1050 1050 1050 1034 1034 1034 1035 1035 1035 1051 1051 1051 1032 1032 1032 1033 1033 1033 1053 1053 1053 1036 1036 1036 1037 1037 1037 1049 1049 1049 1037 1037 1037 1038 1038 1038 1048 1048 1048 1038 1038 1038 1039 1039 1039 1047 1047 1047 1045 1045 1045 1028 1028 1028 1040 1040 1040 1041 1041 1041 1042 1042 1042 1043 1043 1043 1044 1044 1044 1040 1040 1040 1041 1041 1041 1039 1039 1039 1028 1028 1028 1046 1046 1046 1040 1040 1040 1044 1044 1044 1045 1045 1045 1030 1030 1030 1043 1043 1043 1042 1042 1042 1055 1055 1055 1060 1060 1060 1056 1056 1056 1060 1060 1060 1061 1061 1061 1083 1083 1083 1081 1081 1081 1062 1062 1062 1057 1057 1057 1063 1063 1063 1064 1064 1064 1079 1079 1079 1057 1057 1057 1063 1063 1063 1080 1080 1080 1082 1082 1082 1061 1061 1061 1062 1062 1062 1078 1078 1078 1079 1079 1079 1064 1064 1064 1081 1081 1081 1082 1082 1082 1062 1062 1062 1065 1065 1065 1066 1066 1066 1077 1077 1077 1066 1066 1066 1067 1067 1067 1076 1076 1076 1068 1068 1068 1069 1069 1069 1074 1074 1074 1070 1070 1070 1071 1071 1071 1072 1072 1072 1069 1069 1069 1070 1070 1070 1073 1073 1073 1067 1067 1067 1068 1068 1068 1075 1075 1075 1059 1059 1059 1072 1072 1072 1071 1071 1071 1085 1085 1085 1087 1087 1087 1086 1086 1086 1089 1089 1089 1088 1088 1088 1090 1090 1090 1093 1093 1093 1092 1092 1092 1094 1094 1094 1098 1098 1098 1099 1099 1099 1096 1096 1096 1103 1103 1103 1102 1102 1102 1100 1100 1100 1105 1105 1105 1104 1104 1104 1106 1106 1106 1109 1109 1109 1111 1111 1111 1110 1110 1110 1124 1124 1124 1115 1115 1115 1126 1126 1126 1114 1114 1114 1115 1115 1115 1124 1124 1124 1118 1118 1118 1119 1119 1119 1122 1122 1122 1123 1123 1123 1118 1118 1118 1122 1122 1122 1122 1122 1122 1117 1117 1117 1120 1120 1120 1125 1125 1125 1114 1114 1114 1120 1120 1120 1116 1116 1116 1117 1117 1117 1119 1119 1119 1119 1119 1119 1121 1121 1121 1116 1116 1116 1123 1123 1123 1112 1112 1112 1118 1118 1118 1134 1134 1134 1123 1123 1123 1133 1133 1133 1135 1135 1135 1112 1112 1112 1123 1123 1123 1113 1113 1113 1118 1118 1118 1112 1112 1112 1134 1134 1134 1135 1135 1135 1123 1123 1123 1116 1116 1116 1129 1129 1129 1130 1130 1130 1129 1129 1129 1116 1116 1116 1121 1121 1121 1129 1129 1129 1121 1121 1121 1128 1128 1128 1127 1127 1127 1116 1116 1116 1130 1130 1130 1132 1132 1132 1131 1131 1131 1129 1129 1129 1128 1128 1128 1132 1132 1132 1129 1129 1129 1139 1139 1139 1136 1136 1136 1137 1137 1137 1141 1141 1141 1136 1136 1136 1139 1139 1139 1139 1139 1139 1137 1137 1137 1138 1138 1138 1163 1163 1163 1162 1162 1162 1170 1170 1170 1163 1163 1163 1170 1170 1170 1169 1169 1169 1161 1161 1161 1171 1171 1171 1162 1162 1162 1170 1170 1170 1162 1162 1162 1171 1171 1171 1171 1171 1171 1161 1161 1161 1172 1172 1172 1169 1169 1169 1164 1164 1164 1163 1163 1163 1146 1146 1146 1167 1167 1167 1149 1149 1149 1169 1169 1169 1146 1146 1146 1165 1165 1165 1146 1146 1146 1169 1169 1169 1168 1168 1168 1146 1146 1146 1168 1168 1168 1167 1167 1167 1166 1166 1166 1185 1185 1185 1167 1167 1167 1164 1164 1164 1169 1169 1169 1165 1165 1165 1160 1160 1160 1173 1173 1173 1161 1161 1161 1172 1172 1172 1161 1161 1161 1173 1173 1173 1174 1174 1174 1173 1173 1173 1160 1160 1160 1175 1175 1175 1159 1159 1159 1158 1158 1158 1160 1160 1160 1159 1159 1159 1174 1174 1174 1174 1174 1174 1159 1159 1159 1175 1175 1175 1177 1177 1177 1187 1187 1187 1178 1178 1178 1187 1187 1187 1177 1177 1177 1145 1145 1145 1145 1145 1145 1176 1176 1176 1158 1158 1158 1145 1145 1145 1144 1144 1144 1143 1143 1143 1176 1176 1176 1145 1145 1145 1177 1177 1177 1176 1176 1176 1175 1175 1175 1158 1158 1158 1186 1186 1186 1166 1166 1166 1178 1178 1178 1146 1146 1146 1149 1149 1149 1148 1148 1148 1183 1183 1183 1150 1150 1150 1149 1149 1149 1167 1167 1167 1185 1185 1185 1149 1149 1149 1149 1149 1149 1184 1184 1184 1183 1183 1183 1183 1183 1183 1182 1182 1182 1151 1151 1151 1151 1151 1151 1150 1150 1150 1183 1183 1183 1185 1185 1185 1184 1184 1184 1149 1149 1149 1181 1181 1181 1152 1152 1152 1182 1182 1182 1153 1153 1153 1152 1152 1152 1181 1181 1181 1181 1181 1181 1180 1180 1180 1153 1153 1153 1154 1154 1154 1153 1153 1153 1180 1180 1180 1151 1151 1151 1182 1182 1182 1152 1152 1152 1154 1154 1154 1180 1180 1180 1179 1179 1179 1187 1187 1187 1145 1145 1145 1142 1142 1142 1166 1166 1166 1186 1186 1186 1185 1185 1185 1142 1142 1142 1189 1189 1189 1188 1188 1188 1157 1157 1157 1189 1189 1189 1142 1142 1142 1187 1187 1187 1142 1142 1142 1188 1188 1188 1155 1155 1155 1179 1179 1179 1191 1191 1191 1154 1154 1154 1179 1179 1179 1155 1155 1155 1190 1190 1190 1155 1155 1155 1191 1191 1191 1156 1156 1156 1190 1190 1190 1189 1189 1189 1156 1156 1156 1189 1189 1189 1157 1157 1157 1156 1156 1156 1155 1155 1155 1190 1190 1190 1186 1186 1186 1178 1178 1178 1187 1187 1187 1195 1195 1195 1194 1194 1194 1193 1193 1193 1200 1200 1200 1199 1199 1199 1196 1196 1196 1198 1198 1198 1197 1197 1197 1200 1200 1200 1201 1201 1201 1200 1200 1200 1197 1197 1197 1196 1196 1196 1198 1198 1198 1200 1200 1200 1216 1216 1216 1202 1202 1202 1215 1215 1215 1211 1211 1211 1209 1209 1209 1210 1210 1210 1203 1203 1203 1202 1202 1202 1216 1216 1216 1206 1206 1206 1205 1205 1205 1207 1207 1207 1212 1212 1212 1208 1208 1208 1204 1204 1204 1207 1207 1207 1204 1204 1204 1208 1208 1208 1207 1207 1207 1205 1205 1205 1204 1204 1204 1212 1212 1212 1210 1210 1210 1208 1208 1208 1210 1210 1210 1212 1212 1212 1213 1213 1213 1214 1214 1214 1203 1203 1203 1216 1216 1216 1204 1204 1204 1214 1214 1214 1212 1212 1212 1214 1214 1214 1204 1204 1204 1203 1203 1203 1217 1217 1217 1218 1218 1218 1219 1219 1219 1222 1222 1222 1221 1221 1221 1224 1224 1224 1225 1225 1225 1227 1227 1227 1228 1228 1228 1238 1238 1238 1243 1243 1243 1240 1240 1240 1241 1241 1241 1240 1240 1240 1242 1242 1242 1234 1234 1234 1243 1243 1243 1238 1238 1238 1229 1229 1229 1243 1243 1243 1232 1232 1232 1234 1234 1234 1232 1232 1232 1243 1243 1243 1233 1233 1233 1229 1229 1229 1232 1232 1232 1239 1239 1239 1234 1234 1234 1238 1238 1238 1234 1234 1234 1239 1239 1239 1236 1236 1236 1242 1242 1242 1240 1240 1240 1243 1243 1243 1237 1237 1237 1235 1235 1235 1239 1239 1239 1229 1229 1229 1233 1233 1233 1230 1230 1230 1239 1239 1239 1235 1235 1235 1236 1236 1236 1233 1233 1233 1231 1231 1231 1230 1230 1230 1248 1248 1248 1246 1246 1246 1244 1244 1244 1246 1246 1246 1248 1248 1248 1245 1245 1245 1244 1244 1244 1247 1247 1247 1248 1248 1248 1250 1250 1250 1251 1251 1251 1252 1252 1252 1257 1257 1257 1254 1254 1254 1253 1253 1253 1254 1254 1254 1257 1257 1257 1255 1255 1255 1253 1253 1253 1256 1256 1256 1257 1257 1257 1258 1258 1258 1260 1260 1260 1261 1261 1261 1262 1262 1262 1264 1264 1264 1263 1263 1263 1267 1267 1267 1269 1269 1269 1268 1268 1268 1275 1275 1275 1274 1274 1274 1270 1270 1270 1272 1272 1272 1270 1270 1270 1274 1274 1274 1273 1273 1273 1275 1275 1275 1271 1271 1271 1270 1270 1270 1271 1271 1271 1275 1275 1275 1276 1276 1276 1272 1272 1272 1277 1277 1277 1274 1274 1274 1277 1277 1277 1272 1272 1272 1275 1275 1275 1273 1273 1273 1276 1276 1276 1272 1272 1272 1276 1276 1276 1273 1273 1273 1279 1279 1279 1281 1281 1281 1280 1280 1280 1285 1285 1285 1284 1284 1284 1283 1283 1283 1287 1287 1287 1289 1289 1289 1288 1288 1288 1291 1291 1291 1293 1293 1293 1292 1292 1292 1295 1295 1295 1297 1297 1297 1296 1296 1296 1299 1299 1299 1301 1301 1301 1300 1300 1300 1303 1303 1303 1305 1305 1305 1304 1304 1304 1307 1307 1307 1309 1309 1309 1308 1308 1308 1329 1329 1329 1313 1313 1313 1330 1330 1330 1314 1314 1314 1313 1313 1313 1329 1329 1329 1312 1312 1312 1330 1330 1330 1313 1313 1313 1329 1329 1329 1328 1328 1328 1314 1314 1314 1315 1315 1315 1314 1314 1314 1328 1328 1328 1327 1327 1327 1315 1315 1315 1328 1328 1328 1312 1312 1312 1311 1311 1311 1332 1332 1332 1330 1330 1330 1312 1312 1312 1331 1331 1331 1331 1331 1331 1312 1312 1312 1332 1332 1332 1311 1311 1311 1320 1320 1320 1333 1333 1333 1311 1311 1311 1333 1333 1333 1332 1332 1332 1310 1310 1310 1320 1320 1320 1311 1311 1311 1317 1317 1317 1327 1327 1327 1326 1326 1326 1315 1315 1315 1327 1327 1327 1316 1316 1316 1316 1316 1316 1327 1327 1327 1317 1317 1317 1318 1318 1318 1317 1317 1317 1325 1325 1325 1326 1326 1326 1325 1325 1325 1317 1317 1317 1324 1324 1324 1318 1318 1318 1325 1325 1325 1310 1310 1310 1323 1323 1323 1322 1322 1322 1310 1310 1310 1322 1322 1322 1321 1321 1321 1323 1323 1323 1310 1310 1310 1319 1319 1319 1318 1318 1318 1324 1324 1324 1319 1319 1319 1324 1324 1324 1323 1323 1323 1319 1319 1319 1320 1320 1320 1310 1310 1310 1321 1321 1321 1355 1355 1355 1354 1354 1354 1343 1343 1343 1334 1334 1334 1343 1343 1343 1354 1354 1354 1342 1342 1342 1355 1355 1355 1343 1343 1343 1334 1334 1334 1354 1354 1354 1353 1353 1353 1334 1334 1334 1353 1353 1353 1352 1352 1352 1352 1352 1352 1351 1351 1351 1334 1334 1334 1341 1341 1341 1356 1356 1356 1342 1342 1342 1355 1355 1355 1342 1342 1342 1356 1356 1356 1357 1357 1357 1356 1356 1356 1341 1341 1341 1340 1340 1340 1344 1344 1344 1357 1357 1357 1339 1339 1339 1344 1344 1344 1340 1340 1340 1341 1341 1341 1340 1340 1340 1357 1357 1357 1335 1335 1335 1351 1351 1351 1350 1350 1350 1335 1335 1335 1350 1350 1350 1349 1349 1349 1348 1348 1348 1336 1336 1336 1349 1349 1349 1335 1335 1335 1349 1349 1349 1336 1336 1336 1337 1337 1337 1336 1336 1336 1348 1348 1348 1335 1335 1335 1334 1334 1334 1351 1351 1351 1338 1338 1338 1345 1345 1345 1339 1339 1339 1346 1346 1346 1345 1345 1345 1338 1338 1338 1345 1345 1345 1344 1344 1344 1339 1339 1339 1346 1346 1346 1338 1338 1338 1337 1337 1337 1348 1348 1348 1347 1347 1347 1337 1337 1337 1347 1347 1347 1346 1346 1346 1337 1337 1337 1362 1362 1362 1358 1358 1358 1359 1359 1359 1361 1361 1361 1360 1360 1360 1362 1362 1362 1358 1358 1358 1362 1362 1362 1360 1360 1360 1367 1367 1367 1390 1390 1390 1368 1368 1368 1374 1374 1374 1391 1391 1391 1367 1367 1367 1390 1390 1390 1367 1367 1367 1391 1391 1391 1392 1392 1392 1391 1391 1391 1374 1374 1374 1372 1372 1372 1394 1394 1394 1393 1393 1393 1373 1373 1373 1393 1393 1393 1392 1392 1392 1373 1373 1373 1372 1372 1372 1393 1393 1393 1395 1395 1395 1394 1394 1394 1372 1372 1372 1372 1372 1372 1371 1371 1371 1395 1395 1395 1386 1386 1386 1382 1382 1382 1387 1387 1387 1374 1374 1374 1373 1373 1373 1392 1392 1392 1383 1383 1383 1385 1385 1385 1389 1389 1389 1385 1385 1385 1384 1384 1384 1389 1389 1389 1383 1383 1383 1389 1389 1389 1363 1363 1363 1385 1385 1385 1383 1383 1383 1386 1386 1386 1380 1380 1380 1388 1388 1388 1381 1381 1381 1388 1388 1388 1396 1396 1396 1371 1371 1371 1371 1371 1371 1396 1396 1396 1395 1395 1395 1402 1402 1402 1401 1401 1401 1376 1376 1376 1380 1380 1380 1397 1397 1397 1396 1396 1396 1377 1377 1377 1401 1401 1401 1400 1400 1400 1365 1365 1365 1364 1364 1364 1406 1406 1406 1365 1365 1365 1406 1406 1406 1405 1405 1405 1404 1404 1404 1403 1403 1403 1369 1369 1369 1404 1404 1404 1375 1375 1375 1405 1405 1405 1376 1376 1376 1403 1403 1403 1402 1402 1402 1366 1366 1366 1365 1365 1365 1405 1405 1405 1378 1378 1378 1399 1399 1399 1398 1398 1398 1379 1379 1379 1397 1397 1397 1380 1380 1380 1398 1398 1398 1379 1379 1379 1378 1378 1378 1399 1399 1399 1378 1378 1378 1400 1400 1400 1398 1398 1398 1397 1397 1397 1379 1379 1379 1370 1370 1370 1369 1369 1369 1403 1403 1403 1375 1375 1375 1404 1404 1404 1369 1369 1369 1378 1378 1378 1377 1377 1377 1400 1400 1400 1370 1370 1370 1403 1403 1403 1376 1376 1376 1377 1377 1377 1376 1376 1376 1401 1401 1401 1375 1375 1375 1366 1366 1366 1405 1405 1405 1388 1388 1388 1380 1380 1380 1396 1396 1396 1411 1411 1411 1434 1434 1434 1412 1412 1412 1435 1435 1435 1411 1411 1411 1410 1410 1410 1434 1434 1434 1411 1411 1411 1435 1435 1435 1435 1435 1435 1433 1433 1433 1436 1436 1436 1438 1438 1438 1437 1437 1437 1432 1432 1432 1437 1437 1437 1436 1436 1436 1414 1414 1414 1428 1428 1428 1444 1444 1444 1443 1443 1443 1440 1440 1440 1439 1439 1439 1431 1431 1431 1439 1439 1439 1438 1438 1438 1432 1432 1432 1433 1433 1433 1435 1435 1435 1410 1410 1410 1414 1414 1414 1413 1413 1413 1437 1437 1437 1413 1413 1413 1432 1432 1432 1437 1437 1437 1433 1433 1433 1414 1414 1414 1436 1436 1436 1430 1430 1430 1440 1440 1440 1431 1431 1431 1439 1439 1439 1432 1432 1432 1431 1431 1431 1442 1442 1442 1441 1441 1441 1430 1430 1430 1442 1442 1442 1430 1430 1430 1429 1429 1429 1443 1443 1443 1442 1442 1442 1429 1429 1429 1429 1429 1429 1428 1428 1428 1443 1443 1443 1440 1440 1440 1430 1430 1430 1441 1441 1441 1428 1428 1428 1421 1421 1421 1444 1444 1444 1446 1446 1446 1419 1419 1419 1447 1447 1447 1419 1419 1419 1445 1445 1445 1420 1420 1420 1444 1444 1444 1420 1420 1420 1445 1445 1445 1446 1446 1446 1445 1445 1445 1419 1419 1419 1419 1419 1419 1418 1418 1418 1447 1447 1447 1450 1450 1450 1449 1449 1449 1409 1409 1409 1417 1417 1417 1409 1409 1409 1449 1449 1449 1417 1417 1417 1448 1448 1448 1418 1418 1418 1447 1447 1447 1418 1418 1418 1448 1448 1448 1449 1449 1449 1448 1448 1448 1417 1417 1417 1409 1409 1409 1408 1408 1408 1450 1450 1450 1421 1421 1421 1428 1428 1428 1427 1427 1427 1426 1426 1426 1423 1423 1423 1422 1422 1422 1425 1425 1425 1424 1424 1424 1423 1423 1423 1416 1416 1416 1415 1415 1415 1424 1424 1424 1416 1416 1416 1424 1424 1424 1425 1425 1425 1425 1425 1425 1407 1407 1407 1416 1416 1416 1444 1444 1444 1421 1421 1421 1420 1420 1420 1451 1451 1451 1472 1472 1472 1471 1471 1471 1472 1472 1472 1451 1451 1451 1470 1470 1470 1470 1470 1470 1473 1473 1473 1472 1472 1472 1469 1469 1469 1474 1474 1474 1473 1473 1473 1469 1469 1469 1468 1468 1468 1474 1474 1474 1474 1474 1474 1468 1468 1468 1467 1467 1467 1475 1475 1475 1474 1474 1474 1467 1467 1467 1470 1470 1470 1469 1469 1469 1473 1473 1473 1488 1488 1488 1454 1454 1454 1453 1453 1453 1452 1452 1452 1488 1488 1488 1453 1453 1453 1487 1487 1487 1454 1454 1454 1488 1488 1488 1487 1487 1487 1455 1455 1455 1454 1454 1454 1486 1486 1486 1456 1456 1456 1455 1455 1455 1457 1457 1457 1456 1456 1456 1486 1486 1486 1487 1487 1487 1486 1486 1486 1455 1455 1455 1486 1486 1486 1485 1485 1485 1457 1457 1457 1466 1466 1466 1475 1475 1475 1467 1467 1467 1465 1465 1465 1476 1476 1476 1466 1466 1466 1475 1475 1475 1466 1466 1466 1476 1476 1476 1465 1465 1465 1464 1464 1464 1477 1477 1477 1477 1477 1477 1476 1476 1476 1465 1465 1465 1464 1464 1464 1463 1463 1463 1478 1478 1478 1462 1462 1462 1479 1479 1479 1463 1463 1463 1478 1478 1478 1463 1463 1463 1479 1479 1479 1480 1480 1480 1479 1479 1479 1462 1462 1462 1477 1477 1477 1464 1464 1464 1478 1478 1478 1483 1483 1483 1459 1459 1459 1484 1484 1484 1484 1484 1484 1458 1458 1458 1485 1485 1485 1458 1458 1458 1457 1457 1457 1485 1485 1485 1459 1459 1459 1458 1458 1458 1484 1484 1484 1483 1483 1483 1460 1460 1460 1459 1459 1459 1461 1461 1461 1481 1481 1481 1462 1462 1462 1480 1480 1480 1462 1462 1462 1481 1481 1481 1460 1460 1460 1483 1483 1483 1482 1482 1482 1481 1481 1481 1461 1461 1461 1482 1482 1482 1461 1461 1461 1460 1460 1460 1482 1482 1482 1493 1493 1493 1489 1489 1489 1492 1492 1492 1491 1491 1491 1490 1490 1490 1493 1493 1493 1489 1489 1489 1493 1493 1493 1490 1490 1490 1525 1525 1525 1524 1524 1524 1504 1504 1504 1523 1523 1523 1505 1505 1505 1524 1524 1524 1503 1503 1503 1526 1526 1526 1525 1525 1525 1502 1502 1502 1501 1501 1501 1527 1527 1527 1528 1528 1528 1527 1527 1527 1501 1501 1501 1503 1503 1503 1525 1525 1525 1504 1504 1504 1502 1502 1502 1526 1526 1526 1503 1503 1503 1502 1502 1502 1527 1527 1527 1526 1526 1526 1504 1504 1504 1524 1524 1524 1505 1505 1505 1522 1522 1522 1506 1506 1506 1505 1505 1505 1522 1522 1522 1521 1521 1521 1506 1506 1506 1507 1507 1507 1521 1521 1521 1520 1520 1520 1507 1507 1507 1506 1506 1506 1521 1521 1521 1523 1523 1523 1522 1522 1522 1505 1505 1505 1520 1520 1520 1519 1519 1519 1508 1508 1508 1518 1518 1518 1509 1509 1509 1519 1519 1519 1508 1508 1508 1519 1519 1519 1509 1509 1509 1509 1509 1509 1518 1518 1518 1510 1510 1510 1507 1507 1507 1520 1520 1520 1508 1508 1508 1529 1529 1529 1528 1528 1528 1500 1500 1500 1529 1529 1529 1499 1499 1499 1498 1498 1498 1498 1498 1498 1530 1530 1530 1529 1529 1529 1499 1499 1499 1529 1529 1529 1500 1500 1500 1496 1496 1496 1495 1495 1495 1531 1531 1531 1530 1530 1530 1497 1497 1497 1531 1531 1531 1496 1496 1496 1531 1531 1531 1497 1497 1497 1498 1498 1498 1497 1497 1497 1530 1530 1530 1512 1512 1512 1511 1511 1511 1517 1517 1517 1510 1510 1510 1517 1517 1517 1511 1511 1511 1516 1516 1516 1512 1512 1512 1517 1517 1517 1518 1518 1518 1517 1517 1517 1510 1510 1510 1515 1515 1515 1494 1494 1494 1513 1513 1513 1516 1516 1516 1515 1515 1515 1513 1513 1513 1514 1514 1514 1494 1494 1494 1515 1515 1515 1512 1512 1512 1516 1516 1516 1513 1513 1513 1528 1528 1528 1501 1501 1501 1500 1500 1500 1534 1534 1534 1533 1533 1533 1535 1535 1535 1537 1537 1537 1540 1540 1540 1541 1541 1541 1537 1537 1537 1539 1539 1539 1540 1540 1540 1542 1542 1542 1538 1538 1538 1536 1536 1536 1541 1541 1541 1542 1542 1542 1537 1537 1537 1536 1536 1536 1537 1537 1537 1542 1542 1542 1544 1544 1544 1547 1547 1547 1546 1546 1546 1544 1544 1544 1546 1546 1546 1545 1545 1545 1548 1548 1548 1543 1543 1543 1549 1549 1549 1547 1547 1547 1544 1544 1544 1548 1548 1548 1543 1543 1543 1548 1548 1548 1544 1544 1544 1550 1550 1550 1553 1553 1553 1551 1551 1551 1556 1556 1556 1560 1560 1560 1555 1555 1555 1554 1554 1554 1555 1555 1555 1560 1560 1560 1554 1554 1554 1558 1558 1558 1557 1557 1557 1554 1554 1554 1560 1560 1560 1559 1559 1559 1554 1554 1554 1559 1559 1559 1558 1558 1558 1562 1562 1562 1567 1567 1567 1566 1566 1566 1561 1561 1561 1566 1566 1566 1567 1567 1567 1561 1561 1561 1563 1563 1563 1564 1564 1564 1561 1561 1561 1565 1565 1565 1566 1566 1566 1561 1561 1561 1564 1564 1564 1565 1565 1565 1571 1571 1571 1590 1590 1590 1570 1570 1570 1571 1571 1571 1591 1591 1591 1589 1589 1589 1593 1593 1593 1586 1586 1586 1592 1592 1592 1582 1582 1582 1583 1583 1583 1594 1594 1594 1584 1584 1584 1593 1593 1593 1594 1594 1594 1592 1592 1592 1587 1587 1587 1591 1591 1591 1584 1584 1584 1594 1594 1594 1583 1583 1583 1591 1591 1591 1588 1588 1588 1589 1589 1589 1570 1570 1570 1590 1590 1590 1568 1568 1568 1571 1571 1571 1589 1589 1589 1590 1590 1590 1593 1593 1593 1584 1584 1584 1585 1585 1585 1592 1592 1592 1586 1586 1586 1587 1587 1587 1593 1593 1593 1585 1585 1585 1586 1586 1586 1587 1587 1587 1588 1588 1588 1591 1591 1591 1580 1580 1580 1581 1581 1581 1595 1595 1595 1595 1595 1595 1581 1581 1581 1582 1582 1582 1596 1596 1596 1580 1580 1580 1595 1595 1595 1594 1594 1594 1595 1595 1595 1582 1582 1582 1598 1598 1598 1577 1577 1577 1597 1597 1597 1575 1575 1575 1598 1598 1598 1572 1572 1572 1597 1597 1597 1578 1578 1578 1596 1596 1596 1574 1574 1574 1572 1572 1572 1573 1573 1573 1596 1596 1596 1579 1579 1579 1580 1580 1580 1597 1597 1597 1577 1577 1577 1578 1578 1578 1578 1578 1578 1579 1579 1579 1596 1596 1596 1598 1598 1598 1575 1575 1575 1576 1576 1576 1573 1573 1573 1569 1569 1569 1574 1574 1574 1574 1574 1574 1575 1575 1575 1572 1572 1572 1576 1576 1576 1577 1577 1577 1598 1598 1598 1602 1602 1602 1621 1621 1621 1601 1601 1601 1602 1602 1602 1622 1622 1622 1620 1620 1620 1624 1624 1624 1617 1617 1617 1623 1623 1623 1613 1613 1613 1614 1614 1614 1625 1625 1625 1615 1615 1615 1624 1624 1624 1625 1625 1625 1623 1623 1623 1618 1618 1618 1622 1622 1622 1615 1615 1615 1625 1625 1625 1614 1614 1614 1622 1622 1622 1619 1619 1619 1620 1620 1620 1601 1601 1601 1621 1621 1621 1600 1600 1600 1602 1602 1602 1620 1620 1620 1621 1621 1621 1624 1624 1624 1615 1615 1615 1616 1616 1616 1623 1623 1623 1617 1617 1617 1618 1618 1618 1624 1624 1624 1616 1616 1616 1617 1617 1617 1618 1618 1618 1619 1619 1619 1622 1622 1622 1611 1611 1611 1612 1612 1612 1626 1626 1626 1626 1626 1626 1612 1612 1612 1613 1613 1613 1627 1627 1627 1611 1611 1611 1626 1626 1626 1625 1625 1625 1626 1626 1626 1613 1613 1613 1629 1629 1629 1608 1608 1608 1628 1628 1628 1606 1606 1606 1629 1629 1629 1603 1603 1603 1628 1628 1628 1609 1609 1609 1627 1627 1627 1605 1605 1605 1603 1603 1603 1604 1604 1604 1627 1627 1627 1610 1610 1610 1611 1611 1611 1628 1628 1628 1608 1608 1608 1609 1609 1609 1609 1609 1609 1610 1610 1610 1627 1627 1627 1629 1629 1629 1606 1606 1606 1607 1607 1607 1604 1604 1604 1599 1599 1599 1605 1605 1605 1605 1605 1605 1606 1606 1606 1603 1603 1603 1607 1607 1607 1608 1608 1608 1629 1629 1629 1632 1632 1632 1633 1633 1633 1630 1630 1630 1633 1633 1633 1632 1632 1632 1631 1631 1631 1635 1635 1635 1634 1634 1634 1637 1637 1637 1653 1653 1653 1656 1656 1656 1655 1655 1655 1653 1653 1653 1654 1654 1654 1642 1642 1642 1652 1652 1652 1656 1656 1656 1653 1653 1653 1647 1647 1647 1642 1642 1642 1645 1645 1645 1651 1651 1651 1642 1642 1642 1654 1654 1654 1647 1647 1647 1652 1652 1652 1653 1653 1653 1649 1649 1649 1658 1658 1658 1659 1659 1659 1644 1644 1644 1649 1649 1649 1638 1638 1638 1649 1649 1649 1657 1657 1657 1658 1658 1658 1638 1638 1638 1649 1649 1649 1659 1659 1659 1644 1644 1644 1638 1638 1638 1639 1639 1639 1643 1643 1643 1648 1648 1648 1644 1644 1644 1642 1642 1642 1643 1643 1643 1645 1645 1645 1665 1665 1665 1660 1660 1660 1646 1646 1646 1650 1650 1650 1646 1646 1646 1660 1660 1660 1646 1646 1646 1650 1650 1650 1648 1648 1648 1661 1661 1661 1660 1660 1660 1640 1640 1640 1649 1649 1649 1644 1644 1644 1648 1648 1648 1663 1663 1663 1650 1650 1650 1662 1662 1662 1672 1672 1672 1678 1678 1678 1673 1673 1673 1673 1673 1673 1677 1677 1677 1674 1674 1674 1671 1671 1671 1670 1670 1670 1672 1672 1672 1672 1672 1672 1670 1670 1670 1668 1668 1668 1677 1677 1677 1675 1675 1675 1674 1674 1674 1673 1673 1673 1678 1678 1678 1677 1677 1677 1668 1668 1668 1678 1678 1678 1672 1672 1672 1669 1669 1669 1668 1668 1668 1670 1670 1670 1668 1668 1668 1667 1667 1667 1666 1666 1666 1668 1668 1668 1666 1666 1666 1678 1678 1678 1677 1677 1677 1676 1676 1676 1675 1675 1675 1679 1679 1679 1680 1680 1680 1696 1696 1696 1696 1696 1696 1695 1695 1695 1697 1697 1697 1698 1698 1698 1693 1693 1693 1699 1699 1699 1700 1700 1700 1691 1691 1691 1701 1701 1701 1699 1699 1699 1692 1692 1692 1700 1700 1700 1697 1697 1697 1694 1694 1694 1698 1698 1698 1701 1701 1701 1690 1690 1690 1702 1702 1702 1702 1702 1702 1689 1689 1689 1703 1703 1703 1703 1703 1703 1688 1688 1688 1704 1704 1704 1686 1686 1686 1705 1705 1705 1681 1681 1681 1706 1706 1706 1685 1685 1685 1684 1684 1684 1685 1685 1685 1706 1706 1706 1705 1705 1705 1704 1704 1704 1687 1687 1687 1681 1681 1681 1705 1705 1705 1686 1686 1686 1685 1685 1685 1683 1683 1683 1682 1682 1682 1707 1707 1707 1708 1708 1708 1709 1709 1709 1725 1725 1725 1725 1725 1725 1724 1724 1724 1726 1726 1726 1722 1722 1722 1710 1710 1710 1727 1727 1727 1728 1728 1728 1721 1721 1721 1720 1720 1720 1710 1710 1710 1722 1722 1722 1721 1721 1721 1723 1723 1723 1727 1727 1727 1726 1726 1726 1719 1719 1719 1730 1730 1730 1729 1729 1729 1722 1722 1722 1727 1727 1727 1723 1723 1723 1730 1730 1730 1719 1719 1719 1718 1718 1718 1731 1731 1731 1718 1718 1718 1717 1717 1717 1733 1733 1733 1716 1716 1716 1715 1715 1715 1735 1735 1735 1714 1714 1714 1713 1713 1713 1734 1734 1734 1715 1715 1715 1714 1714 1714 1732 1732 1732 1717 1717 1717 1716 1716 1716 1712 1712 1712 1711 1711 1711 1736 1736 1736 1738 1738 1738 1737 1737 1737 1739 1739 1739 1742 1742 1742 1744 1744 1744 1743 1743 1743 1746 1746 1746 1748 1748 1748 1747 1747 1747 1751 1751 1751 1750 1750 1750 1749 1749 1749 1756 1756 1756 1754 1754 1754 1753 1753 1753 1758 1758 1758 1757 1757 1757 1759 1759 1759 1772 1772 1772 1771 1771 1771 1761 1761 1761 1770 1770 1770 1761 1761 1761 1771 1771 1771 1761 1761 1761 1770 1770 1770 1769 1769 1769 1769 1769 1769 1768 1768 1768 1761 1761 1761 1773 1773 1773 1772 1772 1772 1762 1762 1762 1761 1761 1761 1762 1762 1762 1772 1772 1772 1762 1762 1762 1775 1775 1775 1774 1774 1774 1762 1762 1762 1774 1774 1774 1773 1773 1773 1764 1764 1764 1775 1775 1775 1762 1762 1762 1763 1763 1763 1768 1768 1768 1767 1767 1767 1765 1765 1765 1763 1763 1763 1766 1766 1766 1767 1767 1767 1766 1766 1766 1763 1763 1763 1763 1763 1763 1761 1761 1761 1768 1768 1768 1764 1764 1764 1777 1777 1777 1776 1776 1776 1764 1764 1764 1765 1765 1765 1778 1778 1778 1763 1763 1763 1765 1765 1765 1764 1764 1764 1777 1777 1777 1764 1764 1764 1778 1778 1778 1775 1775 1775 1764 1764 1764 1776 1776 1776 1780 1780 1780 1782 1782 1782 1781 1781 1781 1784 1784 1784 1786 1786 1786 1785 1785 1785 1798 1798 1798 1797 1797 1797 1787 1787 1787 1796 1796 1796 1787 1787 1787 1797 1797 1797 1787 1787 1787 1796 1796 1796 1795 1795 1795 1795 1795 1795 1794 1794 1794 1787 1787 1787 1799 1799 1799 1798 1798 1798 1788 1788 1788 1787 1787 1787 1788 1788 1788 1798 1798 1798 1788 1788 1788 1801 1801 1801 1800 1800 1800 1788 1788 1788 1800 1800 1800 1799 1799 1799 1790 1790 1790 1801 1801 1801 1788 1788 1788 1789 1789 1789 1794 1794 1794 1793 1793 1793 1791 1791 1791 1789 1789 1789 1792 1792 1792 1793 1793 1793 1792 1792 1792 1789 1789 1789 1789 1789 1789 1787 1787 1787 1794 1794 1794 1790 1790 1790 1803 1803 1803 1802 1802 1802 1790 1790 1790 1791 1791 1791 1804 1804 1804 1789 1789 1789 1791 1791 1791 1790 1790 1790 1803 1803 1803 1790 1790 1790 1804 1804 1804 1801 1801 1801 1790 1790 1790 1802 1802 1802 1811 1811 1811 1817 1817 1817 1812 1812 1812 1812 1812 1812 1816 1816 1816 1813 1813 1813 1810 1810 1810 1809 1809 1809 1811 1811 1811 1811 1811 1811 1809 1809 1809 1807 1807 1807 1816 1816 1816 1814 1814 1814 1813 1813 1813 1812 1812 1812 1817 1817 1817 1816 1816 1816 1807 1807 1807 1817 1817 1817 1811 1811 1811 1808 1808 1808 1807 1807 1807 1809 1809 1809 1807 1807 1807 1806 1806 1806 1805 1805 1805 1807 1807 1807 1805 1805 1805 1817 1817 1817 1816 1816 1816 1815 1815 1815 1814 1814 1814 1818 1818 1818 1819 1819 1819 1823 1823 1823 1823 1823 1823 1846 1846 1846 1824 1824 1824 1825 1825 1825 1844 1844 1844 1826 1826 1826 1827 1827 1827 1842 1842 1842 1828 1828 1828 1826 1826 1826 1843 1843 1843 1827 1827 1827 1824 1824 1824 1845 1845 1845 1825 1825 1825 1828 1828 1828 1841 1841 1841 1829 1829 1829 1829 1829 1829 1840 1840 1840 1830 1830 1830 1830 1830 1830 1839 1839 1839 1831 1831 1831 1837 1837 1837 1832 1832 1832 1820 1820 1820 1833 1833 1833 1836 1836 1836 1835 1835 1835 1836 1836 1836 1833 1833 1833 1832 1832 1832 1831 1831 1831 1838 1838 1838 1820 1820 1820 1832 1832 1832 1837 1837 1837 1836 1836 1836 1822 1822 1822 1821 1821 1821 1834 1834 1834 1847 1847 1847 1848 1848 1848 1852 1852 1852 1852 1852 1852 1875 1875 1875 1853 1853 1853 1873 1873 1873 1849 1849 1849 1854 1854 1854 1855 1855 1855 1872 1872 1872 1871 1871 1871 1849 1849 1849 1873 1873 1873 1872 1872 1872 1874 1874 1874 1854 1854 1854 1853 1853 1853 1870 1870 1870 1857 1857 1857 1856 1856 1856 1873 1873 1873 1854 1854 1854 1874 1874 1874 1857 1857 1857 1870 1870 1870 1869 1869 1869 1858 1858 1858 1869 1869 1869 1868 1868 1868 1860 1860 1860 1867 1867 1867 1866 1866 1866 1862 1862 1862 1865 1865 1865 1864 1864 1864 1861 1861 1861 1866 1866 1866 1865 1865 1865 1859 1859 1859 1868 1868 1868 1867 1867 1867 1851 1851 1851 1850 1850 1850 1863 1863 1863 1877 1877 1877 1876 1876 1876 1878 1878 1878 1881 1881 1881 1883 1883 1883 1882 1882 1882 1885 1885 1885 1887 1887 1887 1886 1886 1886 1890 1890 1890 1889 1889 1889 1888 1888 1888 1895 1895 1895 1893 1893 1893 1892 1892 1892 1897 1897 1897 1899 1899 1899 1898 1898 1898 1901 1901 1901 1900 1900 1900 1902 1902 1902 1916 1916 1916 1918 1918 1918 1907 1907 1907 1906 1906 1906 1912 1912 1912 1916 1916 1916 1910 1910 1910 1914 1914 1914 1911 1911 1911 1915 1915 1915 1914 1914 1914 1910 1910 1910 1914 1914 1914 1916 1916 1916 1912 1912 1912 1917 1917 1917 1912 1912 1912 1906 1906 1906 1908 1908 1908 1911 1911 1911 1909 1909 1909 1911 1911 1911 1908 1908 1908 1913 1913 1913 1915 1915 1915 1910 1910 1910 1904 1904 1904 1926 1926 1926 1925 1925 1925 1915 1915 1915 1927 1927 1927 1915 1915 1915 1904 1904 1904 1905 1905 1905 1904 1904 1904 1910 1910 1910 1926 1926 1926 1915 1915 1915 1927 1927 1927 1908 1908 1908 1922 1922 1922 1921 1921 1921 1921 1921 1921 1913 1913 1913 1908 1908 1908 1921 1921 1921 1920 1920 1920 1913 1913 1913 1919 1919 1919 1922 1922 1922 1908 1908 1908 1924 1924 1924 1921 1921 1921 1923 1923 1923 1920 1920 1920 1921 1921 1921 1924 1924 1924 1 1 1 2 2 2 3 3 3 5 5 5 6 6 6 7 7 7 9 9 9 10 10 10 8 8 8 46 46 46 28 28 28 52 52 52 15 15 15 58 58 58 34 34 34 65 65 65 66 66 66 64 64 64 69 69 69 70 70 70 71 71 71 73 73 73 74 74 74 72 72 72 77 77 77 78 78 78 79 79 79 81 81 81 82 82 82 80 80 80 85 85 85 86 86 86 84 84 84 89 89 89 90 90 90 91 91 91 93 93 93 94 94 94 92 92 92 97 97 97 98 98 98 99 99 99 101 101 101 102 102 102 103 103 103 105 105 105 106 106 106 107 107 107 109 109 109 110 110 110 111 111 111 113 113 113 114 114 114 115 115 115 117 117 117 118 118 118 119 119 119 121 121 121 122 122 122 123 123 123 125 125 125 126 126 126 127 127 127 129 129 129 130 130 130 131 131 131 133 133 133 134 134 134 135 135 135 137 137 137 138 138 138 139 139 139 141 141 141 142 142 142 143 143 143 146 146 146 156 156 156 147 147 147 154 154 154 149 149 149 151 151 151 154 154 154 152 152 152 149 149 149 170 170 170 169 169 169 171 171 171 172 172 172 171 171 171 173 173 173 176 176 176 175 175 175 177 177 177 178 178 178 177 177 177 179 179 179 174 174 174 173 173 173 175 175 175 180 180 180 179 179 179 181 181 181 184 184 184 183 183 183 185 185 185 186 186 186 185 185 185 187 187 187 190 190 190 189 189 189 191 191 191 192 192 192 191 191 191 193 193 193 188 188 188 187 187 187 189 189 189 182 182 182 181 181 181 183 183 183 196 196 196 195 195 195 197 197 197 198 198 198 197 197 197 199 199 199 202 202 202 201 201 201 203 203 203 204 204 204 203 203 203 205 205 205 200 200 200 199 199 199 201 201 201 206 206 206 205 205 205 207 207 207 210 210 210 209 209 209 211 211 211 212 212 212 211 211 211 213 213 213 216 216 216 215 215 215 217 217 217 218 218 218 217 217 217 219 219 219 214 214 214 213 213 213 215 215 215 208 208 208 207 207 207 209 209 209 246 246 246 245 245 245 247 247 247 248 248 248 247 247 247 249 249 249 252 252 252 251 251 251 253 253 253 254 254 254 253 253 253 255 255 255 250 250 250 249 249 249 251 251 251 256 256 256 255 255 255 257 257 257 260 260 260 259 259 259 261 261 261 262 262 262 261 261 261 263 263 263 266 266 266 265 265 265 267 267 267 268 268 268 267 267 267 269 269 269 264 264 264 263 263 263 265 265 265 258 258 258 257 257 257 259 259 259 272 272 272 271 271 271 273 273 273 274 274 274 273 273 273 275 275 275 278 278 278 277 277 277 279 279 279 280 280 280 279 279 279 281 281 281 276 276 276 275 275 275 277 277 277 282 282 282 281 281 281 283 283 283 286 286 286 285 285 285 287 287 287 288 288 288 287 287 287 289 289 289 292 292 292 291 291 291 293 293 293 294 294 294 293 293 293 295 295 295 290 290 290 289 289 289 291 291 291 284 284 284 283 283 283 285 285 285 332 332 332 322 322 322 323 323 323 327 327 327 325 325 325 330 330 330 328 328 328 330 330 330 325 325 325 347 347 347 346 346 346 345 345 345 353 353 353 351 351 351 352 352 352 354 354 354 356 356 356 357 357 357 403 403 403 401 401 401 402 402 402 419 419 419 418 418 418 417 417 417 425 425 425 427 427 427 426 426 426 430 430 430 432 432 432 429 429 429 436 436 436 434 434 434 435 435 435 458 458 458 460 460 460 459 459 459 469 469 469 467 467 467 468 468 468 470 470 470 471 471 471 472 472 472 475 475 475 476 476 476 477 477 477 487 487 487 488 488 488 489 489 489 493 493 493 491 491 491 492 492 492 495 495 495 496 496 496 497 497 497 499 499 499 500 500 500 501 501 501 503 503 503 504 504 504 505 505 505 507 507 507 508 508 508 509 509 509 511 511 511 512 512 512 513 513 513 515 515 515 516 516 516 517 517 517 595 595 595 589 589 589 590 590 590 594 594 594 590 590 590 591 591 591 589 589 589 595 595 595 596 596 596 629 629 629 635 635 635 636 636 636 634 634 634 630 630 630 631 631 631 633 633 633 631 631 631 632 632 632 742 742 742 743 743 743 741 741 741 759 759 759 760 760 760 761 761 761 843 843 843 845 845 845 842 842 842 861 861 861 850 850 850 862 862 862 851 851 851 852 852 852 856 856 856 873 873 873 854 854 854 868 868 868 858 858 858 868 868 868 854 854 854 854 854 854 856 856 856 858 858 858 869 869 869 848 848 848 868 868 868 870 870 870 869 869 869 858 858 858 904 904 904 903 903 903 888 888 888 905 905 905 902 902 902 903 903 903 907 907 907 900 900 900 901 901 901 909 909 909 898 898 898 899 899 899 908 908 908 899 899 899 900 900 900 906 906 906 901 901 901 902 902 902 910 910 910 897 897 897 898 898 898 911 911 911 896 896 896 897 897 897 912 912 912 895 895 895 896 896 896 914 914 914 892 892 892 893 893 893 889 889 889 894 894 894 895 895 895 891 891 891 915 915 915 890 890 890 933 933 933 932 932 932 917 917 917 934 934 934 931 931 931 932 932 932 936 936 936 928 928 928 929 929 929 918 918 918 929 929 929 930 930 930 927 927 927 937 937 937 938 938 938 938 938 938 926 926 926 927 927 927 939 939 939 925 925 925 926 926 926 941 941 941 923 923 923 924 924 924 943 943 943 921 921 921 922 922 922 942 942 942 922 922 922 923 923 923 940 940 940 924 924 924 925 925 925 920 920 920 944 944 944 919 919 919 946 946 946 947 947 947 945 945 945 950 950 950 951 951 951 952 952 952 954 954 954 955 955 955 956 956 956 959 959 959 957 957 957 958 958 958 964 964 964 961 961 961 962 962 962 966 966 966 967 967 967 965 965 965 988 988 988 989 989 989 990 990 990 992 992 992 993 993 993 994 994 994 1031 1031 1031 1054 1054 1054 1027 1027 1027 1032 1032 1032 1053 1053 1053 1054 1054 1054 1034 1034 1034 1051 1051 1051 1052 1052 1052 1036 1036 1036 1049 1049 1049 1050 1050 1050 1035 1035 1035 1050 1050 1050 1051 1051 1051 1033 1033 1033 1052 1052 1052 1053 1053 1053 1037 1037 1037 1048 1048 1048 1049 1049 1049 1038 1038 1038 1047 1047 1047 1048 1048 1048 1039 1039 1039 1046 1046 1046 1047 1047 1047 1041 1041 1041 1043 1043 1043 1044 1044 1044 1028 1028 1028 1045 1045 1045 1046 1046 1046 1030 1030 1030 1042 1042 1042 1029 1029 1029 1060 1060 1060 1083 1083 1083 1056 1056 1056 1061 1061 1061 1082 1082 1082 1083 1083 1083 1063 1063 1063 1079 1079 1079 1080 1080 1080 1057 1057 1057 1080 1080 1080 1081 1081 1081 1078 1078 1078 1064 1064 1064 1065 1065 1065 1065 1065 1065 1077 1077 1077 1078 1078 1078 1066 1066 1066 1076 1076 1076 1077 1077 1077 1068 1068 1068 1074 1074 1074 1075 1075 1075 1070 1070 1070 1072 1072 1072 1073 1073 1073 1069 1069 1069 1073 1073 1073 1074 1074 1074 1067 1067 1067 1075 1075 1075 1076 1076 1076 1059 1059 1059 1071 1071 1071 1058 1058 1058 1085 1085 1085 1086 1086 1086 1084 1084 1084 1089 1089 1089 1090 1090 1090 1091 1091 1091 1093 1093 1093 1094 1094 1094 1095 1095 1095 1098 1098 1098 1096 1096 1096 1097 1097 1097 1103 1103 1103 1100 1100 1100 1101 1101 1101 1105 1105 1105 1106 1106 1106 1107 1107 1107 1109 1109 1109 1110 1110 1110 1108 1108 1108 1114 1114 1114 1124 1124 1124 1120 1120 1120 1119 1119 1119 1117 1117 1117 1122 1122 1122 1122 1122 1122 1120 1120 1120 1124 1124 1124 1139 1139 1139 1138 1138 1138 1140 1140 1140 1145 1145 1145 1143 1143 1143 1142 1142 1142 1146 1146 1146 1148 1148 1148 1147 1147 1147 1195 1195 1195 1193 1193 1193 1192 1192 1192 1211 1211 1211 1210 1210 1210 1213 1213 1213 1217 1217 1217 1219 1219 1219 1220 1220 1220 1222 1222 1222 1224 1224 1224 1223 1223 1223 1227 1227 1227 1226 1226 1226 1228 1228 1228 1250 1250 1250 1252 1252 1252 1249 1249 1249 1260 1260 1260 1259 1259 1259 1261 1261 1261 1262 1262 1262 1263 1263 1263 1265 1265 1265 1267 1267 1267 1268 1268 1268 1266 1266 1266 1279 1279 1279 1280 1280 1280 1278 1278 1278 1285 1285 1285 1283 1283 1283 1282 1282 1282 1287 1287 1287 1288 1288 1288 1286 1286 1286 1291 1291 1291 1292 1292 1292 1290 1290 1290 1295 1295 1295 1296 1296 1296 1294 1294 1294 1299 1299 1299 1300 1300 1300 1298 1298 1298 1303 1303 1303 1304 1304 1304 1302 1302 1302 1307 1307 1307 1308 1308 1308 1306 1306 1306 1382 1382 1382 1381 1381 1381 1387 1387 1387 1383 1383 1383 1382 1382 1382 1386 1386 1386 1388 1388 1388 1387 1387 1387 1381 1381 1381 1421 1421 1421 1427 1427 1427 1422 1422 1422 1426 1426 1426 1422 1422 1422 1427 1427 1427 1425 1425 1425 1423 1423 1423 1426 1426 1426 1534 1534 1534 1535 1535 1535 1532 1532 1532 1553 1553 1553 1552 1552 1552 1551 1551 1551 1635 1635 1635 1637 1637 1637 1636 1636 1636 1653 1653 1653 1642 1642 1642 1647 1647 1647 1643 1643 1643 1644 1644 1644 1645 1645 1645 1665 1665 1665 1646 1646 1646 1664 1664 1664 1650 1650 1650 1660 1660 1660 1661 1661 1661 1646 1646 1646 1648 1648 1648 1643 1643 1643 1661 1661 1661 1640 1640 1640 1641 1641 1641 1650 1650 1650 1661 1661 1661 1662 1662 1662 1680 1680 1680 1695 1695 1695 1696 1696 1696 1695 1695 1695 1694 1694 1694 1697 1697 1697 1693 1693 1693 1692 1692 1692 1699 1699 1699 1691 1691 1691 1690 1690 1690 1701 1701 1701 1692 1692 1692 1691 1691 1691 1700 1700 1700 1694 1694 1694 1693 1693 1693 1698 1698 1698 1690 1690 1690 1689 1689 1689 1702 1702 1702 1689 1689 1689 1688 1688 1688 1703 1703 1703 1688 1688 1688 1687 1687 1687 1704 1704 1704 1706 1706 1706 1684 1684 1684 1707 1707 1707 1687 1687 1687 1686 1686 1686 1681 1681 1681 1683 1683 1683 1707 1707 1707 1684 1684 1684 1709 1709 1709 1724 1724 1724 1725 1725 1725 1724 1724 1724 1723 1723 1723 1726 1726 1726 1728 1728 1728 1720 1720 1720 1729 1729 1729 1710 1710 1710 1721 1721 1721 1728 1728 1728 1719 1719 1719 1729 1729 1729 1720 1720 1720 1730 1730 1730 1718 1718 1718 1731 1731 1731 1731 1731 1731 1717 1717 1717 1732 1732 1732 1733 1733 1733 1715 1715 1715 1734 1734 1734 1735 1735 1735 1713 1713 1713 1736 1736 1736 1734 1734 1734 1714 1714 1714 1735 1735 1735 1732 1732 1732 1716 1716 1716 1733 1733 1733 1712 1712 1712 1736 1736 1736 1713 1713 1713 1738 1738 1738 1739 1739 1739 1740 1740 1740 1742 1742 1742 1743 1743 1743 1741 1741 1741 1746 1746 1746 1747 1747 1747 1745 1745 1745 1751 1751 1751 1749 1749 1749 1752 1752 1752 1756 1756 1756 1753 1753 1753 1755 1755 1755 1758 1758 1758 1759 1759 1759 1760 1760 1760 1780 1780 1780 1781 1781 1781 1779 1779 1779 1784 1784 1784 1785 1785 1785 1783 1783 1783 1819 1819 1819 1846 1846 1846 1823 1823 1823 1846 1846 1846 1845 1845 1845 1824 1824 1824 1844 1844 1844 1843 1843 1843 1826 1826 1826 1842 1842 1842 1841 1841 1841 1828 1828 1828 1843 1843 1843 1842 1842 1842 1827 1827 1827 1845 1845 1845 1844 1844 1844 1825 1825 1825 1841 1841 1841 1840 1840 1840 1829 1829 1829 1840 1840 1840 1839 1839 1839 1830 1830 1830 1839 1839 1839 1838 1838 1838 1831 1831 1831 1833 1833 1833 1835 1835 1835 1834 1834 1834 1838 1838 1838 1837 1837 1837 1820 1820 1820 1822 1822 1822 1834 1834 1834 1835 1835 1835 1848 1848 1848 1875 1875 1875 1852 1852 1852 1875 1875 1875 1874 1874 1874 1853 1853 1853 1855 1855 1855 1871 1871 1871 1856 1856 1856 1849 1849 1849 1872 1872 1872 1855 1855 1855 1870 1870 1870 1856 1856 1856 1871 1871 1871 1857 1857 1857 1869 1869 1869 1858 1858 1858 1858 1858 1858 1868 1868 1868 1859 1859 1859 1860 1860 1860 1866 1866 1866 1861 1861 1861 1862 1862 1862 1864 1864 1864 1863 1863 1863 1861 1861 1861 1865 1865 1865 1862 1862 1862 1859 1859 1859 1867 1867 1867 1860 1860 1860 1851 1851 1851 1863 1863 1863 1864 1864 1864 1877 1877 1877 1878 1878 1878 1879 1879 1879 1881 1881 1881 1882 1882 1882 1880 1880 1880 1885 1885 1885 1886 1886 1886 1884 1884 1884 1890 1890 1890 1888 1888 1888 1891 1891 1891 1895 1895 1895 1892 1892 1892 1894 1894 1894 1897 1897 1897 1898 1898 1898 1896 1896 1896 1901 1901 1901 1902 1902 1902 1903 1903 1903 1906 1906 1906 1916 1916 1916 1907 1907 1907 1914 1914 1914 1909 1909 1909 1911 1911 1911 1914 1914 1914 1912 1912 1912 1909 1909 1909</p>
        </triangles>
      </mesh>
    </geometry>
  </library_geometries>
  <library_visual_scenes>
    <visual_scene id="VisualSceneNode">
      <node id="View-Perspective" name="View-Perspective">
        <matrix>0.975914 0.030739 -0.215979 -390.904810 -0.218156 0.137511 -0.966178 -5948.264719 0.000000 0.990023 0.140904 165.786247 0.000000 0.000000 0.000000 1.000000</matrix>
        <instance_camera url="#Camera-Perspective" />
      </node>
      <node id="View-Top" name="View-Top">
        <matrix>1.000000 0.000000 -0.000000 981.201378 -0.000000 1.000000 -0.000000 -389.327361 0.000000 0.000000 1.000000 7884.921275 0.000000 0.000000 0.000000 1.000000</matrix>
        <instance_camera url="#Camera-Top" />
      </node>
      <node id="View-Front" name="View-Front">
        <matrix>1.000000 0.000000 -0.000000 4121.207754 0.000000 0.000000 -1.000000 -9651.456073 0.000000 1.000000 -0.000000 -1116.286906 0.000000 0.000000 0.000000 1.000000</matrix>
        <instance_camera url="#Camera-Front" />
      </node>
      <node id="View-Right" name="View-Right">
        <matrix>0.000000 0.000000 1.000000 10561.701517 1.000000 0.000000 -0.000000 -0.980270 -0.000000 1.000000 -0.000000 298.290460 0.000000 0.000000 0.000000 1.000000</matrix>
        <instance_camera url="#Camera-Right" />
      </node>
      <node id="db5b4f1e-3951-440d-b1fb-eafa82c97833" name="Mesh">
        <instance_geometry url="#mesh-a2bb1ed8-3f30-4347-a0af-a6ce1ebe0f34">
          <bind_material>
            <technique_common>
              <instance_material symbol="material-a0000000-0000-0000-0000-000000000000" target="#a0000000-0000-0000-0000-000000000000" />
            </technique_common>
          </bind_material>
        </instance_geometry>
      </node>
    </visual_scene>
  </library_visual_scenes>
  <scene>
    <instance_visual_scene url="#VisualSceneNode" />
  </scene>
</COLLADA>